0.00535516 0.00535516 0.00535516 0.00535516 0.00535516 0.00535516 0.00535516 0.00535516 0.00535516 0.00535516 0.00535516 0.00535516 0.00535516 0.00535516 0.00535516 0.00535516 0.00535516 0.00535516 0.00535516 0.00535516 0.00535516 0.00535516 0.00535516 0.00535516 0.00535516 0.00535516 0.00535516 0.00535516 0.00535516 0.00535516 0.00535516 0.00535516 0.00535516 0.00535516 0.00535516 0.00535516 0.00535516 0.00535516 0.00535516 0.00535516 0.00535516 0.00535516 0.00535516 0.00535516 0.00535516 0.00535516 0.00535516 0.00535516 0.00535516 0.00535516 0.00535516 0.00535516 0.00535516 0.00535516 0.00535516 0.00535516 0.00535516 0.00535516 0.00535516 0.00535516 0.00535516 0.00535516 0.00535516 0.00535516 0.00535516 0.00535516 0.00535516 0.00535516 0.00535516 0.00535516 0.00535516 0.00535516 0.00535516 0.00535516 0.00535516 0.00535516 0.00535516 0.00535516 0.00535516 0.00535516 0.00535516 0.00535516 0.00535516 0.00535516 0.00535516 0.00535516 0.00535516 0.00535516 0.00535516 0.00535517 0.00535518 0.0053552 0.00535526 0.0053554 0.0053557 0.00535636 0.00535769 0.00536031 0.00536521 0.00537394 0.00538875 0.0054126 0.00544893 0.00550098 0.00557037 0.00565452 0.00574212 0.00580534 0.00578867 0.00559864 0.00510708 0.00418415 0.00276263 0.000903008 -0.00119245 -0.00324181 -0.00498703 -0.00626925 -0.00703457 -0.00728682 -0.00703457 -0.00626925 -0.00498703 -0.00324181 -0.00119245 0.000903008 0.00276263 0.00418415 0.00510708 0.00559864 0.00578867 0.00580534 0.00574212 0.00565452 0.00557037 0.00550098 0.00544893 0.0054126 0.00538875 0.00537394 0.00536521 0.00536031 0.00535769 0.00535636 0.0053557 0.0053554 0.00535526 0.0053552 0.00535518 0.00535517 0.00535516 0.00535516 0.00535516 0.00535516 0.00535516 0.00535516 0.00535516 0.00535516 0.00535516 0.00535516 0.00535516 0.00535516 0.00535516 0.00535516 0.00535516 0.00535516 0.00535516 0.00535516 0.00535516 0.00535516 0.00535516 0.00535516 0.00535516 0.00535516 0.00535516 0.00535516 0.00535516 0.00535516 0.00535516 0.00535516 0.00535516 0.00535516 0.00535516 0.00535516 0.00535516 0.00535516 0.00535516 0.00535516 0.00535516 0.00535516 0.00535516 0.00535516 0.00535516 0.00535516 0.00535516 0.00535516 0.00535516 0.00535516 0.00535516 0.00535516 
0.00535516 0.00535516 0.00535516 0.00535516 0.00535516 0.00535516 0.00535516 0.00535516 0.00535516 0.00535516 0.00535516 0.00535516 0.00535516 0.00535516 0.00535516 0.00535516 0.00535516 0.00535516 0.00535516 0.00535516 0.00535516 0.00535516 0.00535516 0.00535516 0.00535516 0.00535516 0.00535516 0.00535516 0.00535516 0.00535516 0.00535516 0.00535516 0.00535516 0.00535516 0.00535516 0.00535516 0.00535516 0.00535516 0.00535516 0.00535516 0.00535516 0.00535516 0.00535516 0.00535516 0.00535516 0.00535516 0.00535516 0.00535516 0.00535516 0.00535516 0.00535516 0.00535516 0.00535516 0.00535516 0.00535516 0.00535516 0.00535516 0.00535516 0.00535516 0.00535516 0.00535516 0.00535516 0.00535516 0.00535516 0.00535516 0.00535516 0.00535516 0.00535516 0.00535516 0.00535516 0.00535516 0.00535516 0.00535516 0.00535516 0.00535516 0.00535516 0.00535516 0.00535516 0.00535516 0.00535516 0.00535516 0.00535516 0.00535516 0.00535516 0.00535516 0.00535516 0.00535516 0.00535516 0.00535516 0.00535517 0.00535518 0.0053552 0.00535526 0.0053554 0.0053557 0.00535636 0.00535769 0.00536031 0.00536521 0.00537394 0.00538875 0.0054126 0.00544893 0.00550098 0.00557037 0.00565452 0.00574212 0.00580534 0.00578867 0.00559864 0.00510708 0.00418415 0.00276263 0.000903008 -0.00119245 -0.00324181 -0.00498703 -0.00626925 -0.00703457 -0.00728682 -0.00703457 -0.00626925 -0.00498703 -0.00324181 -0.00119245 0.000903008 0.00276263 0.00418415 0.00510708 0.00559864 0.00578867 0.00580534 0.00574212 0.00565452 0.00557037 0.00550098 0.00544893 0.0054126 0.00538875 0.00537394 0.00536521 0.00536031 0.00535769 0.00535636 0.0053557 0.0053554 0.00535526 0.0053552 0.00535518 0.00535517 0.00535516 0.00535516 0.00535516 0.00535516 0.00535516 0.00535516 0.00535516 0.00535516 0.00535516 0.00535516 0.00535516 0.00535516 0.00535516 0.00535516 0.00535516 0.00535516 0.00535516 0.00535516 0.00535516 0.00535516 0.00535516 0.00535516 0.00535516 0.00535516 0.00535516 0.00535516 0.00535516 0.00535516 0.00535516 0.00535516 0.00535516 0.00535516 0.00535516 0.00535516 0.00535516 0.00535516 0.00535516 0.00535516 0.00535516 0.00535516 0.00535516 0.00535516 0.00535516 0.00535516 0.00535516 0.00535516 0.00535516 0.00535516 0.00535516 0.00535516 
0.00535516 0.00535516 0.00535516 0.00535516 0.00535516 0.00535516 0.00535516 0.00535516 0.00535516 0.00535516 0.00535516 0.00535516 0.00535516 0.00535516 0.00535516 0.00535516 0.00535516 0.00535516 0.00535516 0.00535516 0.00535516 0.00535516 0.00535516 0.00535516 0.00535516 0.00535516 0.00535516 0.00535516 0.00535516 0.00535516 0.00535516 0.00535516 0.00535516 0.00535516 0.00535516 0.00535516 0.00535516 0.00535516 0.00535516 0.00535516 0.00535516 0.00535516 0.00535516 0.00535516 0.00535516 0.00535516 0.00535516 0.00535516 0.00535516 0.00535516 0.00535516 0.00535516 0.00535516 0.00535516 0.00535516 0.00535516 0.00535516 0.00535516 0.00535516 0.00535516 0.00535516 0.00535516 0.00535516 0.00535516 0.00535516 0.00535516 0.00535516 0.00535516 0.00535516 0.00535516 0.00535516 0.00535516 0.00535516 0.00535516 0.00535516 0.00535516 0.00535516 0.00535516 0.00535516 0.00535516 0.00535516 0.00535516 0.00535516 0.00535516 0.00535516 0.00535516 0.00535516 0.00535516 0.00535516 0.00535517 0.00535518 0.0053552 0.00535526 0.0053554 0.0053557 0.00535636 0.00535769 0.00536031 0.00536521 0.00537394 0.00538875 0.0054126 0.00544893 0.00550098 0.00557037 0.00565452 0.00574212 0.00580534 0.00578867 0.00559864 0.00510708 0.00418415 0.00276263 0.000903008 -0.00119245 -0.00324181 -0.00498703 -0.00626925 -0.00703457 -0.00728682 -0.00703457 -0.00626925 -0.00498703 -0.00324181 -0.00119245 0.000903008 0.00276263 0.00418415 0.00510708 0.00559864 0.00578867 0.00580534 0.00574212 0.00565452 0.00557037 0.00550098 0.00544893 0.0054126 0.00538875 0.00537394 0.00536521 0.00536031 0.00535769 0.00535636 0.0053557 0.0053554 0.00535526 0.0053552 0.00535518 0.00535517 0.00535516 0.00535516 0.00535516 0.00535516 0.00535516 0.00535516 0.00535516 0.00535516 0.00535516 0.00535516 0.00535516 0.00535516 0.00535516 0.00535516 0.00535516 0.00535516 0.00535516 0.00535516 0.00535516 0.00535516 0.00535516 0.00535516 0.00535516 0.00535516 0.00535516 0.00535516 0.00535516 0.00535516 0.00535516 0.00535516 0.00535516 0.00535516 0.00535516 0.00535516 0.00535516 0.00535516 0.00535516 0.00535516 0.00535516 0.00535516 0.00535516 0.00535516 0.00535516 0.00535516 0.00535516 0.00535516 0.00535516 0.00535516 0.00535516 0.00535516 
0.00535516 0.00535516 0.00535516 0.00535516 0.00535516 0.00535516 0.00535516 0.00535516 0.00535516 0.00535516 0.00535516 0.00535516 0.00535516 0.00535516 0.00535516 0.00535516 0.00535516 0.00535516 0.00535516 0.00535516 0.00535516 0.00535516 0.00535516 0.00535516 0.00535516 0.00535516 0.00535516 0.00535516 0.00535516 0.00535516 0.00535516 0.00535516 0.00535516 0.00535516 0.00535516 0.00535516 0.00535516 0.00535516 0.00535516 0.00535516 0.00535516 0.00535516 0.00535516 0.00535516 0.00535516 0.00535516 0.00535516 0.00535516 0.00535516 0.00535516 0.00535516 0.00535516 0.00535516 0.00535516 0.00535516 0.00535516 0.00535516 0.00535516 0.00535516 0.00535516 0.00535516 0.00535516 0.00535516 0.00535516 0.00535516 0.00535516 0.00535516 0.00535516 0.00535516 0.00535516 0.00535516 0.00535516 0.00535516 0.00535516 0.00535516 0.00535516 0.00535516 0.00535516 0.00535516 0.00535516 0.00535516 0.00535516 0.00535516 0.00535516 0.00535516 0.00535516 0.00535516 0.00535516 0.00535516 0.00535517 0.00535518 0.0053552 0.00535526 0.0053554 0.0053557 0.00535636 0.00535769 0.00536031 0.00536521 0.00537394 0.00538875 0.0054126 0.00544893 0.00550098 0.00557037 0.00565452 0.00574212 0.00580534 0.00578867 0.00559864 0.00510708 0.00418415 0.00276263 0.000903008 -0.00119245 -0.00324181 -0.00498703 -0.00626925 -0.00703457 -0.00728682 -0.00703457 -0.00626925 -0.00498703 -0.00324181 -0.00119245 0.000903008 0.00276263 0.00418415 0.00510708 0.00559864 0.00578867 0.00580534 0.00574212 0.00565452 0.00557037 0.00550098 0.00544893 0.0054126 0.00538875 0.00537394 0.00536521 0.00536031 0.00535769 0.00535636 0.0053557 0.0053554 0.00535526 0.0053552 0.00535518 0.00535517 0.00535516 0.00535516 0.00535516 0.00535516 0.00535516 0.00535516 0.00535516 0.00535516 0.00535516 0.00535516 0.00535516 0.00535516 0.00535516 0.00535516 0.00535516 0.00535516 0.00535516 0.00535516 0.00535516 0.00535516 0.00535516 0.00535516 0.00535516 0.00535516 0.00535516 0.00535516 0.00535516 0.00535516 0.00535516 0.00535516 0.00535516 0.00535516 0.00535516 0.00535516 0.00535516 0.00535516 0.00535516 0.00535516 0.00535516 0.00535516 0.00535516 0.00535516 0.00535516 0.00535516 0.00535516 0.00535516 0.00535516 0.00535516 0.00535516 0.00535516 
0.00535516 0.00535516 0.00535516 0.00535516 0.00535516 0.00535516 0.00535516 0.00535516 0.00535516 0.00535516 0.00535516 0.00535516 0.00535516 0.00535516 0.00535516 0.00535516 0.00535516 0.00535516 0.00535516 0.00535516 0.00535516 0.00535516 0.00535516 0.00535516 0.00535516 0.00535516 0.00535516 0.00535516 0.00535516 0.00535516 0.00535516 0.00535516 0.00535516 0.00535516 0.00535516 0.00535516 0.00535516 0.00535516 0.00535516 0.00535516 0.00535516 0.00535516 0.00535516 0.00535516 0.00535516 0.00535516 0.00535516 0.00535516 0.00535516 0.00535516 0.00535516 0.00535516 0.00535516 0.00535516 0.00535516 0.00535516 0.00535516 0.00535516 0.00535516 0.00535516 0.00535516 0.00535516 0.00535516 0.00535516 0.00535516 0.00535516 0.00535516 0.00535516 0.00535516 0.00535516 0.00535516 0.00535516 0.00535516 0.00535516 0.00535516 0.00535516 0.00535516 0.00535516 0.00535516 0.00535516 0.00535516 0.00535516 0.00535516 0.00535516 0.00535516 0.00535516 0.00535516 0.00535516 0.00535516 0.00535517 0.00535518 0.0053552 0.00535526 0.0053554 0.0053557 0.00535636 0.00535769 0.00536031 0.00536521 0.00537394 0.00538875 0.0054126 0.00544893 0.00550098 0.00557037 0.00565452 0.00574212 0.00580534 0.00578867 0.00559864 0.00510708 0.00418415 0.00276263 0.000903008 -0.00119245 -0.00324181 -0.00498703 -0.00626925 -0.00703457 -0.00728682 -0.00703457 -0.00626925 -0.00498703 -0.00324181 -0.00119245 0.000903008 0.00276263 0.00418415 0.00510708 0.00559864 0.00578867 0.00580534 0.00574212 0.00565452 0.00557037 0.00550098 0.00544893 0.0054126 0.00538875 0.00537394 0.00536521 0.00536031 0.00535769 0.00535636 0.0053557 0.0053554 0.00535526 0.0053552 0.00535518 0.00535517 0.00535516 0.00535516 0.00535516 0.00535516 0.00535516 0.00535516 0.00535516 0.00535516 0.00535516 0.00535516 0.00535516 0.00535516 0.00535516 0.00535516 0.00535516 0.00535516 0.00535516 0.00535516 0.00535516 0.00535516 0.00535516 0.00535516 0.00535516 0.00535516 0.00535516 0.00535516 0.00535516 0.00535516 0.00535516 0.00535516 0.00535516 0.00535516 0.00535516 0.00535516 0.00535516 0.00535516 0.00535516 0.00535516 0.00535516 0.00535516 0.00535516 0.00535516 0.00535516 0.00535516 0.00535516 0.00535516 0.00535516 0.00535516 0.00535516 0.00535516 
0.00535516 0.00535516 0.00535516 0.00535516 0.00535516 0.00535516 0.00535516 0.00535516 0.00535516 0.00535516 0.00535516 0.00535516 0.00535516 0.00535516 0.00535516 0.00535516 0.00535516 0.00535516 0.00535516 0.00535516 0.00535516 0.00535516 0.00535516 0.00535516 0.00535516 0.00535516 0.00535516 0.00535516 0.00535516 0.00535516 0.00535516 0.00535516 0.00535516 0.00535516 0.00535516 0.00535516 0.00535516 0.00535516 0.00535516 0.00535516 0.00535516 0.00535516 0.00535516 0.00535516 0.00535516 0.00535516 0.00535516 0.00535516 0.00535516 0.00535516 0.00535516 0.00535516 0.00535516 0.00535516 0.00535516 0.00535516 0.00535516 0.00535516 0.00535516 0.00535516 0.00535516 0.00535516 0.00535516 0.00535516 0.00535516 0.00535516 0.00535516 0.00535516 0.00535516 0.00535516 0.00535516 0.00535516 0.00535516 0.00535516 0.00535516 0.00535516 0.00535516 0.00535516 0.00535516 0.00535516 0.00535516 0.00535516 0.00535516 0.00535516 0.00535516 0.00535516 0.00535516 0.00535516 0.00535516 0.00535517 0.00535518 0.0053552 0.00535526 0.0053554 0.0053557 0.00535636 0.00535769 0.00536031 0.00536521 0.00537394 0.00538875 0.0054126 0.00544893 0.00550098 0.00557037 0.00565452 0.00574212 0.00580534 0.00578867 0.00559864 0.00510708 0.00418415 0.00276263 0.000903008 -0.00119245 -0.00324181 -0.00498703 -0.00626925 -0.00703457 -0.00728682 -0.00703457 -0.00626925 -0.00498703 -0.00324181 -0.00119245 0.000903008 0.00276263 0.00418415 0.00510708 0.00559864 0.00578867 0.00580534 0.00574212 0.00565452 0.00557037 0.00550098 0.00544893 0.0054126 0.00538875 0.00537394 0.00536521 0.00536031 0.00535769 0.00535636 0.0053557 0.0053554 0.00535526 0.0053552 0.00535518 0.00535517 0.00535516 0.00535516 0.00535516 0.00535516 0.00535516 0.00535516 0.00535516 0.00535516 0.00535516 0.00535516 0.00535516 0.00535516 0.00535516 0.00535516 0.00535516 0.00535516 0.00535516 0.00535516 0.00535516 0.00535516 0.00535516 0.00535516 0.00535516 0.00535516 0.00535516 0.00535516 0.00535516 0.00535516 0.00535516 0.00535516 0.00535516 0.00535516 0.00535516 0.00535516 0.00535516 0.00535516 0.00535516 0.00535516 0.00535516 0.00535516 0.00535516 0.00535516 0.00535516 0.00535516 0.00535516 0.00535516 0.00535516 0.00535516 0.00535516 0.00535516 
0.00535516 0.00535516 0.00535516 0.00535516 0.00535516 0.00535516 0.00535516 0.00535516 0.00535516 0.00535516 0.00535516 0.00535516 0.00535516 0.00535516 0.00535516 0.00535516 0.00535516 0.00535516 0.00535516 0.00535516 0.00535516 0.00535516 0.00535516 0.00535516 0.00535516 0.00535516 0.00535516 0.00535516 0.00535516 0.00535516 0.00535516 0.00535516 0.00535516 0.00535516 0.00535516 0.00535516 0.00535516 0.00535516 0.00535516 0.00535516 0.00535516 0.00535516 0.00535516 0.00535516 0.00535516 0.00535516 0.00535516 0.00535516 0.00535516 0.00535516 0.00535516 0.00535516 0.00535516 0.00535516 0.00535516 0.00535516 0.00535516 0.00535516 0.00535516 0.00535516 0.00535516 0.00535516 0.00535516 0.00535516 0.00535516 0.00535516 0.00535516 0.00535516 0.00535516 0.00535516 0.00535516 0.00535516 0.00535516 0.00535516 0.00535516 0.00535516 0.00535516 0.00535516 0.00535516 0.00535516 0.00535516 0.00535516 0.00535516 0.00535516 0.00535516 0.00535516 0.00535516 0.00535516 0.00535516 0.00535517 0.00535518 0.0053552 0.00535526 0.0053554 0.0053557 0.00535636 0.00535769 0.00536031 0.00536521 0.00537394 0.00538875 0.0054126 0.00544893 0.00550098 0.00557037 0.00565452 0.00574212 0.00580534 0.00578867 0.00559864 0.00510708 0.00418415 0.00276263 0.000903008 -0.00119245 -0.00324181 -0.00498703 -0.00626925 -0.00703457 -0.00728682 -0.00703457 -0.00626925 -0.00498703 -0.00324181 -0.00119245 0.000903008 0.00276263 0.00418415 0.00510708 0.00559864 0.00578867 0.00580534 0.00574212 0.00565452 0.00557037 0.00550098 0.00544893 0.0054126 0.00538875 0.00537394 0.00536521 0.00536031 0.00535769 0.00535636 0.0053557 0.0053554 0.00535526 0.0053552 0.00535518 0.00535517 0.00535516 0.00535516 0.00535516 0.00535516 0.00535516 0.00535516 0.00535516 0.00535516 0.00535516 0.00535516 0.00535516 0.00535516 0.00535516 0.00535516 0.00535516 0.00535516 0.00535516 0.00535516 0.00535516 0.00535516 0.00535516 0.00535516 0.00535516 0.00535516 0.00535516 0.00535516 0.00535516 0.00535516 0.00535516 0.00535516 0.00535516 0.00535516 0.00535516 0.00535516 0.00535516 0.00535516 0.00535516 0.00535516 0.00535516 0.00535516 0.00535516 0.00535516 0.00535516 0.00535516 0.00535516 0.00535516 0.00535516 0.00535516 0.00535516 0.00535516 
0.00535516 0.00535516 0.00535516 0.00535516 0.00535516 0.00535516 0.00535516 0.00535516 0.00535516 0.00535516 0.00535516 0.00535516 0.00535516 0.00535516 0.00535516 0.00535516 0.00535516 0.00535516 0.00535516 0.00535516 0.00535516 0.00535516 0.00535516 0.00535516 0.00535516 0.00535516 0.00535516 0.00535516 0.00535516 0.00535516 0.00535516 0.00535516 0.00535516 0.00535516 0.00535516 0.00535516 0.00535516 0.00535516 0.00535516 0.00535516 0.00535516 0.00535516 0.00535516 0.00535516 0.00535516 0.00535516 0.00535516 0.00535516 0.00535516 0.00535516 0.00535516 0.00535516 0.00535516 0.00535516 0.00535516 0.00535516 0.00535516 0.00535516 0.00535516 0.00535516 0.00535516 0.00535516 0.00535516 0.00535516 0.00535516 0.00535516 0.00535516 0.00535516 0.00535516 0.00535516 0.00535516 0.00535516 0.00535516 0.00535516 0.00535516 0.00535516 0.00535516 0.00535516 0.00535516 0.00535516 0.00535516 0.00535516 0.00535516 0.00535516 0.00535516 0.00535516 0.00535516 0.00535516 0.00535516 0.00535517 0.00535518 0.0053552 0.00535526 0.0053554 0.0053557 0.00535636 0.00535769 0.00536031 0.00536521 0.00537394 0.00538875 0.0054126 0.00544893 0.00550098 0.00557037 0.00565452 0.00574212 0.00580534 0.00578867 0.00559864 0.00510708 0.00418415 0.00276263 0.000903008 -0.00119245 -0.00324181 -0.00498703 -0.00626925 -0.00703457 -0.00728682 -0.00703457 -0.00626925 -0.00498703 -0.00324181 -0.00119245 0.000903008 0.00276263 0.00418415 0.00510708 0.00559864 0.00578867 0.00580534 0.00574212 0.00565452 0.00557037 0.00550098 0.00544893 0.0054126 0.00538875 0.00537394 0.00536521 0.00536031 0.00535769 0.00535636 0.0053557 0.0053554 0.00535526 0.0053552 0.00535518 0.00535517 0.00535516 0.00535516 0.00535516 0.00535516 0.00535516 0.00535516 0.00535516 0.00535516 0.00535516 0.00535516 0.00535516 0.00535516 0.00535516 0.00535516 0.00535516 0.00535516 0.00535516 0.00535516 0.00535516 0.00535516 0.00535516 0.00535516 0.00535516 0.00535516 0.00535516 0.00535516 0.00535516 0.00535516 0.00535516 0.00535516 0.00535516 0.00535516 0.00535516 0.00535516 0.00535516 0.00535516 0.00535516 0.00535516 0.00535516 0.00535516 0.00535516 0.00535516 0.00535516 0.00535516 0.00535516 0.00535516 0.00535516 0.00535516 0.00535516 0.00535516 
0.00535516 0.00535516 0.00535516 0.00535516 0.00535516 0.00535516 0.00535516 0.00535516 0.00535516 0.00535516 0.00535516 0.00535516 0.00535516 0.00535516 0.00535516 0.00535516 0.00535516 0.00535516 0.00535516 0.00535516 0.00535516 0.00535516 0.00535516 0.00535516 0.00535516 0.00535516 0.00535516 0.00535516 0.00535516 0.00535516 0.00535516 0.00535516 0.00535516 0.00535516 0.00535516 0.00535516 0.00535516 0.00535516 0.00535516 0.00535516 0.00535516 0.00535516 0.00535516 0.00535516 0.00535516 0.00535516 0.00535516 0.00535516 0.00535516 0.00535516 0.00535516 0.00535516 0.00535516 0.00535516 0.00535516 0.00535516 0.00535516 0.00535516 0.00535516 0.00535516 0.00535516 0.00535516 0.00535516 0.00535516 0.00535516 0.00535516 0.00535516 0.00535516 0.00535516 0.00535516 0.00535516 0.00535516 0.00535516 0.00535516 0.00535516 0.00535516 0.00535516 0.00535516 0.00535516 0.00535516 0.00535516 0.00535516 0.00535516 0.00535516 0.00535516 0.00535516 0.00535516 0.00535516 0.00535516 0.00535517 0.00535518 0.0053552 0.00535526 0.0053554 0.0053557 0.00535636 0.00535769 0.00536031 0.00536521 0.00537394 0.00538875 0.0054126 0.00544893 0.00550098 0.00557037 0.00565452 0.00574212 0.00580534 0.00578867 0.00559864 0.00510708 0.00418415 0.00276263 0.000903008 -0.00119245 -0.00324181 -0.00498703 -0.00626925 -0.00703457 -0.00728682 -0.00703457 -0.00626925 -0.00498703 -0.00324181 -0.00119245 0.000903008 0.00276263 0.00418415 0.00510708 0.00559864 0.00578867 0.00580534 0.00574212 0.00565452 0.00557037 0.00550098 0.00544893 0.0054126 0.00538875 0.00537394 0.00536521 0.00536031 0.00535769 0.00535636 0.0053557 0.0053554 0.00535526 0.0053552 0.00535518 0.00535517 0.00535516 0.00535516 0.00535516 0.00535516 0.00535516 0.00535516 0.00535516 0.00535516 0.00535516 0.00535516 0.00535516 0.00535516 0.00535516 0.00535516 0.00535516 0.00535516 0.00535516 0.00535516 0.00535516 0.00535516 0.00535516 0.00535516 0.00535516 0.00535516 0.00535516 0.00535516 0.00535516 0.00535516 0.00535516 0.00535516 0.00535516 0.00535516 0.00535516 0.00535516 0.00535516 0.00535516 0.00535516 0.00535516 0.00535516 0.00535516 0.00535516 0.00535516 0.00535516 0.00535516 0.00535516 0.00535516 0.00535516 0.00535516 0.00535516 0.00535516 
0.00535516 0.00535516 0.00535516 0.00535516 0.00535516 0.00535516 0.00535516 0.00535516 0.00535516 0.00535516 0.00535516 0.00535516 0.00535516 0.00535516 0.00535516 0.00535516 0.00535516 0.00535516 0.00535516 0.00535516 0.00535516 0.00535516 0.00535516 0.00535516 0.00535516 0.00535516 0.00535516 0.00535516 0.00535516 0.00535516 0.00535516 0.00535516 0.00535516 0.00535516 0.00535516 0.00535516 0.00535516 0.00535516 0.00535516 0.00535516 0.00535516 0.00535516 0.00535516 0.00535516 0.00535516 0.00535516 0.00535516 0.00535516 0.00535516 0.00535516 0.00535516 0.00535516 0.00535516 0.00535516 0.00535516 0.00535516 0.00535516 0.00535516 0.00535516 0.00535516 0.00535516 0.00535516 0.00535516 0.00535516 0.00535516 0.00535516 0.00535516 0.00535516 0.00535516 0.00535516 0.00535516 0.00535516 0.00535516 0.00535516 0.00535516 0.00535516 0.00535516 0.00535516 0.00535516 0.00535516 0.00535516 0.00535516 0.00535516 0.00535516 0.00535516 0.00535516 0.00535516 0.00535516 0.00535516 0.00535517 0.00535518 0.0053552 0.00535526 0.0053554 0.0053557 0.00535636 0.00535769 0.00536031 0.00536521 0.00537394 0.00538875 0.0054126 0.00544893 0.00550098 0.00557037 0.00565452 0.00574212 0.00580534 0.00578867 0.00559864 0.00510708 0.00418415 0.00276263 0.000903008 -0.00119245 -0.00324181 -0.00498703 -0.00626925 -0.00703457 -0.00728682 -0.00703457 -0.00626925 -0.00498703 -0.00324181 -0.00119245 0.000903008 0.00276263 0.00418415 0.00510708 0.00559864 0.00578867 0.00580534 0.00574212 0.00565452 0.00557037 0.00550098 0.00544893 0.0054126 0.00538875 0.00537394 0.00536521 0.00536031 0.00535769 0.00535636 0.0053557 0.0053554 0.00535526 0.0053552 0.00535518 0.00535517 0.00535516 0.00535516 0.00535516 0.00535516 0.00535516 0.00535516 0.00535516 0.00535516 0.00535516 0.00535516 0.00535516 0.00535516 0.00535516 0.00535516 0.00535516 0.00535516 0.00535516 0.00535516 0.00535516 0.00535516 0.00535516 0.00535516 0.00535516 0.00535516 0.00535516 0.00535516 0.00535516 0.00535516 0.00535516 0.00535516 0.00535516 0.00535516 0.00535516 0.00535516 0.00535516 0.00535516 0.00535516 0.00535516 0.00535516 0.00535516 0.00535516 0.00535516 0.00535516 0.00535516 0.00535516 0.00535516 0.00535516 0.00535516 0.00535516 0.00535516 
0.00535516 0.00535516 0.00535516 0.00535516 0.00535516 0.00535516 0.00535516 0.00535516 0.00535516 0.00535516 0.00535516 0.00535516 0.00535516 0.00535516 0.00535516 0.00535516 0.00535516 0.00535516 0.00535516 0.00535516 0.00535516 0.00535516 0.00535516 0.00535516 0.00535516 0.00535516 0.00535516 0.00535516 0.00535516 0.00535516 0.00535516 0.00535516 0.00535516 0.00535516 0.00535516 0.00535516 0.00535516 0.00535516 0.00535516 0.00535516 0.00535516 0.00535516 0.00535516 0.00535516 0.00535516 0.00535516 0.00535516 0.00535516 0.00535516 0.00535516 0.00535516 0.00535516 0.00535516 0.00535516 0.00535516 0.00535516 0.00535516 0.00535516 0.00535516 0.00535516 0.00535516 0.00535516 0.00535516 0.00535516 0.00535516 0.00535516 0.00535516 0.00535516 0.00535516 0.00535516 0.00535516 0.00535516 0.00535516 0.00535516 0.00535516 0.00535516 0.00535516 0.00535516 0.00535516 0.00535516 0.00535516 0.00535516 0.00535516 0.00535516 0.00535516 0.00535516 0.00535516 0.00535516 0.00535516 0.00535517 0.00535518 0.0053552 0.00535526 0.0053554 0.0053557 0.00535636 0.00535769 0.00536031 0.00536521 0.00537394 0.00538875 0.0054126 0.00544893 0.00550098 0.00557037 0.00565452 0.00574212 0.00580534 0.00578867 0.00559864 0.00510708 0.00418415 0.00276263 0.000903008 -0.00119245 -0.00324181 -0.00498703 -0.00626925 -0.00703457 -0.00728682 -0.00703457 -0.00626925 -0.00498703 -0.00324181 -0.00119245 0.000903008 0.00276263 0.00418415 0.00510708 0.00559864 0.00578867 0.00580534 0.00574212 0.00565452 0.00557037 0.00550098 0.00544893 0.0054126 0.00538875 0.00537394 0.00536521 0.00536031 0.00535769 0.00535636 0.0053557 0.0053554 0.00535526 0.0053552 0.00535518 0.00535517 0.00535516 0.00535516 0.00535516 0.00535516 0.00535516 0.00535516 0.00535516 0.00535516 0.00535516 0.00535516 0.00535516 0.00535516 0.00535516 0.00535516 0.00535516 0.00535516 0.00535516 0.00535516 0.00535516 0.00535516 0.00535516 0.00535516 0.00535516 0.00535516 0.00535516 0.00535516 0.00535516 0.00535516 0.00535516 0.00535516 0.00535516 0.00535516 0.00535516 0.00535516 0.00535516 0.00535516 0.00535516 0.00535516 0.00535516 0.00535516 0.00535516 0.00535516 0.00535516 0.00535516 0.00535516 0.00535516 0.00535516 0.00535516 0.00535516 0.00535516 
0.00535516 0.00535516 0.00535516 0.00535516 0.00535516 0.00535516 0.00535516 0.00535516 0.00535516 0.00535516 0.00535516 0.00535516 0.00535516 0.00535516 0.00535516 0.00535516 0.00535516 0.00535516 0.00535516 0.00535516 0.00535516 0.00535516 0.00535516 0.00535516 0.00535516 0.00535516 0.00535516 0.00535516 0.00535516 0.00535516 0.00535516 0.00535516 0.00535516 0.00535516 0.00535516 0.00535516 0.00535516 0.00535516 0.00535516 0.00535516 0.00535516 0.00535516 0.00535516 0.00535516 0.00535516 0.00535516 0.00535516 0.00535516 0.00535516 0.00535516 0.00535516 0.00535516 0.00535516 0.00535516 0.00535516 0.00535516 0.00535516 0.00535516 0.00535516 0.00535516 0.00535516 0.00535516 0.00535516 0.00535516 0.00535516 0.00535516 0.00535516 0.00535516 0.00535516 0.00535516 0.00535516 0.00535516 0.00535516 0.00535516 0.00535516 0.00535516 0.00535516 0.00535516 0.00535516 0.00535516 0.00535516 0.00535516 0.00535516 0.00535516 0.00535516 0.00535516 0.00535516 0.00535516 0.00535516 0.00535517 0.00535518 0.0053552 0.00535526 0.0053554 0.0053557 0.00535636 0.00535769 0.00536031 0.00536521 0.00537394 0.00538875 0.0054126 0.00544893 0.00550098 0.00557037 0.00565452 0.00574212 0.00580534 0.00578867 0.00559864 0.00510708 0.00418415 0.00276263 0.000903008 -0.00119245 -0.00324181 -0.00498703 -0.00626925 -0.00703457 -0.00728682 -0.00703457 -0.00626925 -0.00498703 -0.00324181 -0.00119245 0.000903008 0.00276263 0.00418415 0.00510708 0.00559864 0.00578867 0.00580534 0.00574212 0.00565452 0.00557037 0.00550098 0.00544893 0.0054126 0.00538875 0.00537394 0.00536521 0.00536031 0.00535769 0.00535636 0.0053557 0.0053554 0.00535526 0.0053552 0.00535518 0.00535517 0.00535516 0.00535516 0.00535516 0.00535516 0.00535516 0.00535516 0.00535516 0.00535516 0.00535516 0.00535516 0.00535516 0.00535516 0.00535516 0.00535516 0.00535516 0.00535516 0.00535516 0.00535516 0.00535516 0.00535516 0.00535516 0.00535516 0.00535516 0.00535516 0.00535516 0.00535516 0.00535516 0.00535516 0.00535516 0.00535516 0.00535516 0.00535516 0.00535516 0.00535516 0.00535516 0.00535516 0.00535516 0.00535516 0.00535516 0.00535516 0.00535516 0.00535516 0.00535516 0.00535516 0.00535516 0.00535516 0.00535516 0.00535516 0.00535516 0.00535516 
0.00535516 0.00535516 0.00535516 0.00535516 0.00535516 0.00535516 0.00535516 0.00535516 0.00535516 0.00535516 0.00535516 0.00535516 0.00535516 0.00535516 0.00535516 0.00535516 0.00535516 0.00535516 0.00535516 0.00535516 0.00535516 0.00535516 0.00535516 0.00535516 0.00535516 0.00535516 0.00535516 0.00535516 0.00535516 0.00535516 0.00535516 0.00535516 0.00535516 0.00535516 0.00535516 0.00535516 0.00535516 0.00535516 0.00535516 0.00535516 0.00535516 0.00535516 0.00535516 0.00535516 0.00535516 0.00535516 0.00535516 0.00535516 0.00535516 0.00535516 0.00535516 0.00535516 0.00535516 0.00535516 0.00535516 0.00535516 0.00535516 0.00535516 0.00535516 0.00535516 0.00535516 0.00535516 0.00535516 0.00535516 0.00535516 0.00535516 0.00535516 0.00535516 0.00535516 0.00535516 0.00535516 0.00535516 0.00535516 0.00535516 0.00535516 0.00535516 0.00535516 0.00535516 0.00535516 0.00535516 0.00535516 0.00535516 0.00535516 0.00535516 0.00535516 0.00535516 0.00535516 0.00535516 0.00535516 0.00535517 0.00535518 0.0053552 0.00535526 0.0053554 0.0053557 0.00535636 0.00535769 0.00536031 0.00536521 0.00537394 0.00538875 0.0054126 0.00544893 0.00550098 0.00557037 0.00565452 0.00574212 0.00580534 0.00578867 0.00559864 0.00510708 0.00418415 0.00276263 0.000903008 -0.00119245 -0.00324181 -0.00498703 -0.00626925 -0.00703457 -0.00728682 -0.00703457 -0.00626925 -0.00498703 -0.00324181 -0.00119245 0.000903008 0.00276263 0.00418415 0.00510708 0.00559864 0.00578867 0.00580534 0.00574212 0.00565452 0.00557037 0.00550098 0.00544893 0.0054126 0.00538875 0.00537394 0.00536521 0.00536031 0.00535769 0.00535636 0.0053557 0.0053554 0.00535526 0.0053552 0.00535518 0.00535517 0.00535516 0.00535516 0.00535516 0.00535516 0.00535516 0.00535516 0.00535516 0.00535516 0.00535516 0.00535516 0.00535516 0.00535516 0.00535516 0.00535516 0.00535516 0.00535516 0.00535516 0.00535516 0.00535516 0.00535516 0.00535516 0.00535516 0.00535516 0.00535516 0.00535516 0.00535516 0.00535516 0.00535516 0.00535516 0.00535516 0.00535516 0.00535516 0.00535516 0.00535516 0.00535516 0.00535516 0.00535516 0.00535516 0.00535516 0.00535516 0.00535516 0.00535516 0.00535516 0.00535516 0.00535516 0.00535516 0.00535516 0.00535516 0.00535516 0.00535516 
0.00535516 0.00535516 0.00535516 0.00535516 0.00535516 0.00535516 0.00535516 0.00535516 0.00535516 0.00535516 0.00535516 0.00535516 0.00535516 0.00535516 0.00535516 0.00535516 0.00535516 0.00535516 0.00535516 0.00535516 0.00535516 0.00535516 0.00535516 0.00535516 0.00535516 0.00535516 0.00535516 0.00535516 0.00535516 0.00535516 0.00535516 0.00535516 0.00535516 0.00535516 0.00535516 0.00535516 0.00535516 0.00535516 0.00535516 0.00535516 0.00535516 0.00535516 0.00535516 0.00535516 0.00535516 0.00535516 0.00535516 0.00535516 0.00535516 0.00535516 0.00535516 0.00535516 0.00535516 0.00535516 0.00535516 0.00535516 0.00535516 0.00535516 0.00535516 0.00535516 0.00535516 0.00535516 0.00535516 0.00535516 0.00535516 0.00535516 0.00535516 0.00535516 0.00535516 0.00535516 0.00535516 0.00535516 0.00535516 0.00535516 0.00535516 0.00535516 0.00535516 0.00535516 0.00535516 0.00535516 0.00535516 0.00535516 0.00535516 0.00535516 0.00535516 0.00535516 0.00535516 0.00535516 0.00535516 0.00535517 0.00535518 0.0053552 0.00535526 0.0053554 0.0053557 0.00535636 0.00535769 0.00536031 0.00536521 0.00537394 0.00538875 0.0054126 0.00544893 0.00550098 0.00557037 0.00565452 0.00574212 0.00580534 0.00578867 0.00559864 0.00510708 0.00418415 0.00276263 0.000903008 -0.00119245 -0.00324181 -0.00498703 -0.00626925 -0.00703457 -0.00728682 -0.00703457 -0.00626925 -0.00498703 -0.00324181 -0.00119245 0.000903008 0.00276263 0.00418415 0.00510708 0.00559864 0.00578867 0.00580534 0.00574212 0.00565452 0.00557037 0.00550098 0.00544893 0.0054126 0.00538875 0.00537394 0.00536521 0.00536031 0.00535769 0.00535636 0.0053557 0.0053554 0.00535526 0.0053552 0.00535518 0.00535517 0.00535516 0.00535516 0.00535516 0.00535516 0.00535516 0.00535516 0.00535516 0.00535516 0.00535516 0.00535516 0.00535516 0.00535516 0.00535516 0.00535516 0.00535516 0.00535516 0.00535516 0.00535516 0.00535516 0.00535516 0.00535516 0.00535516 0.00535516 0.00535516 0.00535516 0.00535516 0.00535516 0.00535516 0.00535516 0.00535516 0.00535516 0.00535516 0.00535516 0.00535516 0.00535516 0.00535516 0.00535516 0.00535516 0.00535516 0.00535516 0.00535516 0.00535516 0.00535516 0.00535516 0.00535516 0.00535516 0.00535516 0.00535516 0.00535516 0.00535516 
0.00535516 0.00535516 0.00535516 0.00535516 0.00535516 0.00535516 0.00535516 0.00535516 0.00535516 0.00535516 0.00535516 0.00535516 0.00535516 0.00535516 0.00535516 0.00535516 0.00535516 0.00535516 0.00535516 0.00535516 0.00535516 0.00535516 0.00535516 0.00535516 0.00535516 0.00535516 0.00535516 0.00535516 0.00535516 0.00535516 0.00535516 0.00535516 0.00535516 0.00535516 0.00535516 0.00535516 0.00535516 0.00535516 0.00535516 0.00535516 0.00535516 0.00535516 0.00535516 0.00535516 0.00535516 0.00535516 0.00535516 0.00535516 0.00535516 0.00535516 0.00535516 0.00535516 0.00535516 0.00535516 0.00535516 0.00535516 0.00535516 0.00535516 0.00535516 0.00535516 0.00535516 0.00535516 0.00535516 0.00535516 0.00535516 0.00535516 0.00535516 0.00535516 0.00535516 0.00535516 0.00535516 0.00535516 0.00535516 0.00535516 0.00535516 0.00535516 0.00535516 0.00535516 0.00535516 0.00535516 0.00535516 0.00535516 0.00535516 0.00535516 0.00535516 0.00535516 0.00535516 0.00535516 0.00535516 0.00535517 0.00535518 0.0053552 0.00535526 0.0053554 0.0053557 0.00535636 0.00535769 0.00536031 0.00536521 0.00537394 0.00538875 0.0054126 0.00544893 0.00550098 0.00557037 0.00565452 0.00574212 0.00580534 0.00578867 0.00559864 0.00510708 0.00418415 0.00276263 0.000903008 -0.00119245 -0.00324181 -0.00498703 -0.00626925 -0.00703457 -0.00728682 -0.00703457 -0.00626925 -0.00498703 -0.00324181 -0.00119245 0.000903008 0.00276263 0.00418415 0.00510708 0.00559864 0.00578867 0.00580534 0.00574212 0.00565452 0.00557037 0.00550098 0.00544893 0.0054126 0.00538875 0.00537394 0.00536521 0.00536031 0.00535769 0.00535636 0.0053557 0.0053554 0.00535526 0.0053552 0.00535518 0.00535517 0.00535516 0.00535516 0.00535516 0.00535516 0.00535516 0.00535516 0.00535516 0.00535516 0.00535516 0.00535516 0.00535516 0.00535516 0.00535516 0.00535516 0.00535516 0.00535516 0.00535516 0.00535516 0.00535516 0.00535516 0.00535516 0.00535516 0.00535516 0.00535516 0.00535516 0.00535516 0.00535516 0.00535516 0.00535516 0.00535516 0.00535516 0.00535516 0.00535516 0.00535516 0.00535516 0.00535516 0.00535516 0.00535516 0.00535516 0.00535516 0.00535516 0.00535516 0.00535516 0.00535516 0.00535516 0.00535516 0.00535516 0.00535516 0.00535516 0.00535516 
0.00535516 0.00535516 0.00535516 0.00535516 0.00535516 0.00535516 0.00535516 0.00535516 0.00535516 0.00535516 0.00535516 0.00535516 0.00535516 0.00535516 0.00535516 0.00535516 0.00535516 0.00535516 0.00535516 0.00535516 0.00535516 0.00535516 0.00535516 0.00535516 0.00535516 0.00535516 0.00535516 0.00535516 0.00535516 0.00535516 0.00535516 0.00535516 0.00535516 0.00535516 0.00535516 0.00535516 0.00535516 0.00535516 0.00535516 0.00535516 0.00535516 0.00535516 0.00535516 0.00535516 0.00535516 0.00535516 0.00535516 0.00535516 0.00535516 0.00535516 0.00535516 0.00535516 0.00535516 0.00535516 0.00535516 0.00535516 0.00535516 0.00535516 0.00535516 0.00535516 0.00535516 0.00535516 0.00535516 0.00535516 0.00535516 0.00535516 0.00535516 0.00535516 0.00535516 0.00535516 0.00535516 0.00535516 0.00535516 0.00535516 0.00535516 0.00535516 0.00535516 0.00535516 0.00535516 0.00535516 0.00535516 0.00535516 0.00535516 0.00535516 0.00535516 0.00535516 0.00535516 0.00535516 0.00535516 0.00535517 0.00535518 0.0053552 0.00535526 0.0053554 0.0053557 0.00535636 0.00535769 0.00536031 0.00536521 0.00537394 0.00538875 0.0054126 0.00544893 0.00550098 0.00557037 0.00565452 0.00574212 0.00580534 0.00578867 0.00559864 0.00510708 0.00418415 0.00276263 0.000903008 -0.00119245 -0.00324181 -0.00498703 -0.00626925 -0.00703457 -0.00728682 -0.00703457 -0.00626925 -0.00498703 -0.00324181 -0.00119245 0.000903008 0.00276263 0.00418415 0.00510708 0.00559864 0.00578867 0.00580534 0.00574212 0.00565452 0.00557037 0.00550098 0.00544893 0.0054126 0.00538875 0.00537394 0.00536521 0.00536031 0.00535769 0.00535636 0.0053557 0.0053554 0.00535526 0.0053552 0.00535518 0.00535517 0.00535516 0.00535516 0.00535516 0.00535516 0.00535516 0.00535516 0.00535516 0.00535516 0.00535516 0.00535516 0.00535516 0.00535516 0.00535516 0.00535516 0.00535516 0.00535516 0.00535516 0.00535516 0.00535516 0.00535516 0.00535516 0.00535516 0.00535516 0.00535516 0.00535516 0.00535516 0.00535516 0.00535516 0.00535516 0.00535516 0.00535516 0.00535516 0.00535516 0.00535516 0.00535516 0.00535516 0.00535516 0.00535516 0.00535516 0.00535516 0.00535516 0.00535516 0.00535516 0.00535516 0.00535516 0.00535516 0.00535516 0.00535516 0.00535516 0.00535516 
0.00535516 0.00535516 0.00535516 0.00535516 0.00535516 0.00535516 0.00535516 0.00535516 0.00535516 0.00535516 0.00535516 0.00535516 0.00535516 0.00535516 0.00535516 0.00535516 0.00535516 0.00535516 0.00535516 0.00535516 0.00535516 0.00535516 0.00535516 0.00535516 0.00535516 0.00535516 0.00535516 0.00535516 0.00535516 0.00535516 0.00535516 0.00535516 0.00535516 0.00535516 0.00535516 0.00535516 0.00535516 0.00535516 0.00535516 0.00535516 0.00535516 0.00535516 0.00535516 0.00535516 0.00535516 0.00535516 0.00535516 0.00535516 0.00535516 0.00535516 0.00535516 0.00535516 0.00535516 0.00535516 0.00535516 0.00535516 0.00535516 0.00535516 0.00535516 0.00535516 0.00535516 0.00535516 0.00535516 0.00535516 0.00535516 0.00535516 0.00535516 0.00535516 0.00535516 0.00535516 0.00535516 0.00535516 0.00535516 0.00535516 0.00535516 0.00535516 0.00535516 0.00535516 0.00535516 0.00535516 0.00535516 0.00535516 0.00535516 0.00535516 0.00535516 0.00535516 0.00535516 0.00535516 0.00535516 0.00535517 0.00535518 0.0053552 0.00535526 0.0053554 0.0053557 0.00535636 0.00535769 0.00536031 0.00536521 0.00537394 0.00538875 0.0054126 0.00544893 0.00550098 0.00557037 0.00565452 0.00574212 0.00580534 0.00578867 0.00559864 0.00510708 0.00418415 0.00276263 0.000903008 -0.00119245 -0.00324181 -0.00498703 -0.00626925 -0.00703457 -0.00728682 -0.00703457 -0.00626925 -0.00498703 -0.00324181 -0.00119245 0.000903008 0.00276263 0.00418415 0.00510708 0.00559864 0.00578867 0.00580534 0.00574212 0.00565452 0.00557037 0.00550098 0.00544893 0.0054126 0.00538875 0.00537394 0.00536521 0.00536031 0.00535769 0.00535636 0.0053557 0.0053554 0.00535526 0.0053552 0.00535518 0.00535517 0.00535516 0.00535516 0.00535516 0.00535516 0.00535516 0.00535516 0.00535516 0.00535516 0.00535516 0.00535516 0.00535516 0.00535516 0.00535516 0.00535516 0.00535516 0.00535516 0.00535516 0.00535516 0.00535516 0.00535516 0.00535516 0.00535516 0.00535516 0.00535516 0.00535516 0.00535516 0.00535516 0.00535516 0.00535516 0.00535516 0.00535516 0.00535516 0.00535516 0.00535516 0.00535516 0.00535516 0.00535516 0.00535516 0.00535516 0.00535516 0.00535516 0.00535516 0.00535516 0.00535516 0.00535516 0.00535516 0.00535516 0.00535516 0.00535516 0.00535516 
0.00535516 0.00535516 0.00535516 0.00535516 0.00535516 0.00535516 0.00535516 0.00535516 0.00535516 0.00535516 0.00535516 0.00535516 0.00535516 0.00535516 0.00535516 0.00535516 0.00535516 0.00535516 0.00535516 0.00535516 0.00535516 0.00535516 0.00535516 0.00535516 0.00535516 0.00535516 0.00535516 0.00535516 0.00535516 0.00535516 0.00535516 0.00535516 0.00535516 0.00535516 0.00535516 0.00535516 0.00535516 0.00535516 0.00535516 0.00535516 0.00535516 0.00535516 0.00535516 0.00535516 0.00535516 0.00535516 0.00535516 0.00535516 0.00535516 0.00535516 0.00535516 0.00535516 0.00535516 0.00535516 0.00535516 0.00535516 0.00535516 0.00535516 0.00535516 0.00535516 0.00535516 0.00535516 0.00535516 0.00535516 0.00535516 0.00535516 0.00535516 0.00535516 0.00535516 0.00535516 0.00535516 0.00535516 0.00535516 0.00535516 0.00535516 0.00535516 0.00535516 0.00535516 0.00535516 0.00535516 0.00535516 0.00535516 0.00535516 0.00535516 0.00535516 0.00535516 0.00535516 0.00535516 0.00535516 0.00535517 0.00535518 0.0053552 0.00535526 0.0053554 0.0053557 0.00535636 0.00535769 0.00536031 0.00536521 0.00537394 0.00538875 0.0054126 0.00544893 0.00550098 0.00557037 0.00565452 0.00574212 0.00580534 0.00578867 0.00559864 0.00510708 0.00418415 0.00276263 0.000903008 -0.00119245 -0.00324181 -0.00498703 -0.00626925 -0.00703457 -0.00728682 -0.00703457 -0.00626925 -0.00498703 -0.00324181 -0.00119245 0.000903008 0.00276263 0.00418415 0.00510708 0.00559864 0.00578867 0.00580534 0.00574212 0.00565452 0.00557037 0.00550098 0.00544893 0.0054126 0.00538875 0.00537394 0.00536521 0.00536031 0.00535769 0.00535636 0.0053557 0.0053554 0.00535526 0.0053552 0.00535518 0.00535517 0.00535516 0.00535516 0.00535516 0.00535516 0.00535516 0.00535516 0.00535516 0.00535516 0.00535516 0.00535516 0.00535516 0.00535516 0.00535516 0.00535516 0.00535516 0.00535516 0.00535516 0.00535516 0.00535516 0.00535516 0.00535516 0.00535516 0.00535516 0.00535516 0.00535516 0.00535516 0.00535516 0.00535516 0.00535516 0.00535516 0.00535516 0.00535516 0.00535516 0.00535516 0.00535516 0.00535516 0.00535516 0.00535516 0.00535516 0.00535516 0.00535516 0.00535516 0.00535516 0.00535516 0.00535516 0.00535516 0.00535516 0.00535516 0.00535516 0.00535516 
0.00535516 0.00535516 0.00535516 0.00535516 0.00535516 0.00535516 0.00535516 0.00535516 0.00535516 0.00535516 0.00535516 0.00535516 0.00535516 0.00535516 0.00535516 0.00535516 0.00535516 0.00535516 0.00535516 0.00535516 0.00535516 0.00535516 0.00535516 0.00535516 0.00535516 0.00535516 0.00535516 0.00535516 0.00535516 0.00535516 0.00535516 0.00535516 0.00535516 0.00535516 0.00535516 0.00535516 0.00535516 0.00535516 0.00535516 0.00535516 0.00535516 0.00535516 0.00535516 0.00535516 0.00535516 0.00535516 0.00535516 0.00535516 0.00535516 0.00535516 0.00535516 0.00535516 0.00535516 0.00535516 0.00535516 0.00535516 0.00535516 0.00535516 0.00535516 0.00535516 0.00535516 0.00535516 0.00535516 0.00535516 0.00535516 0.00535516 0.00535516 0.00535516 0.00535516 0.00535516 0.00535516 0.00535516 0.00535516 0.00535516 0.00535516 0.00535516 0.00535516 0.00535516 0.00535516 0.00535516 0.00535516 0.00535516 0.00535516 0.00535516 0.00535516 0.00535516 0.00535516 0.00535516 0.00535516 0.00535517 0.00535518 0.0053552 0.00535526 0.0053554 0.0053557 0.00535636 0.00535769 0.00536031 0.00536521 0.00537394 0.00538875 0.0054126 0.00544893 0.00550098 0.00557037 0.00565452 0.00574212 0.00580534 0.00578867 0.00559864 0.00510708 0.00418415 0.00276263 0.000903008 -0.00119245 -0.00324181 -0.00498703 -0.00626925 -0.00703457 -0.00728682 -0.00703457 -0.00626925 -0.00498703 -0.00324181 -0.00119245 0.000903008 0.00276263 0.00418415 0.00510708 0.00559864 0.00578867 0.00580534 0.00574212 0.00565452 0.00557037 0.00550098 0.00544893 0.0054126 0.00538875 0.00537394 0.00536521 0.00536031 0.00535769 0.00535636 0.0053557 0.0053554 0.00535526 0.0053552 0.00535518 0.00535517 0.00535516 0.00535516 0.00535516 0.00535516 0.00535516 0.00535516 0.00535516 0.00535516 0.00535516 0.00535516 0.00535516 0.00535516 0.00535516 0.00535516 0.00535516 0.00535516 0.00535516 0.00535516 0.00535516 0.00535516 0.00535516 0.00535516 0.00535516 0.00535516 0.00535516 0.00535516 0.00535516 0.00535516 0.00535516 0.00535516 0.00535516 0.00535516 0.00535516 0.00535516 0.00535516 0.00535516 0.00535516 0.00535516 0.00535516 0.00535516 0.00535516 0.00535516 0.00535516 0.00535516 0.00535516 0.00535516 0.00535516 0.00535516 0.00535516 0.00535516 
0.00535516 0.00535516 0.00535516 0.00535516 0.00535516 0.00535516 0.00535516 0.00535516 0.00535516 0.00535516 0.00535516 0.00535516 0.00535516 0.00535516 0.00535516 0.00535516 0.00535516 0.00535516 0.00535516 0.00535516 0.00535516 0.00535516 0.00535516 0.00535516 0.00535516 0.00535516 0.00535516 0.00535516 0.00535516 0.00535516 0.00535516 0.00535516 0.00535516 0.00535516 0.00535516 0.00535516 0.00535516 0.00535516 0.00535516 0.00535516 0.00535516 0.00535516 0.00535516 0.00535516 0.00535516 0.00535516 0.00535516 0.00535516 0.00535516 0.00535516 0.00535516 0.00535516 0.00535516 0.00535516 0.00535516 0.00535516 0.00535516 0.00535516 0.00535516 0.00535516 0.00535516 0.00535516 0.00535516 0.00535516 0.00535516 0.00535516 0.00535516 0.00535516 0.00535516 0.00535516 0.00535516 0.00535516 0.00535516 0.00535516 0.00535516 0.00535516 0.00535516 0.00535516 0.00535516 0.00535516 0.00535516 0.00535516 0.00535516 0.00535516 0.00535516 0.00535516 0.00535516 0.00535516 0.00535516 0.00535517 0.00535518 0.0053552 0.00535526 0.0053554 0.0053557 0.00535636 0.00535769 0.00536031 0.00536521 0.00537394 0.00538875 0.0054126 0.00544893 0.00550098 0.00557037 0.00565452 0.00574212 0.00580534 0.00578867 0.00559864 0.00510708 0.00418415 0.00276263 0.000903008 -0.00119245 -0.00324181 -0.00498703 -0.00626925 -0.00703457 -0.00728682 -0.00703457 -0.00626925 -0.00498703 -0.00324181 -0.00119245 0.000903008 0.00276263 0.00418415 0.00510708 0.00559864 0.00578867 0.00580534 0.00574212 0.00565452 0.00557037 0.00550098 0.00544893 0.0054126 0.00538875 0.00537394 0.00536521 0.00536031 0.00535769 0.00535636 0.0053557 0.0053554 0.00535526 0.0053552 0.00535518 0.00535517 0.00535516 0.00535516 0.00535516 0.00535516 0.00535516 0.00535516 0.00535516 0.00535516 0.00535516 0.00535516 0.00535516 0.00535516 0.00535516 0.00535516 0.00535516 0.00535516 0.00535516 0.00535516 0.00535516 0.00535516 0.00535516 0.00535516 0.00535516 0.00535516 0.00535516 0.00535516 0.00535516 0.00535516 0.00535516 0.00535516 0.00535516 0.00535516 0.00535516 0.00535516 0.00535516 0.00535516 0.00535516 0.00535516 0.00535516 0.00535516 0.00535516 0.00535516 0.00535516 0.00535516 0.00535516 0.00535516 0.00535516 0.00535516 0.00535516 0.00535516 
0.00535516 0.00535516 0.00535516 0.00535516 0.00535516 0.00535516 0.00535516 0.00535516 0.00535516 0.00535516 0.00535516 0.00535516 0.00535516 0.00535516 0.00535516 0.00535516 0.00535516 0.00535516 0.00535516 0.00535516 0.00535516 0.00535516 0.00535516 0.00535516 0.00535516 0.00535516 0.00535516 0.00535516 0.00535516 0.00535516 0.00535516 0.00535516 0.00535516 0.00535516 0.00535516 0.00535516 0.00535516 0.00535516 0.00535516 0.00535516 0.00535516 0.00535516 0.00535516 0.00535516 0.00535516 0.00535516 0.00535516 0.00535516 0.00535516 0.00535516 0.00535516 0.00535516 0.00535516 0.00535516 0.00535516 0.00535516 0.00535516 0.00535516 0.00535516 0.00535516 0.00535516 0.00535516 0.00535516 0.00535516 0.00535516 0.00535516 0.00535516 0.00535516 0.00535516 0.00535516 0.00535516 0.00535516 0.00535516 0.00535516 0.00535516 0.00535516 0.00535516 0.00535516 0.00535516 0.00535516 0.00535516 0.00535516 0.00535516 0.00535516 0.00535516 0.00535516 0.00535516 0.00535516 0.00535516 0.00535517 0.00535518 0.0053552 0.00535526 0.0053554 0.0053557 0.00535636 0.00535769 0.00536031 0.00536521 0.00537394 0.00538875 0.0054126 0.00544893 0.00550098 0.00557037 0.00565452 0.00574212 0.00580534 0.00578867 0.00559864 0.00510708 0.00418415 0.00276263 0.000903008 -0.00119245 -0.00324181 -0.00498703 -0.00626925 -0.00703457 -0.00728682 -0.00703457 -0.00626925 -0.00498703 -0.00324181 -0.00119245 0.000903008 0.00276263 0.00418415 0.00510708 0.00559864 0.00578867 0.00580534 0.00574212 0.00565452 0.00557037 0.00550098 0.00544893 0.0054126 0.00538875 0.00537394 0.00536521 0.00536031 0.00535769 0.00535636 0.0053557 0.0053554 0.00535526 0.0053552 0.00535518 0.00535517 0.00535516 0.00535516 0.00535516 0.00535516 0.00535516 0.00535516 0.00535516 0.00535516 0.00535516 0.00535516 0.00535516 0.00535516 0.00535516 0.00535516 0.00535516 0.00535516 0.00535516 0.00535516 0.00535516 0.00535516 0.00535516 0.00535516 0.00535516 0.00535516 0.00535516 0.00535516 0.00535516 0.00535516 0.00535516 0.00535516 0.00535516 0.00535516 0.00535516 0.00535516 0.00535516 0.00535516 0.00535516 0.00535516 0.00535516 0.00535516 0.00535516 0.00535516 0.00535516 0.00535516 0.00535516 0.00535516 0.00535516 0.00535516 0.00535516 0.00535516 
0.00535516 0.00535516 0.00535516 0.00535516 0.00535516 0.00535516 0.00535516 0.00535516 0.00535516 0.00535516 0.00535516 0.00535516 0.00535516 0.00535516 0.00535516 0.00535516 0.00535516 0.00535516 0.00535516 0.00535516 0.00535516 0.00535516 0.00535516 0.00535516 0.00535516 0.00535516 0.00535516 0.00535516 0.00535516 0.00535516 0.00535516 0.00535516 0.00535516 0.00535516 0.00535516 0.00535516 0.00535516 0.00535516 0.00535516 0.00535516 0.00535516 0.00535516 0.00535516 0.00535516 0.00535516 0.00535516 0.00535516 0.00535516 0.00535516 0.00535516 0.00535516 0.00535516 0.00535516 0.00535516 0.00535516 0.00535516 0.00535516 0.00535516 0.00535516 0.00535516 0.00535516 0.00535516 0.00535516 0.00535516 0.00535516 0.00535516 0.00535516 0.00535516 0.00535516 0.00535516 0.00535516 0.00535516 0.00535516 0.00535516 0.00535516 0.00535516 0.00535516 0.00535516 0.00535516 0.00535516 0.00535516 0.00535516 0.00535516 0.00535516 0.00535516 0.00535516 0.00535516 0.00535516 0.00535516 0.00535517 0.00535518 0.0053552 0.00535526 0.0053554 0.0053557 0.00535636 0.00535769 0.00536031 0.00536521 0.00537394 0.00538875 0.0054126 0.00544893 0.00550098 0.00557037 0.00565452 0.00574212 0.00580534 0.00578867 0.00559864 0.00510708 0.00418415 0.00276263 0.000903008 -0.00119245 -0.00324181 -0.00498703 -0.00626925 -0.00703457 -0.00728682 -0.00703457 -0.00626925 -0.00498703 -0.00324181 -0.00119245 0.000903008 0.00276263 0.00418415 0.00510708 0.00559864 0.00578867 0.00580534 0.00574212 0.00565452 0.00557037 0.00550098 0.00544893 0.0054126 0.00538875 0.00537394 0.00536521 0.00536031 0.00535769 0.00535636 0.0053557 0.0053554 0.00535526 0.0053552 0.00535518 0.00535517 0.00535516 0.00535516 0.00535516 0.00535516 0.00535516 0.00535516 0.00535516 0.00535516 0.00535516 0.00535516 0.00535516 0.00535516 0.00535516 0.00535516 0.00535516 0.00535516 0.00535516 0.00535516 0.00535516 0.00535516 0.00535516 0.00535516 0.00535516 0.00535516 0.00535516 0.00535516 0.00535516 0.00535516 0.00535516 0.00535516 0.00535516 0.00535516 0.00535516 0.00535516 0.00535516 0.00535516 0.00535516 0.00535516 0.00535516 0.00535516 0.00535516 0.00535516 0.00535516 0.00535516 0.00535516 0.00535516 0.00535516 0.00535516 0.00535516 0.00535516 
0.00535516 0.00535516 0.00535516 0.00535516 0.00535516 0.00535516 0.00535516 0.00535516 0.00535516 0.00535516 0.00535516 0.00535516 0.00535516 0.00535516 0.00535516 0.00535516 0.00535516 0.00535516 0.00535516 0.00535516 0.00535516 0.00535516 0.00535516 0.00535516 0.00535516 0.00535516 0.00535516 0.00535516 0.00535516 0.00535516 0.00535516 0.00535516 0.00535516 0.00535516 0.00535516 0.00535516 0.00535516 0.00535516 0.00535516 0.00535516 0.00535516 0.00535516 0.00535516 0.00535516 0.00535516 0.00535516 0.00535516 0.00535516 0.00535516 0.00535516 0.00535516 0.00535516 0.00535516 0.00535516 0.00535516 0.00535516 0.00535516 0.00535516 0.00535516 0.00535516 0.00535516 0.00535516 0.00535516 0.00535516 0.00535516 0.00535516 0.00535516 0.00535516 0.00535516 0.00535516 0.00535516 0.00535516 0.00535516 0.00535516 0.00535516 0.00535516 0.00535516 0.00535516 0.00535516 0.00535516 0.00535516 0.00535516 0.00535516 0.00535516 0.00535516 0.00535516 0.00535516 0.00535516 0.00535516 0.00535517 0.00535518 0.0053552 0.00535526 0.0053554 0.0053557 0.00535636 0.00535769 0.00536031 0.00536521 0.00537394 0.00538875 0.0054126 0.00544893 0.00550098 0.00557037 0.00565452 0.00574212 0.00580534 0.00578867 0.00559864 0.00510708 0.00418415 0.00276263 0.000903008 -0.00119245 -0.00324181 -0.00498703 -0.00626925 -0.00703457 -0.00728682 -0.00703457 -0.00626925 -0.00498703 -0.00324181 -0.00119245 0.000903008 0.00276263 0.00418415 0.00510708 0.00559864 0.00578867 0.00580534 0.00574212 0.00565452 0.00557037 0.00550098 0.00544893 0.0054126 0.00538875 0.00537394 0.00536521 0.00536031 0.00535769 0.00535636 0.0053557 0.0053554 0.00535526 0.0053552 0.00535518 0.00535517 0.00535516 0.00535516 0.00535516 0.00535516 0.00535516 0.00535516 0.00535516 0.00535516 0.00535516 0.00535516 0.00535516 0.00535516 0.00535516 0.00535516 0.00535516 0.00535516 0.00535516 0.00535516 0.00535516 0.00535516 0.00535516 0.00535516 0.00535516 0.00535516 0.00535516 0.00535516 0.00535516 0.00535516 0.00535516 0.00535516 0.00535516 0.00535516 0.00535516 0.00535516 0.00535516 0.00535516 0.00535516 0.00535516 0.00535516 0.00535516 0.00535516 0.00535516 0.00535516 0.00535516 0.00535516 0.00535516 0.00535516 0.00535516 0.00535516 0.00535516 
0.00535516 0.00535516 0.00535516 0.00535516 0.00535516 0.00535516 0.00535516 0.00535516 0.00535516 0.00535516 0.00535516 0.00535516 0.00535516 0.00535516 0.00535516 0.00535516 0.00535516 0.00535516 0.00535516 0.00535516 0.00535516 0.00535516 0.00535516 0.00535516 0.00535516 0.00535516 0.00535516 0.00535516 0.00535516 0.00535516 0.00535516 0.00535516 0.00535516 0.00535516 0.00535516 0.00535516 0.00535516 0.00535516 0.00535516 0.00535516 0.00535516 0.00535516 0.00535516 0.00535516 0.00535516 0.00535516 0.00535516 0.00535516 0.00535516 0.00535516 0.00535516 0.00535516 0.00535516 0.00535516 0.00535516 0.00535516 0.00535516 0.00535516 0.00535516 0.00535516 0.00535516 0.00535516 0.00535516 0.00535516 0.00535516 0.00535516 0.00535516 0.00535516 0.00535516 0.00535516 0.00535516 0.00535516 0.00535516 0.00535516 0.00535516 0.00535516 0.00535516 0.00535516 0.00535516 0.00535516 0.00535516 0.00535516 0.00535516 0.00535516 0.00535516 0.00535516 0.00535516 0.00535516 0.00535516 0.00535517 0.00535518 0.0053552 0.00535526 0.0053554 0.0053557 0.00535636 0.00535769 0.00536031 0.00536521 0.00537394 0.00538875 0.0054126 0.00544893 0.00550098 0.00557037 0.00565452 0.00574212 0.00580534 0.00578867 0.00559864 0.00510708 0.00418415 0.00276263 0.000903008 -0.00119245 -0.00324181 -0.00498703 -0.00626925 -0.00703457 -0.00728682 -0.00703457 -0.00626925 -0.00498703 -0.00324181 -0.00119245 0.000903008 0.00276263 0.00418415 0.00510708 0.00559864 0.00578867 0.00580534 0.00574212 0.00565452 0.00557037 0.00550098 0.00544893 0.0054126 0.00538875 0.00537394 0.00536521 0.00536031 0.00535769 0.00535636 0.0053557 0.0053554 0.00535526 0.0053552 0.00535518 0.00535517 0.00535516 0.00535516 0.00535516 0.00535516 0.00535516 0.00535516 0.00535516 0.00535516 0.00535516 0.00535516 0.00535516 0.00535516 0.00535516 0.00535516 0.00535516 0.00535516 0.00535516 0.00535516 0.00535516 0.00535516 0.00535516 0.00535516 0.00535516 0.00535516 0.00535516 0.00535516 0.00535516 0.00535516 0.00535516 0.00535516 0.00535516 0.00535516 0.00535516 0.00535516 0.00535516 0.00535516 0.00535516 0.00535516 0.00535516 0.00535516 0.00535516 0.00535516 0.00535516 0.00535516 0.00535516 0.00535516 0.00535516 0.00535516 0.00535516 0.00535516 
0.00535516 0.00535516 0.00535516 0.00535516 0.00535516 0.00535516 0.00535516 0.00535516 0.00535516 0.00535516 0.00535516 0.00535516 0.00535516 0.00535516 0.00535516 0.00535516 0.00535516 0.00535516 0.00535516 0.00535516 0.00535516 0.00535516 0.00535516 0.00535516 0.00535516 0.00535516 0.00535516 0.00535516 0.00535516 0.00535516 0.00535516 0.00535516 0.00535516 0.00535516 0.00535516 0.00535516 0.00535516 0.00535516 0.00535516 0.00535516 0.00535516 0.00535516 0.00535516 0.00535516 0.00535516 0.00535516 0.00535516 0.00535516 0.00535516 0.00535516 0.00535516 0.00535516 0.00535516 0.00535516 0.00535516 0.00535516 0.00535516 0.00535516 0.00535516 0.00535516 0.00535516 0.00535516 0.00535516 0.00535516 0.00535516 0.00535516 0.00535516 0.00535516 0.00535516 0.00535516 0.00535516 0.00535516 0.00535516 0.00535516 0.00535516 0.00535516 0.00535516 0.00535516 0.00535516 0.00535516 0.00535516 0.00535516 0.00535516 0.00535516 0.00535516 0.00535516 0.00535516 0.00535516 0.00535516 0.00535517 0.00535518 0.0053552 0.00535526 0.0053554 0.0053557 0.00535636 0.00535769 0.00536031 0.00536521 0.00537394 0.00538875 0.0054126 0.00544893 0.00550098 0.00557037 0.00565452 0.00574212 0.00580534 0.00578867 0.00559864 0.00510708 0.00418415 0.00276263 0.000903008 -0.00119245 -0.00324181 -0.00498703 -0.00626925 -0.00703457 -0.00728682 -0.00703457 -0.00626925 -0.00498703 -0.00324181 -0.00119245 0.000903008 0.00276263 0.00418415 0.00510708 0.00559864 0.00578867 0.00580534 0.00574212 0.00565452 0.00557037 0.00550098 0.00544893 0.0054126 0.00538875 0.00537394 0.00536521 0.00536031 0.00535769 0.00535636 0.0053557 0.0053554 0.00535526 0.0053552 0.00535518 0.00535517 0.00535516 0.00535516 0.00535516 0.00535516 0.00535516 0.00535516 0.00535516 0.00535516 0.00535516 0.00535516 0.00535516 0.00535516 0.00535516 0.00535516 0.00535516 0.00535516 0.00535516 0.00535516 0.00535516 0.00535516 0.00535516 0.00535516 0.00535516 0.00535516 0.00535516 0.00535516 0.00535516 0.00535516 0.00535516 0.00535516 0.00535516 0.00535516 0.00535516 0.00535516 0.00535516 0.00535516 0.00535516 0.00535516 0.00535516 0.00535516 0.00535516 0.00535516 0.00535516 0.00535516 0.00535516 0.00535516 0.00535516 0.00535516 0.00535516 0.00535516 
0.00535516 0.00535516 0.00535516 0.00535516 0.00535516 0.00535516 0.00535516 0.00535516 0.00535516 0.00535516 0.00535516 0.00535516 0.00535516 0.00535516 0.00535516 0.00535516 0.00535516 0.00535516 0.00535516 0.00535516 0.00535516 0.00535516 0.00535516 0.00535516 0.00535516 0.00535516 0.00535516 0.00535516 0.00535516 0.00535516 0.00535516 0.00535516 0.00535516 0.00535516 0.00535516 0.00535516 0.00535516 0.00535516 0.00535516 0.00535516 0.00535516 0.00535516 0.00535516 0.00535516 0.00535516 0.00535516 0.00535516 0.00535516 0.00535516 0.00535516 0.00535516 0.00535516 0.00535516 0.00535516 0.00535516 0.00535516 0.00535516 0.00535516 0.00535516 0.00535516 0.00535516 0.00535516 0.00535516 0.00535516 0.00535516 0.00535516 0.00535516 0.00535516 0.00535516 0.00535516 0.00535516 0.00535516 0.00535516 0.00535516 0.00535516 0.00535516 0.00535516 0.00535516 0.00535516 0.00535516 0.00535516 0.00535516 0.00535516 0.00535516 0.00535516 0.00535516 0.00535516 0.00535516 0.00535516 0.00535517 0.00535518 0.0053552 0.00535526 0.0053554 0.0053557 0.00535636 0.00535769 0.00536031 0.00536521 0.00537394 0.00538875 0.0054126 0.00544893 0.00550098 0.00557037 0.00565452 0.00574212 0.00580534 0.00578867 0.00559864 0.00510708 0.00418415 0.00276263 0.000903008 -0.00119245 -0.00324181 -0.00498703 -0.00626925 -0.00703457 -0.00728682 -0.00703457 -0.00626925 -0.00498703 -0.00324181 -0.00119245 0.000903008 0.00276263 0.00418415 0.00510708 0.00559864 0.00578867 0.00580534 0.00574212 0.00565452 0.00557037 0.00550098 0.00544893 0.0054126 0.00538875 0.00537394 0.00536521 0.00536031 0.00535769 0.00535636 0.0053557 0.0053554 0.00535526 0.0053552 0.00535518 0.00535517 0.00535516 0.00535516 0.00535516 0.00535516 0.00535516 0.00535516 0.00535516 0.00535516 0.00535516 0.00535516 0.00535516 0.00535516 0.00535516 0.00535516 0.00535516 0.00535516 0.00535516 0.00535516 0.00535516 0.00535516 0.00535516 0.00535516 0.00535516 0.00535516 0.00535516 0.00535516 0.00535516 0.00535516 0.00535516 0.00535516 0.00535516 0.00535516 0.00535516 0.00535516 0.00535516 0.00535516 0.00535516 0.00535516 0.00535516 0.00535516 0.00535516 0.00535516 0.00535516 0.00535516 0.00535516 0.00535516 0.00535516 0.00535516 0.00535516 0.00535516 
0.00535516 0.00535516 0.00535516 0.00535516 0.00535516 0.00535516 0.00535516 0.00535516 0.00535516 0.00535516 0.00535516 0.00535516 0.00535516 0.00535516 0.00535516 0.00535516 0.00535516 0.00535516 0.00535516 0.00535516 0.00535516 0.00535516 0.00535516 0.00535516 0.00535516 0.00535516 0.00535516 0.00535516 0.00535516 0.00535516 0.00535516 0.00535516 0.00535516 0.00535516 0.00535516 0.00535516 0.00535516 0.00535516 0.00535516 0.00535516 0.00535516 0.00535516 0.00535516 0.00535516 0.00535516 0.00535516 0.00535516 0.00535516 0.00535516 0.00535516 0.00535516 0.00535516 0.00535516 0.00535516 0.00535516 0.00535516 0.00535516 0.00535516 0.00535516 0.00535516 0.00535516 0.00535516 0.00535516 0.00535516 0.00535516 0.00535516 0.00535516 0.00535516 0.00535516 0.00535516 0.00535516 0.00535516 0.00535516 0.00535516 0.00535516 0.00535516 0.00535516 0.00535516 0.00535516 0.00535516 0.00535516 0.00535516 0.00535516 0.00535516 0.00535516 0.00535516 0.00535516 0.00535516 0.00535516 0.00535517 0.00535518 0.0053552 0.00535526 0.0053554 0.0053557 0.00535636 0.00535769 0.00536031 0.00536521 0.00537394 0.00538875 0.0054126 0.00544893 0.00550098 0.00557037 0.00565452 0.00574212 0.00580534 0.00578867 0.00559864 0.00510708 0.00418415 0.00276263 0.000903008 -0.00119245 -0.00324181 -0.00498703 -0.00626925 -0.00703457 -0.00728682 -0.00703457 -0.00626925 -0.00498703 -0.00324181 -0.00119245 0.000903008 0.00276263 0.00418415 0.00510708 0.00559864 0.00578867 0.00580534 0.00574212 0.00565452 0.00557037 0.00550098 0.00544893 0.0054126 0.00538875 0.00537394 0.00536521 0.00536031 0.00535769 0.00535636 0.0053557 0.0053554 0.00535526 0.0053552 0.00535518 0.00535517 0.00535516 0.00535516 0.00535516 0.00535516 0.00535516 0.00535516 0.00535516 0.00535516 0.00535516 0.00535516 0.00535516 0.00535516 0.00535516 0.00535516 0.00535516 0.00535516 0.00535516 0.00535516 0.00535516 0.00535516 0.00535516 0.00535516 0.00535516 0.00535516 0.00535516 0.00535516 0.00535516 0.00535516 0.00535516 0.00535516 0.00535516 0.00535516 0.00535516 0.00535516 0.00535516 0.00535516 0.00535516 0.00535516 0.00535516 0.00535516 0.00535516 0.00535516 0.00535516 0.00535516 0.00535516 0.00535516 0.00535516 0.00535516 0.00535516 0.00535516 
0.00535516 0.00535516 0.00535516 0.00535516 0.00535516 0.00535516 0.00535516 0.00535516 0.00535516 0.00535516 0.00535516 0.00535516 0.00535516 0.00535516 0.00535516 0.00535516 0.00535516 0.00535516 0.00535516 0.00535516 0.00535516 0.00535516 0.00535516 0.00535516 0.00535516 0.00535516 0.00535516 0.00535516 0.00535516 0.00535516 0.00535516 0.00535516 0.00535516 0.00535516 0.00535516 0.00535516 0.00535516 0.00535516 0.00535516 0.00535516 0.00535516 0.00535516 0.00535516 0.00535516 0.00535516 0.00535516 0.00535516 0.00535516 0.00535516 0.00535516 0.00535516 0.00535516 0.00535516 0.00535516 0.00535516 0.00535516 0.00535516 0.00535516 0.00535516 0.00535516 0.00535516 0.00535516 0.00535516 0.00535516 0.00535516 0.00535516 0.00535516 0.00535516 0.00535516 0.00535516 0.00535516 0.00535516 0.00535516 0.00535516 0.00535516 0.00535516 0.00535516 0.00535516 0.00535516 0.00535516 0.00535516 0.00535516 0.00535516 0.00535516 0.00535516 0.00535516 0.00535516 0.00535516 0.00535516 0.00535517 0.00535518 0.0053552 0.00535526 0.0053554 0.0053557 0.00535636 0.00535769 0.00536031 0.00536521 0.00537394 0.00538875 0.0054126 0.00544893 0.00550098 0.00557037 0.00565452 0.00574212 0.00580534 0.00578867 0.00559864 0.00510708 0.00418415 0.00276263 0.000903008 -0.00119245 -0.00324181 -0.00498703 -0.00626925 -0.00703457 -0.00728682 -0.00703457 -0.00626925 -0.00498703 -0.00324181 -0.00119245 0.000903008 0.00276263 0.00418415 0.00510708 0.00559864 0.00578867 0.00580534 0.00574212 0.00565452 0.00557037 0.00550098 0.00544893 0.0054126 0.00538875 0.00537394 0.00536521 0.00536031 0.00535769 0.00535636 0.0053557 0.0053554 0.00535526 0.0053552 0.00535518 0.00535517 0.00535516 0.00535516 0.00535516 0.00535516 0.00535516 0.00535516 0.00535516 0.00535516 0.00535516 0.00535516 0.00535516 0.00535516 0.00535516 0.00535516 0.00535516 0.00535516 0.00535516 0.00535516 0.00535516 0.00535516 0.00535516 0.00535516 0.00535516 0.00535516 0.00535516 0.00535516 0.00535516 0.00535516 0.00535516 0.00535516 0.00535516 0.00535516 0.00535516 0.00535516 0.00535516 0.00535516 0.00535516 0.00535516 0.00535516 0.00535516 0.00535516 0.00535516 0.00535516 0.00535516 0.00535516 0.00535516 0.00535516 0.00535516 0.00535516 0.00535516 
0.00535516 0.00535516 0.00535516 0.00535516 0.00535516 0.00535516 0.00535516 0.00535516 0.00535516 0.00535516 0.00535516 0.00535516 0.00535516 0.00535516 0.00535516 0.00535516 0.00535516 0.00535516 0.00535516 0.00535516 0.00535516 0.00535516 0.00535516 0.00535516 0.00535516 0.00535516 0.00535516 0.00535516 0.00535516 0.00535516 0.00535516 0.00535516 0.00535516 0.00535516 0.00535516 0.00535516 0.00535516 0.00535516 0.00535516 0.00535516 0.00535516 0.00535516 0.00535516 0.00535516 0.00535516 0.00535516 0.00535516 0.00535516 0.00535516 0.00535516 0.00535516 0.00535516 0.00535516 0.00535516 0.00535516 0.00535516 0.00535516 0.00535516 0.00535516 0.00535516 0.00535516 0.00535516 0.00535516 0.00535516 0.00535516 0.00535516 0.00535516 0.00535516 0.00535516 0.00535516 0.00535516 0.00535516 0.00535516 0.00535516 0.00535516 0.00535516 0.00535516 0.00535516 0.00535516 0.00535516 0.00535516 0.00535516 0.00535516 0.00535516 0.00535516 0.00535516 0.00535516 0.00535516 0.00535516 0.00535517 0.00535518 0.0053552 0.00535526 0.0053554 0.0053557 0.00535636 0.00535769 0.00536031 0.00536521 0.00537394 0.00538875 0.0054126 0.00544893 0.00550098 0.00557037 0.00565452 0.00574212 0.00580534 0.00578867 0.00559864 0.00510708 0.00418415 0.00276263 0.000903008 -0.00119245 -0.00324181 -0.00498703 -0.00626925 -0.00703457 -0.00728682 -0.00703457 -0.00626925 -0.00498703 -0.00324181 -0.00119245 0.000903008 0.00276263 0.00418415 0.00510708 0.00559864 0.00578867 0.00580534 0.00574212 0.00565452 0.00557037 0.00550098 0.00544893 0.0054126 0.00538875 0.00537394 0.00536521 0.00536031 0.00535769 0.00535636 0.0053557 0.0053554 0.00535526 0.0053552 0.00535518 0.00535517 0.00535516 0.00535516 0.00535516 0.00535516 0.00535516 0.00535516 0.00535516 0.00535516 0.00535516 0.00535516 0.00535516 0.00535516 0.00535516 0.00535516 0.00535516 0.00535516 0.00535516 0.00535516 0.00535516 0.00535516 0.00535516 0.00535516 0.00535516 0.00535516 0.00535516 0.00535516 0.00535516 0.00535516 0.00535516 0.00535516 0.00535516 0.00535516 0.00535516 0.00535516 0.00535516 0.00535516 0.00535516 0.00535516 0.00535516 0.00535516 0.00535516 0.00535516 0.00535516 0.00535516 0.00535516 0.00535516 0.00535516 0.00535516 0.00535516 0.00535516 
0.00535516 0.00535516 0.00535516 0.00535516 0.00535516 0.00535516 0.00535516 0.00535516 0.00535516 0.00535516 0.00535516 0.00535516 0.00535516 0.00535516 0.00535516 0.00535516 0.00535516 0.00535516 0.00535516 0.00535516 0.00535516 0.00535516 0.00535516 0.00535516 0.00535516 0.00535516 0.00535516 0.00535516 0.00535516 0.00535516 0.00535516 0.00535516 0.00535516 0.00535516 0.00535516 0.00535516 0.00535516 0.00535516 0.00535516 0.00535516 0.00535516 0.00535516 0.00535516 0.00535516 0.00535516 0.00535516 0.00535516 0.00535516 0.00535516 0.00535516 0.00535516 0.00535516 0.00535516 0.00535516 0.00535516 0.00535516 0.00535516 0.00535516 0.00535516 0.00535516 0.00535516 0.00535516 0.00535516 0.00535516 0.00535516 0.00535516 0.00535516 0.00535516 0.00535516 0.00535516 0.00535516 0.00535516 0.00535516 0.00535516 0.00535516 0.00535516 0.00535516 0.00535516 0.00535516 0.00535516 0.00535516 0.00535516 0.00535516 0.00535516 0.00535516 0.00535516 0.00535516 0.00535516 0.00535516 0.00535517 0.00535518 0.0053552 0.00535526 0.0053554 0.0053557 0.00535636 0.00535769 0.00536031 0.00536521 0.00537394 0.00538875 0.0054126 0.00544893 0.00550098 0.00557037 0.00565452 0.00574212 0.00580534 0.00578867 0.00559864 0.00510708 0.00418415 0.00276263 0.000903008 -0.00119245 -0.00324181 -0.00498703 -0.00626925 -0.00703457 -0.00728682 -0.00703457 -0.00626925 -0.00498703 -0.00324181 -0.00119245 0.000903008 0.00276263 0.00418415 0.00510708 0.00559864 0.00578867 0.00580534 0.00574212 0.00565452 0.00557037 0.00550098 0.00544893 0.0054126 0.00538875 0.00537394 0.00536521 0.00536031 0.00535769 0.00535636 0.0053557 0.0053554 0.00535526 0.0053552 0.00535518 0.00535517 0.00535516 0.00535516 0.00535516 0.00535516 0.00535516 0.00535516 0.00535516 0.00535516 0.00535516 0.00535516 0.00535516 0.00535516 0.00535516 0.00535516 0.00535516 0.00535516 0.00535516 0.00535516 0.00535516 0.00535516 0.00535516 0.00535516 0.00535516 0.00535516 0.00535516 0.00535516 0.00535516 0.00535516 0.00535516 0.00535516 0.00535516 0.00535516 0.00535516 0.00535516 0.00535516 0.00535516 0.00535516 0.00535516 0.00535516 0.00535516 0.00535516 0.00535516 0.00535516 0.00535516 0.00535516 0.00535516 0.00535516 0.00535516 0.00535516 0.00535516 
0.00535516 0.00535516 0.00535516 0.00535516 0.00535516 0.00535516 0.00535516 0.00535516 0.00535516 0.00535516 0.00535516 0.00535516 0.00535516 0.00535516 0.00535516 0.00535516 0.00535516 0.00535516 0.00535516 0.00535516 0.00535516 0.00535516 0.00535516 0.00535516 0.00535516 0.00535516 0.00535516 0.00535516 0.00535516 0.00535516 0.00535516 0.00535516 0.00535516 0.00535516 0.00535516 0.00535516 0.00535516 0.00535516 0.00535516 0.00535516 0.00535516 0.00535516 0.00535516 0.00535516 0.00535516 0.00535516 0.00535516 0.00535516 0.00535516 0.00535516 0.00535516 0.00535516 0.00535516 0.00535516 0.00535516 0.00535516 0.00535516 0.00535516 0.00535516 0.00535516 0.00535516 0.00535516 0.00535516 0.00535516 0.00535516 0.00535516 0.00535516 0.00535516 0.00535516 0.00535516 0.00535516 0.00535516 0.00535516 0.00535516 0.00535516 0.00535516 0.00535516 0.00535516 0.00535516 0.00535516 0.00535516 0.00535516 0.00535516 0.00535516 0.00535516 0.00535516 0.00535516 0.00535516 0.00535516 0.00535517 0.00535518 0.0053552 0.00535526 0.0053554 0.0053557 0.00535636 0.00535769 0.00536031 0.00536521 0.00537394 0.00538875 0.0054126 0.00544893 0.00550098 0.00557037 0.00565452 0.00574212 0.00580534 0.00578867 0.00559864 0.00510708 0.00418415 0.00276263 0.000903008 -0.00119245 -0.00324181 -0.00498703 -0.00626925 -0.00703457 -0.00728682 -0.00703457 -0.00626925 -0.00498703 -0.00324181 -0.00119245 0.000903008 0.00276263 0.00418415 0.00510708 0.00559864 0.00578867 0.00580534 0.00574212 0.00565452 0.00557037 0.00550098 0.00544893 0.0054126 0.00538875 0.00537394 0.00536521 0.00536031 0.00535769 0.00535636 0.0053557 0.0053554 0.00535526 0.0053552 0.00535518 0.00535517 0.00535516 0.00535516 0.00535516 0.00535516 0.00535516 0.00535516 0.00535516 0.00535516 0.00535516 0.00535516 0.00535516 0.00535516 0.00535516 0.00535516 0.00535516 0.00535516 0.00535516 0.00535516 0.00535516 0.00535516 0.00535516 0.00535516 0.00535516 0.00535516 0.00535516 0.00535516 0.00535516 0.00535516 0.00535516 0.00535516 0.00535516 0.00535516 0.00535516 0.00535516 0.00535516 0.00535516 0.00535516 0.00535516 0.00535516 0.00535516 0.00535516 0.00535516 0.00535516 0.00535516 0.00535516 0.00535516 0.00535516 0.00535516 0.00535516 0.00535516 
0.00535516 0.00535516 0.00535516 0.00535516 0.00535516 0.00535516 0.00535516 0.00535516 0.00535516 0.00535516 0.00535516 0.00535516 0.00535516 0.00535516 0.00535516 0.00535516 0.00535516 0.00535516 0.00535516 0.00535516 0.00535516 0.00535516 0.00535516 0.00535516 0.00535516 0.00535516 0.00535516 0.00535516 0.00535516 0.00535516 0.00535516 0.00535516 0.00535516 0.00535516 0.00535516 0.00535516 0.00535516 0.00535516 0.00535516 0.00535516 0.00535516 0.00535516 0.00535516 0.00535516 0.00535516 0.00535516 0.00535516 0.00535516 0.00535516 0.00535516 0.00535516 0.00535516 0.00535516 0.00535516 0.00535516 0.00535516 0.00535516 0.00535516 0.00535516 0.00535516 0.00535516 0.00535516 0.00535516 0.00535516 0.00535516 0.00535516 0.00535516 0.00535516 0.00535516 0.00535516 0.00535516 0.00535516 0.00535516 0.00535516 0.00535516 0.00535516 0.00535516 0.00535516 0.00535516 0.00535516 0.00535516 0.00535516 0.00535516 0.00535516 0.00535516 0.00535516 0.00535516 0.00535516 0.00535516 0.00535517 0.00535518 0.0053552 0.00535526 0.0053554 0.0053557 0.00535636 0.00535769 0.00536031 0.00536521 0.00537394 0.00538875 0.0054126 0.00544893 0.00550098 0.00557037 0.00565452 0.00574212 0.00580534 0.00578867 0.00559864 0.00510708 0.00418415 0.00276263 0.000903008 -0.00119245 -0.00324181 -0.00498703 -0.00626925 -0.00703457 -0.00728682 -0.00703457 -0.00626925 -0.00498703 -0.00324181 -0.00119245 0.000903008 0.00276263 0.00418415 0.00510708 0.00559864 0.00578867 0.00580534 0.00574212 0.00565452 0.00557037 0.00550098 0.00544893 0.0054126 0.00538875 0.00537394 0.00536521 0.00536031 0.00535769 0.00535636 0.0053557 0.0053554 0.00535526 0.0053552 0.00535518 0.00535517 0.00535516 0.00535516 0.00535516 0.00535516 0.00535516 0.00535516 0.00535516 0.00535516 0.00535516 0.00535516 0.00535516 0.00535516 0.00535516 0.00535516 0.00535516 0.00535516 0.00535516 0.00535516 0.00535516 0.00535516 0.00535516 0.00535516 0.00535516 0.00535516 0.00535516 0.00535516 0.00535516 0.00535516 0.00535516 0.00535516 0.00535516 0.00535516 0.00535516 0.00535516 0.00535516 0.00535516 0.00535516 0.00535516 0.00535516 0.00535516 0.00535516 0.00535516 0.00535516 0.00535516 0.00535516 0.00535516 0.00535516 0.00535516 0.00535516 0.00535516 
0.00535516 0.00535516 0.00535516 0.00535516 0.00535516 0.00535516 0.00535516 0.00535516 0.00535516 0.00535516 0.00535516 0.00535516 0.00535516 0.00535516 0.00535516 0.00535516 0.00535516 0.00535516 0.00535516 0.00535516 0.00535516 0.00535516 0.00535516 0.00535516 0.00535516 0.00535516 0.00535516 0.00535516 0.00535516 0.00535516 0.00535516 0.00535516 0.00535516 0.00535516 0.00535516 0.00535516 0.00535516 0.00535516 0.00535516 0.00535516 0.00535516 0.00535516 0.00535516 0.00535516 0.00535516 0.00535516 0.00535516 0.00535516 0.00535516 0.00535516 0.00535516 0.00535516 0.00535516 0.00535516 0.00535516 0.00535516 0.00535516 0.00535516 0.00535516 0.00535516 0.00535516 0.00535516 0.00535516 0.00535516 0.00535516 0.00535516 0.00535516 0.00535516 0.00535516 0.00535516 0.00535516 0.00535516 0.00535516 0.00535516 0.00535516 0.00535516 0.00535516 0.00535516 0.00535516 0.00535516 0.00535516 0.00535516 0.00535516 0.00535516 0.00535516 0.00535516 0.00535516 0.00535516 0.00535516 0.00535517 0.00535518 0.0053552 0.00535526 0.0053554 0.0053557 0.00535636 0.00535769 0.00536031 0.00536521 0.00537394 0.00538875 0.0054126 0.00544893 0.00550098 0.00557037 0.00565452 0.00574212 0.00580534 0.00578867 0.00559864 0.00510708 0.00418415 0.00276263 0.000903008 -0.00119245 -0.00324181 -0.00498703 -0.00626925 -0.00703457 -0.00728682 -0.00703457 -0.00626925 -0.00498703 -0.00324181 -0.00119245 0.000903008 0.00276263 0.00418415 0.00510708 0.00559864 0.00578867 0.00580534 0.00574212 0.00565452 0.00557037 0.00550098 0.00544893 0.0054126 0.00538875 0.00537394 0.00536521 0.00536031 0.00535769 0.00535636 0.0053557 0.0053554 0.00535526 0.0053552 0.00535518 0.00535517 0.00535516 0.00535516 0.00535516 0.00535516 0.00535516 0.00535516 0.00535516 0.00535516 0.00535516 0.00535516 0.00535516 0.00535516 0.00535516 0.00535516 0.00535516 0.00535516 0.00535516 0.00535516 0.00535516 0.00535516 0.00535516 0.00535516 0.00535516 0.00535516 0.00535516 0.00535516 0.00535516 0.00535516 0.00535516 0.00535516 0.00535516 0.00535516 0.00535516 0.00535516 0.00535516 0.00535516 0.00535516 0.00535516 0.00535516 0.00535516 0.00535516 0.00535516 0.00535516 0.00535516 0.00535516 0.00535516 0.00535516 0.00535516 0.00535516 0.00535516 
0.00535516 0.00535516 0.00535516 0.00535516 0.00535516 0.00535516 0.00535516 0.00535516 0.00535516 0.00535516 0.00535516 0.00535516 0.00535516 0.00535516 0.00535516 0.00535516 0.00535516 0.00535516 0.00535516 0.00535516 0.00535516 0.00535516 0.00535516 0.00535516 0.00535516 0.00535516 0.00535516 0.00535516 0.00535516 0.00535516 0.00535516 0.00535516 0.00535516 0.00535516 0.00535516 0.00535516 0.00535516 0.00535516 0.00535516 0.00535516 0.00535516 0.00535516 0.00535516 0.00535516 0.00535516 0.00535516 0.00535516 0.00535516 0.00535516 0.00535516 0.00535516 0.00535516 0.00535516 0.00535516 0.00535516 0.00535516 0.00535516 0.00535516 0.00535516 0.00535516 0.00535516 0.00535516 0.00535516 0.00535516 0.00535516 0.00535516 0.00535516 0.00535516 0.00535516 0.00535516 0.00535516 0.00535516 0.00535516 0.00535516 0.00535516 0.00535516 0.00535516 0.00535516 0.00535516 0.00535516 0.00535516 0.00535516 0.00535516 0.00535516 0.00535516 0.00535516 0.00535516 0.00535516 0.00535516 0.00535517 0.00535518 0.0053552 0.00535526 0.0053554 0.0053557 0.00535636 0.00535769 0.00536031 0.00536521 0.00537394 0.00538875 0.0054126 0.00544893 0.00550098 0.00557037 0.00565452 0.00574212 0.00580534 0.00578867 0.00559864 0.00510708 0.00418415 0.00276263 0.000903008 -0.00119245 -0.00324181 -0.00498703 -0.00626925 -0.00703457 -0.00728682 -0.00703457 -0.00626925 -0.00498703 -0.00324181 -0.00119245 0.000903008 0.00276263 0.00418415 0.00510708 0.00559864 0.00578867 0.00580534 0.00574212 0.00565452 0.00557037 0.00550098 0.00544893 0.0054126 0.00538875 0.00537394 0.00536521 0.00536031 0.00535769 0.00535636 0.0053557 0.0053554 0.00535526 0.0053552 0.00535518 0.00535517 0.00535516 0.00535516 0.00535516 0.00535516 0.00535516 0.00535516 0.00535516 0.00535516 0.00535516 0.00535516 0.00535516 0.00535516 0.00535516 0.00535516 0.00535516 0.00535516 0.00535516 0.00535516 0.00535516 0.00535516 0.00535516 0.00535516 0.00535516 0.00535516 0.00535516 0.00535516 0.00535516 0.00535516 0.00535516 0.00535516 0.00535516 0.00535516 0.00535516 0.00535516 0.00535516 0.00535516 0.00535516 0.00535516 0.00535516 0.00535516 0.00535516 0.00535516 0.00535516 0.00535516 0.00535516 0.00535516 0.00535516 0.00535516 0.00535516 0.00535516 
0.00535516 0.00535516 0.00535516 0.00535516 0.00535516 0.00535516 0.00535516 0.00535516 0.00535516 0.00535516 0.00535516 0.00535516 0.00535516 0.00535516 0.00535516 0.00535516 0.00535516 0.00535516 0.00535516 0.00535516 0.00535516 0.00535516 0.00535516 0.00535516 0.00535516 0.00535516 0.00535516 0.00535516 0.00535516 0.00535516 0.00535516 0.00535516 0.00535516 0.00535516 0.00535516 0.00535516 0.00535516 0.00535516 0.00535516 0.00535516 0.00535516 0.00535516 0.00535516 0.00535516 0.00535516 0.00535516 0.00535516 0.00535516 0.00535516 0.00535516 0.00535516 0.00535516 0.00535516 0.00535516 0.00535516 0.00535516 0.00535516 0.00535516 0.00535516 0.00535516 0.00535516 0.00535516 0.00535516 0.00535516 0.00535516 0.00535516 0.00535516 0.00535516 0.00535516 0.00535516 0.00535516 0.00535516 0.00535516 0.00535516 0.00535516 0.00535516 0.00535516 0.00535516 0.00535516 0.00535516 0.00535516 0.00535516 0.00535516 0.00535516 0.00535516 0.00535516 0.00535516 0.00535516 0.00535516 0.00535517 0.00535518 0.0053552 0.00535526 0.0053554 0.0053557 0.00535636 0.00535769 0.00536031 0.00536521 0.00537394 0.00538875 0.0054126 0.00544893 0.00550098 0.00557037 0.00565452 0.00574212 0.00580534 0.00578867 0.00559864 0.00510708 0.00418415 0.00276263 0.000903008 -0.00119245 -0.00324181 -0.00498703 -0.00626925 -0.00703457 -0.00728682 -0.00703457 -0.00626925 -0.00498703 -0.00324181 -0.00119245 0.000903008 0.00276263 0.00418415 0.00510708 0.00559864 0.00578867 0.00580534 0.00574212 0.00565452 0.00557037 0.00550098 0.00544893 0.0054126 0.00538875 0.00537394 0.00536521 0.00536031 0.00535769 0.00535636 0.0053557 0.0053554 0.00535526 0.0053552 0.00535518 0.00535517 0.00535516 0.00535516 0.00535516 0.00535516 0.00535516 0.00535516 0.00535516 0.00535516 0.00535516 0.00535516 0.00535516 0.00535516 0.00535516 0.00535516 0.00535516 0.00535516 0.00535516 0.00535516 0.00535516 0.00535516 0.00535516 0.00535516 0.00535516 0.00535516 0.00535516 0.00535516 0.00535516 0.00535516 0.00535516 0.00535516 0.00535516 0.00535516 0.00535516 0.00535516 0.00535516 0.00535516 0.00535516 0.00535516 0.00535516 0.00535516 0.00535516 0.00535516 0.00535516 0.00535516 0.00535516 0.00535516 0.00535516 0.00535516 0.00535516 0.00535516 
0.00535516 0.00535516 0.00535516 0.00535516 0.00535516 0.00535516 0.00535516 0.00535516 0.00535516 0.00535516 0.00535516 0.00535516 0.00535516 0.00535516 0.00535516 0.00535516 0.00535516 0.00535516 0.00535516 0.00535516 0.00535516 0.00535516 0.00535516 0.00535516 0.00535516 0.00535516 0.00535516 0.00535516 0.00535516 0.00535516 0.00535516 0.00535516 0.00535516 0.00535516 0.00535516 0.00535516 0.00535516 0.00535516 0.00535516 0.00535516 0.00535516 0.00535516 0.00535516 0.00535516 0.00535516 0.00535516 0.00535516 0.00535516 0.00535516 0.00535516 0.00535516 0.00535516 0.00535516 0.00535516 0.00535516 0.00535516 0.00535516 0.00535516 0.00535516 0.00535516 0.00535516 0.00535516 0.00535516 0.00535516 0.00535516 0.00535516 0.00535516 0.00535516 0.00535516 0.00535516 0.00535516 0.00535516 0.00535516 0.00535516 0.00535516 0.00535516 0.00535516 0.00535516 0.00535516 0.00535516 0.00535516 0.00535516 0.00535516 0.00535516 0.00535516 0.00535516 0.00535516 0.00535516 0.00535516 0.00535517 0.00535518 0.0053552 0.00535526 0.0053554 0.0053557 0.00535636 0.00535769 0.00536031 0.00536521 0.00537394 0.00538875 0.0054126 0.00544893 0.00550098 0.00557037 0.00565452 0.00574212 0.00580534 0.00578867 0.00559864 0.00510708 0.00418415 0.00276263 0.000903008 -0.00119245 -0.00324181 -0.00498703 -0.00626925 -0.00703457 -0.00728682 -0.00703457 -0.00626925 -0.00498703 -0.00324181 -0.00119245 0.000903008 0.00276263 0.00418415 0.00510708 0.00559864 0.00578867 0.00580534 0.00574212 0.00565452 0.00557037 0.00550098 0.00544893 0.0054126 0.00538875 0.00537394 0.00536521 0.00536031 0.00535769 0.00535636 0.0053557 0.0053554 0.00535526 0.0053552 0.00535518 0.00535517 0.00535516 0.00535516 0.00535516 0.00535516 0.00535516 0.00535516 0.00535516 0.00535516 0.00535516 0.00535516 0.00535516 0.00535516 0.00535516 0.00535516 0.00535516 0.00535516 0.00535516 0.00535516 0.00535516 0.00535516 0.00535516 0.00535516 0.00535516 0.00535516 0.00535516 0.00535516 0.00535516 0.00535516 0.00535516 0.00535516 0.00535516 0.00535516 0.00535516 0.00535516 0.00535516 0.00535516 0.00535516 0.00535516 0.00535516 0.00535516 0.00535516 0.00535516 0.00535516 0.00535516 0.00535516 0.00535516 0.00535516 0.00535516 0.00535516 0.00535516 
0.00535516 0.00535516 0.00535516 0.00535516 0.00535516 0.00535516 0.00535516 0.00535516 0.00535516 0.00535516 0.00535516 0.00535516 0.00535516 0.00535516 0.00535516 0.00535516 0.00535516 0.00535516 0.00535516 0.00535516 0.00535516 0.00535516 0.00535516 0.00535516 0.00535516 0.00535516 0.00535516 0.00535516 0.00535516 0.00535516 0.00535516 0.00535516 0.00535516 0.00535516 0.00535516 0.00535516 0.00535516 0.00535516 0.00535516 0.00535516 0.00535516 0.00535516 0.00535516 0.00535516 0.00535516 0.00535516 0.00535516 0.00535516 0.00535516 0.00535516 0.00535516 0.00535516 0.00535516 0.00535516 0.00535516 0.00535516 0.00535516 0.00535516 0.00535516 0.00535516 0.00535516 0.00535516 0.00535516 0.00535516 0.00535516 0.00535516 0.00535516 0.00535516 0.00535516 0.00535516 0.00535516 0.00535516 0.00535516 0.00535516 0.00535516 0.00535516 0.00535516 0.00535516 0.00535516 0.00535516 0.00535516 0.00535516 0.00535516 0.00535516 0.00535516 0.00535516 0.00535516 0.00535516 0.00535516 0.00535517 0.00535518 0.0053552 0.00535526 0.0053554 0.0053557 0.00535636 0.00535769 0.00536031 0.00536521 0.00537394 0.00538875 0.0054126 0.00544893 0.00550098 0.00557037 0.00565452 0.00574212 0.00580534 0.00578867 0.00559864 0.00510708 0.00418415 0.00276263 0.000903008 -0.00119245 -0.00324181 -0.00498703 -0.00626925 -0.00703457 -0.00728682 -0.00703457 -0.00626925 -0.00498703 -0.00324181 -0.00119245 0.000903008 0.00276263 0.00418415 0.00510708 0.00559864 0.00578867 0.00580534 0.00574212 0.00565452 0.00557037 0.00550098 0.00544893 0.0054126 0.00538875 0.00537394 0.00536521 0.00536031 0.00535769 0.00535636 0.0053557 0.0053554 0.00535526 0.0053552 0.00535518 0.00535517 0.00535516 0.00535516 0.00535516 0.00535516 0.00535516 0.00535516 0.00535516 0.00535516 0.00535516 0.00535516 0.00535516 0.00535516 0.00535516 0.00535516 0.00535516 0.00535516 0.00535516 0.00535516 0.00535516 0.00535516 0.00535516 0.00535516 0.00535516 0.00535516 0.00535516 0.00535516 0.00535516 0.00535516 0.00535516 0.00535516 0.00535516 0.00535516 0.00535516 0.00535516 0.00535516 0.00535516 0.00535516 0.00535516 0.00535516 0.00535516 0.00535516 0.00535516 0.00535516 0.00535516 0.00535516 0.00535516 0.00535516 0.00535516 0.00535516 0.00535516 
0.00535516 0.00535516 0.00535516 0.00535516 0.00535516 0.00535516 0.00535516 0.00535516 0.00535516 0.00535516 0.00535516 0.00535516 0.00535516 0.00535516 0.00535516 0.00535516 0.00535516 0.00535516 0.00535516 0.00535516 0.00535516 0.00535516 0.00535516 0.00535516 0.00535516 0.00535516 0.00535516 0.00535516 0.00535516 0.00535516 0.00535516 0.00535516 0.00535516 0.00535516 0.00535516 0.00535516 0.00535516 0.00535516 0.00535516 0.00535516 0.00535516 0.00535516 0.00535516 0.00535516 0.00535516 0.00535516 0.00535516 0.00535516 0.00535516 0.00535516 0.00535516 0.00535516 0.00535516 0.00535516 0.00535516 0.00535516 0.00535516 0.00535516 0.00535516 0.00535516 0.00535516 0.00535516 0.00535516 0.00535516 0.00535516 0.00535516 0.00535516 0.00535516 0.00535516 0.00535516 0.00535516 0.00535516 0.00535516 0.00535516 0.00535516 0.00535516 0.00535516 0.00535516 0.00535516 0.00535516 0.00535516 0.00535516 0.00535516 0.00535516 0.00535516 0.00535516 0.00535516 0.00535516 0.00535516 0.00535517 0.00535518 0.0053552 0.00535526 0.0053554 0.0053557 0.00535636 0.00535769 0.00536031 0.00536521 0.00537394 0.00538875 0.0054126 0.00544893 0.00550098 0.00557037 0.00565452 0.00574212 0.00580534 0.00578867 0.00559864 0.00510708 0.00418415 0.00276263 0.000903008 -0.00119245 -0.00324181 -0.00498703 -0.00626925 -0.00703457 -0.00728682 -0.00703457 -0.00626925 -0.00498703 -0.00324181 -0.00119245 0.000903008 0.00276263 0.00418415 0.00510708 0.00559864 0.00578867 0.00580534 0.00574212 0.00565452 0.00557037 0.00550098 0.00544893 0.0054126 0.00538875 0.00537394 0.00536521 0.00536031 0.00535769 0.00535636 0.0053557 0.0053554 0.00535526 0.0053552 0.00535518 0.00535517 0.00535516 0.00535516 0.00535516 0.00535516 0.00535516 0.00535516 0.00535516 0.00535516 0.00535516 0.00535516 0.00535516 0.00535516 0.00535516 0.00535516 0.00535516 0.00535516 0.00535516 0.00535516 0.00535516 0.00535516 0.00535516 0.00535516 0.00535516 0.00535516 0.00535516 0.00535516 0.00535516 0.00535516 0.00535516 0.00535516 0.00535516 0.00535516 0.00535516 0.00535516 0.00535516 0.00535516 0.00535516 0.00535516 0.00535516 0.00535516 0.00535516 0.00535516 0.00535516 0.00535516 0.00535516 0.00535516 0.00535516 0.00535516 0.00535516 0.00535516 
0.00535516 0.00535516 0.00535516 0.00535516 0.00535516 0.00535516 0.00535516 0.00535516 0.00535516 0.00535516 0.00535516 0.00535516 0.00535516 0.00535516 0.00535516 0.00535516 0.00535516 0.00535516 0.00535516 0.00535516 0.00535516 0.00535516 0.00535516 0.00535516 0.00535516 0.00535516 0.00535516 0.00535516 0.00535516 0.00535516 0.00535516 0.00535516 0.00535516 0.00535516 0.00535516 0.00535516 0.00535516 0.00535516 0.00535516 0.00535516 0.00535516 0.00535516 0.00535516 0.00535516 0.00535516 0.00535516 0.00535516 0.00535516 0.00535516 0.00535516 0.00535516 0.00535516 0.00535516 0.00535516 0.00535516 0.00535516 0.00535516 0.00535516 0.00535516 0.00535516 0.00535516 0.00535516 0.00535516 0.00535516 0.00535516 0.00535516 0.00535516 0.00535516 0.00535516 0.00535516 0.00535516 0.00535516 0.00535516 0.00535516 0.00535516 0.00535516 0.00535516 0.00535516 0.00535516 0.00535516 0.00535516 0.00535516 0.00535516 0.00535516 0.00535516 0.00535516 0.00535516 0.00535516 0.00535516 0.00535517 0.00535518 0.0053552 0.00535526 0.0053554 0.0053557 0.00535636 0.00535769 0.00536031 0.00536521 0.00537394 0.00538875 0.0054126 0.00544893 0.00550098 0.00557037 0.00565452 0.00574212 0.00580534 0.00578867 0.00559864 0.00510708 0.00418415 0.00276263 0.000903008 -0.00119245 -0.00324181 -0.00498703 -0.00626925 -0.00703457 -0.00728682 -0.00703457 -0.00626925 -0.00498703 -0.00324181 -0.00119245 0.000903008 0.00276263 0.00418415 0.00510708 0.00559864 0.00578867 0.00580534 0.00574212 0.00565452 0.00557037 0.00550098 0.00544893 0.0054126 0.00538875 0.00537394 0.00536521 0.00536031 0.00535769 0.00535636 0.0053557 0.0053554 0.00535526 0.0053552 0.00535518 0.00535517 0.00535516 0.00535516 0.00535516 0.00535516 0.00535516 0.00535516 0.00535516 0.00535516 0.00535516 0.00535516 0.00535516 0.00535516 0.00535516 0.00535516 0.00535516 0.00535516 0.00535516 0.00535516 0.00535516 0.00535516 0.00535516 0.00535516 0.00535516 0.00535516 0.00535516 0.00535516 0.00535516 0.00535516 0.00535516 0.00535516 0.00535516 0.00535516 0.00535516 0.00535516 0.00535516 0.00535516 0.00535516 0.00535516 0.00535516 0.00535516 0.00535516 0.00535516 0.00535516 0.00535516 0.00535516 0.00535516 0.00535516 0.00535516 0.00535516 0.00535516 
0.00535516 0.00535516 0.00535516 0.00535516 0.00535516 0.00535516 0.00535516 0.00535516 0.00535516 0.00535516 0.00535516 0.00535516 0.00535516 0.00535516 0.00535516 0.00535516 0.00535516 0.00535516 0.00535516 0.00535516 0.00535516 0.00535516 0.00535516 0.00535516 0.00535516 0.00535516 0.00535516 0.00535516 0.00535516 0.00535516 0.00535516 0.00535516 0.00535516 0.00535516 0.00535516 0.00535516 0.00535516 0.00535516 0.00535516 0.00535516 0.00535516 0.00535516 0.00535516 0.00535516 0.00535516 0.00535516 0.00535516 0.00535516 0.00535516 0.00535516 0.00535516 0.00535516 0.00535516 0.00535516 0.00535516 0.00535516 0.00535516 0.00535516 0.00535516 0.00535516 0.00535516 0.00535516 0.00535516 0.00535516 0.00535516 0.00535516 0.00535516 0.00535516 0.00535516 0.00535516 0.00535516 0.00535516 0.00535516 0.00535516 0.00535516 0.00535516 0.00535516 0.00535516 0.00535516 0.00535516 0.00535516 0.00535516 0.00535516 0.00535516 0.00535516 0.00535516 0.00535516 0.00535516 0.00535516 0.00535517 0.00535518 0.0053552 0.00535526 0.0053554 0.0053557 0.00535636 0.00535769 0.00536031 0.00536521 0.00537394 0.00538875 0.0054126 0.00544893 0.00550098 0.00557037 0.00565452 0.00574212 0.00580534 0.00578867 0.00559864 0.00510708 0.00418415 0.00276263 0.000903008 -0.00119245 -0.00324181 -0.00498703 -0.00626925 -0.00703457 -0.00728682 -0.00703457 -0.00626925 -0.00498703 -0.00324181 -0.00119245 0.000903008 0.00276263 0.00418415 0.00510708 0.00559864 0.00578867 0.00580534 0.00574212 0.00565452 0.00557037 0.00550098 0.00544893 0.0054126 0.00538875 0.00537394 0.00536521 0.00536031 0.00535769 0.00535636 0.0053557 0.0053554 0.00535526 0.0053552 0.00535518 0.00535517 0.00535516 0.00535516 0.00535516 0.00535516 0.00535516 0.00535516 0.00535516 0.00535516 0.00535516 0.00535516 0.00535516 0.00535516 0.00535516 0.00535516 0.00535516 0.00535516 0.00535516 0.00535516 0.00535516 0.00535516 0.00535516 0.00535516 0.00535516 0.00535516 0.00535516 0.00535516 0.00535516 0.00535516 0.00535516 0.00535516 0.00535516 0.00535516 0.00535516 0.00535516 0.00535516 0.00535516 0.00535516 0.00535516 0.00535516 0.00535516 0.00535516 0.00535516 0.00535516 0.00535516 0.00535516 0.00535516 0.00535516 0.00535516 0.00535516 0.00535516 
0.00535516 0.00535516 0.00535516 0.00535516 0.00535516 0.00535516 0.00535516 0.00535516 0.00535516 0.00535516 0.00535516 0.00535516 0.00535516 0.00535516 0.00535516 0.00535516 0.00535516 0.00535516 0.00535516 0.00535516 0.00535516 0.00535516 0.00535516 0.00535516 0.00535516 0.00535516 0.00535516 0.00535516 0.00535516 0.00535516 0.00535516 0.00535516 0.00535516 0.00535516 0.00535516 0.00535516 0.00535516 0.00535516 0.00535516 0.00535516 0.00535516 0.00535516 0.00535516 0.00535516 0.00535516 0.00535516 0.00535516 0.00535516 0.00535516 0.00535516 0.00535516 0.00535516 0.00535516 0.00535516 0.00535516 0.00535516 0.00535516 0.00535516 0.00535516 0.00535516 0.00535516 0.00535516 0.00535516 0.00535516 0.00535516 0.00535516 0.00535516 0.00535516 0.00535516 0.00535516 0.00535516 0.00535516 0.00535516 0.00535516 0.00535516 0.00535516 0.00535516 0.00535516 0.00535516 0.00535516 0.00535516 0.00535516 0.00535516 0.00535516 0.00535516 0.00535516 0.00535516 0.00535516 0.00535516 0.00535517 0.00535518 0.0053552 0.00535526 0.0053554 0.0053557 0.00535636 0.00535769 0.00536031 0.00536521 0.00537394 0.00538875 0.0054126 0.00544893 0.00550098 0.00557037 0.00565452 0.00574212 0.00580534 0.00578867 0.00559864 0.00510708 0.00418415 0.00276263 0.000903008 -0.00119245 -0.00324181 -0.00498703 -0.00626925 -0.00703457 -0.00728682 -0.00703457 -0.00626925 -0.00498703 -0.00324181 -0.00119245 0.000903008 0.00276263 0.00418415 0.00510708 0.00559864 0.00578867 0.00580534 0.00574212 0.00565452 0.00557037 0.00550098 0.00544893 0.0054126 0.00538875 0.00537394 0.00536521 0.00536031 0.00535769 0.00535636 0.0053557 0.0053554 0.00535526 0.0053552 0.00535518 0.00535517 0.00535516 0.00535516 0.00535516 0.00535516 0.00535516 0.00535516 0.00535516 0.00535516 0.00535516 0.00535516 0.00535516 0.00535516 0.00535516 0.00535516 0.00535516 0.00535516 0.00535516 0.00535516 0.00535516 0.00535516 0.00535516 0.00535516 0.00535516 0.00535516 0.00535516 0.00535516 0.00535516 0.00535516 0.00535516 0.00535516 0.00535516 0.00535516 0.00535516 0.00535516 0.00535516 0.00535516 0.00535516 0.00535516 0.00535516 0.00535516 0.00535516 0.00535516 0.00535516 0.00535516 0.00535516 0.00535516 0.00535516 0.00535516 0.00535516 0.00535516 
0.00535516 0.00535516 0.00535516 0.00535516 0.00535516 0.00535516 0.00535516 0.00535516 0.00535516 0.00535516 0.00535516 0.00535516 0.00535516 0.00535516 0.00535516 0.00535516 0.00535516 0.00535516 0.00535516 0.00535516 0.00535516 0.00535516 0.00535516 0.00535516 0.00535516 0.00535516 0.00535516 0.00535516 0.00535516 0.00535516 0.00535516 0.00535516 0.00535516 0.00535516 0.00535516 0.00535516 0.00535516 0.00535516 0.00535516 0.00535516 0.00535516 0.00535516 0.00535516 0.00535516 0.00535516 0.00535516 0.00535516 0.00535516 0.00535516 0.00535516 0.00535516 0.00535516 0.00535516 0.00535516 0.00535516 0.00535516 0.00535516 0.00535516 0.00535516 0.00535516 0.00535516 0.00535516 0.00535516 0.00535516 0.00535516 0.00535516 0.00535516 0.00535516 0.00535516 0.00535516 0.00535516 0.00535516 0.00535516 0.00535516 0.00535516 0.00535516 0.00535516 0.00535516 0.00535516 0.00535516 0.00535516 0.00535516 0.00535516 0.00535516 0.00535516 0.00535516 0.00535516 0.00535516 0.00535516 0.00535517 0.00535518 0.0053552 0.00535526 0.0053554 0.0053557 0.00535636 0.00535769 0.00536031 0.00536521 0.00537394 0.00538875 0.0054126 0.00544893 0.00550098 0.00557037 0.00565452 0.00574212 0.00580534 0.00578867 0.00559864 0.00510708 0.00418415 0.00276263 0.000903008 -0.00119245 -0.00324181 -0.00498703 -0.00626925 -0.00703457 -0.00728682 -0.00703457 -0.00626925 -0.00498703 -0.00324181 -0.00119245 0.000903008 0.00276263 0.00418415 0.00510708 0.00559864 0.00578867 0.00580534 0.00574212 0.00565452 0.00557037 0.00550098 0.00544893 0.0054126 0.00538875 0.00537394 0.00536521 0.00536031 0.00535769 0.00535636 0.0053557 0.0053554 0.00535526 0.0053552 0.00535518 0.00535517 0.00535516 0.00535516 0.00535516 0.00535516 0.00535516 0.00535516 0.00535516 0.00535516 0.00535516 0.00535516 0.00535516 0.00535516 0.00535516 0.00535516 0.00535516 0.00535516 0.00535516 0.00535516 0.00535516 0.00535516 0.00535516 0.00535516 0.00535516 0.00535516 0.00535516 0.00535516 0.00535516 0.00535516 0.00535516 0.00535516 0.00535516 0.00535516 0.00535516 0.00535516 0.00535516 0.00535516 0.00535516 0.00535516 0.00535516 0.00535516 0.00535516 0.00535516 0.00535516 0.00535516 0.00535516 0.00535516 0.00535516 0.00535516 0.00535516 0.00535516 
0.00535516 0.00535516 0.00535516 0.00535516 0.00535516 0.00535516 0.00535516 0.00535516 0.00535516 0.00535516 0.00535516 0.00535516 0.00535516 0.00535516 0.00535516 0.00535516 0.00535516 0.00535516 0.00535516 0.00535516 0.00535516 0.00535516 0.00535516 0.00535516 0.00535516 0.00535516 0.00535516 0.00535516 0.00535516 0.00535516 0.00535516 0.00535516 0.00535516 0.00535516 0.00535516 0.00535516 0.00535516 0.00535516 0.00535516 0.00535516 0.00535516 0.00535516 0.00535516 0.00535516 0.00535516 0.00535516 0.00535516 0.00535516 0.00535516 0.00535516 0.00535516 0.00535516 0.00535516 0.00535516 0.00535516 0.00535516 0.00535516 0.00535516 0.00535516 0.00535516 0.00535516 0.00535516 0.00535516 0.00535516 0.00535516 0.00535516 0.00535516 0.00535516 0.00535516 0.00535516 0.00535516 0.00535516 0.00535516 0.00535516 0.00535516 0.00535516 0.00535516 0.00535516 0.00535516 0.00535516 0.00535516 0.00535516 0.00535516 0.00535516 0.00535516 0.00535516 0.00535516 0.00535516 0.00535516 0.00535517 0.00535518 0.0053552 0.00535526 0.0053554 0.0053557 0.00535636 0.00535769 0.00536031 0.00536521 0.00537394 0.00538875 0.0054126 0.00544893 0.00550098 0.00557037 0.00565452 0.00574212 0.00580534 0.00578867 0.00559864 0.00510708 0.00418415 0.00276263 0.000903008 -0.00119245 -0.00324181 -0.00498703 -0.00626925 -0.00703457 -0.00728682 -0.00703457 -0.00626925 -0.00498703 -0.00324181 -0.00119245 0.000903008 0.00276263 0.00418415 0.00510708 0.00559864 0.00578867 0.00580534 0.00574212 0.00565452 0.00557037 0.00550098 0.00544893 0.0054126 0.00538875 0.00537394 0.00536521 0.00536031 0.00535769 0.00535636 0.0053557 0.0053554 0.00535526 0.0053552 0.00535518 0.00535517 0.00535516 0.00535516 0.00535516 0.00535516 0.00535516 0.00535516 0.00535516 0.00535516 0.00535516 0.00535516 0.00535516 0.00535516 0.00535516 0.00535516 0.00535516 0.00535516 0.00535516 0.00535516 0.00535516 0.00535516 0.00535516 0.00535516 0.00535516 0.00535516 0.00535516 0.00535516 0.00535516 0.00535516 0.00535516 0.00535516 0.00535516 0.00535516 0.00535516 0.00535516 0.00535516 0.00535516 0.00535516 0.00535516 0.00535516 0.00535516 0.00535516 0.00535516 0.00535516 0.00535516 0.00535516 0.00535516 0.00535516 0.00535516 0.00535516 0.00535516 
0.00535516 0.00535516 0.00535516 0.00535516 0.00535516 0.00535516 0.00535516 0.00535516 0.00535516 0.00535516 0.00535516 0.00535516 0.00535516 0.00535516 0.00535516 0.00535516 0.00535516 0.00535516 0.00535516 0.00535516 0.00535516 0.00535516 0.00535516 0.00535516 0.00535516 0.00535516 0.00535516 0.00535516 0.00535516 0.00535516 0.00535516 0.00535516 0.00535516 0.00535516 0.00535516 0.00535516 0.00535516 0.00535516 0.00535516 0.00535516 0.00535516 0.00535516 0.00535516 0.00535516 0.00535516 0.00535516 0.00535516 0.00535516 0.00535516 0.00535516 0.00535516 0.00535516 0.00535516 0.00535516 0.00535516 0.00535516 0.00535516 0.00535516 0.00535516 0.00535516 0.00535516 0.00535516 0.00535516 0.00535516 0.00535516 0.00535516 0.00535516 0.00535516 0.00535516 0.00535516 0.00535516 0.00535516 0.00535516 0.00535516 0.00535516 0.00535516 0.00535516 0.00535516 0.00535516 0.00535516 0.00535516 0.00535516 0.00535516 0.00535516 0.00535516 0.00535516 0.00535516 0.00535516 0.00535516 0.00535517 0.00535518 0.0053552 0.00535526 0.0053554 0.0053557 0.00535636 0.00535769 0.00536031 0.00536521 0.00537394 0.00538875 0.0054126 0.00544893 0.00550098 0.00557037 0.00565452 0.00574212 0.00580534 0.00578867 0.00559864 0.00510708 0.00418415 0.00276263 0.000903008 -0.00119245 -0.00324181 -0.00498703 -0.00626925 -0.00703457 -0.00728682 -0.00703457 -0.00626925 -0.00498703 -0.00324181 -0.00119245 0.000903008 0.00276263 0.00418415 0.00510708 0.00559864 0.00578867 0.00580534 0.00574212 0.00565452 0.00557037 0.00550098 0.00544893 0.0054126 0.00538875 0.00537394 0.00536521 0.00536031 0.00535769 0.00535636 0.0053557 0.0053554 0.00535526 0.0053552 0.00535518 0.00535517 0.00535516 0.00535516 0.00535516 0.00535516 0.00535516 0.00535516 0.00535516 0.00535516 0.00535516 0.00535516 0.00535516 0.00535516 0.00535516 0.00535516 0.00535516 0.00535516 0.00535516 0.00535516 0.00535516 0.00535516 0.00535516 0.00535516 0.00535516 0.00535516 0.00535516 0.00535516 0.00535516 0.00535516 0.00535516 0.00535516 0.00535516 0.00535516 0.00535516 0.00535516 0.00535516 0.00535516 0.00535516 0.00535516 0.00535516 0.00535516 0.00535516 0.00535516 0.00535516 0.00535516 0.00535516 0.00535516 0.00535516 0.00535516 0.00535516 0.00535516 
0.00535516 0.00535516 0.00535516 0.00535516 0.00535516 0.00535516 0.00535516 0.00535516 0.00535516 0.00535516 0.00535516 0.00535516 0.00535516 0.00535516 0.00535516 0.00535516 0.00535516 0.00535516 0.00535516 0.00535516 0.00535516 0.00535516 0.00535516 0.00535516 0.00535516 0.00535516 0.00535516 0.00535516 0.00535516 0.00535516 0.00535516 0.00535516 0.00535516 0.00535516 0.00535516 0.00535516 0.00535516 0.00535516 0.00535516 0.00535516 0.00535516 0.00535516 0.00535516 0.00535516 0.00535516 0.00535516 0.00535516 0.00535516 0.00535516 0.00535516 0.00535516 0.00535516 0.00535516 0.00535516 0.00535516 0.00535516 0.00535516 0.00535516 0.00535516 0.00535516 0.00535516 0.00535516 0.00535516 0.00535516 0.00535516 0.00535516 0.00535516 0.00535516 0.00535516 0.00535516 0.00535516 0.00535516 0.00535516 0.00535516 0.00535516 0.00535516 0.00535516 0.00535516 0.00535516 0.00535516 0.00535516 0.00535516 0.00535516 0.00535516 0.00535516 0.00535516 0.00535516 0.00535516 0.00535516 0.00535517 0.00535518 0.0053552 0.00535526 0.0053554 0.0053557 0.00535636 0.00535769 0.00536031 0.00536521 0.00537394 0.00538875 0.0054126 0.00544893 0.00550098 0.00557037 0.00565452 0.00574212 0.00580534 0.00578867 0.00559864 0.00510708 0.00418415 0.00276263 0.000903008 -0.00119245 -0.00324181 -0.00498703 -0.00626925 -0.00703457 -0.00728682 -0.00703457 -0.00626925 -0.00498703 -0.00324181 -0.00119245 0.000903008 0.00276263 0.00418415 0.00510708 0.00559864 0.00578867 0.00580534 0.00574212 0.00565452 0.00557037 0.00550098 0.00544893 0.0054126 0.00538875 0.00537394 0.00536521 0.00536031 0.00535769 0.00535636 0.0053557 0.0053554 0.00535526 0.0053552 0.00535518 0.00535517 0.00535516 0.00535516 0.00535516 0.00535516 0.00535516 0.00535516 0.00535516 0.00535516 0.00535516 0.00535516 0.00535516 0.00535516 0.00535516 0.00535516 0.00535516 0.00535516 0.00535516 0.00535516 0.00535516 0.00535516 0.00535516 0.00535516 0.00535516 0.00535516 0.00535516 0.00535516 0.00535516 0.00535516 0.00535516 0.00535516 0.00535516 0.00535516 0.00535516 0.00535516 0.00535516 0.00535516 0.00535516 0.00535516 0.00535516 0.00535516 0.00535516 0.00535516 0.00535516 0.00535516 0.00535516 0.00535516 0.00535516 0.00535516 0.00535516 0.00535516 
0.00535516 0.00535516 0.00535516 0.00535516 0.00535516 0.00535516 0.00535516 0.00535516 0.00535516 0.00535516 0.00535516 0.00535516 0.00535516 0.00535516 0.00535516 0.00535516 0.00535516 0.00535516 0.00535516 0.00535516 0.00535516 0.00535516 0.00535516 0.00535516 0.00535516 0.00535516 0.00535516 0.00535516 0.00535516 0.00535516 0.00535516 0.00535516 0.00535516 0.00535516 0.00535516 0.00535516 0.00535516 0.00535516 0.00535516 0.00535516 0.00535516 0.00535516 0.00535516 0.00535516 0.00535516 0.00535516 0.00535516 0.00535516 0.00535516 0.00535516 0.00535516 0.00535516 0.00535516 0.00535516 0.00535516 0.00535516 0.00535516 0.00535516 0.00535516 0.00535516 0.00535516 0.00535516 0.00535516 0.00535516 0.00535516 0.00535516 0.00535516 0.00535516 0.00535516 0.00535516 0.00535516 0.00535516 0.00535516 0.00535516 0.00535516 0.00535516 0.00535516 0.00535516 0.00535516 0.00535516 0.00535516 0.00535516 0.00535516 0.00535516 0.00535516 0.00535516 0.00535516 0.00535516 0.00535516 0.00535517 0.00535518 0.0053552 0.00535526 0.0053554 0.0053557 0.00535636 0.00535769 0.00536031 0.00536521 0.00537394 0.00538875 0.0054126 0.00544893 0.00550098 0.00557037 0.00565452 0.00574212 0.00580534 0.00578867 0.00559864 0.00510708 0.00418415 0.00276263 0.000903008 -0.00119245 -0.00324181 -0.00498703 -0.00626925 -0.00703457 -0.00728682 -0.00703457 -0.00626925 -0.00498703 -0.00324181 -0.00119245 0.000903008 0.00276263 0.00418415 0.00510708 0.00559864 0.00578867 0.00580534 0.00574212 0.00565452 0.00557037 0.00550098 0.00544893 0.0054126 0.00538875 0.00537394 0.00536521 0.00536031 0.00535769 0.00535636 0.0053557 0.0053554 0.00535526 0.0053552 0.00535518 0.00535517 0.00535516 0.00535516 0.00535516 0.00535516 0.00535516 0.00535516 0.00535516 0.00535516 0.00535516 0.00535516 0.00535516 0.00535516 0.00535516 0.00535516 0.00535516 0.00535516 0.00535516 0.00535516 0.00535516 0.00535516 0.00535516 0.00535516 0.00535516 0.00535516 0.00535516 0.00535516 0.00535516 0.00535516 0.00535516 0.00535516 0.00535516 0.00535516 0.00535516 0.00535516 0.00535516 0.00535516 0.00535516 0.00535516 0.00535516 0.00535516 0.00535516 0.00535516 0.00535516 0.00535516 0.00535516 0.00535516 0.00535516 0.00535516 0.00535516 0.00535516 
0.00535516 0.00535516 0.00535516 0.00535516 0.00535516 0.00535516 0.00535516 0.00535516 0.00535516 0.00535516 0.00535516 0.00535516 0.00535516 0.00535516 0.00535516 0.00535516 0.00535516 0.00535516 0.00535516 0.00535516 0.00535516 0.00535516 0.00535516 0.00535516 0.00535516 0.00535516 0.00535516 0.00535516 0.00535516 0.00535516 0.00535516 0.00535516 0.00535516 0.00535516 0.00535516 0.00535516 0.00535516 0.00535516 0.00535516 0.00535516 0.00535516 0.00535516 0.00535516 0.00535516 0.00535516 0.00535516 0.00535516 0.00535516 0.00535516 0.00535516 0.00535516 0.00535516 0.00535516 0.00535516 0.00535516 0.00535516 0.00535516 0.00535516 0.00535516 0.00535516 0.00535516 0.00535516 0.00535516 0.00535516 0.00535516 0.00535516 0.00535516 0.00535516 0.00535516 0.00535516 0.00535516 0.00535516 0.00535516 0.00535516 0.00535516 0.00535516 0.00535516 0.00535516 0.00535516 0.00535516 0.00535516 0.00535516 0.00535516 0.00535516 0.00535516 0.00535516 0.00535516 0.00535516 0.00535516 0.00535517 0.00535518 0.0053552 0.00535526 0.0053554 0.0053557 0.00535636 0.00535769 0.00536031 0.00536521 0.00537394 0.00538875 0.0054126 0.00544893 0.00550098 0.00557037 0.00565452 0.00574212 0.00580534 0.00578867 0.00559864 0.00510708 0.00418415 0.00276263 0.000903008 -0.00119245 -0.00324181 -0.00498703 -0.00626925 -0.00703457 -0.00728682 -0.00703457 -0.00626925 -0.00498703 -0.00324181 -0.00119245 0.000903008 0.00276263 0.00418415 0.00510708 0.00559864 0.00578867 0.00580534 0.00574212 0.00565452 0.00557037 0.00550098 0.00544893 0.0054126 0.00538875 0.00537394 0.00536521 0.00536031 0.00535769 0.00535636 0.0053557 0.0053554 0.00535526 0.0053552 0.00535518 0.00535517 0.00535516 0.00535516 0.00535516 0.00535516 0.00535516 0.00535516 0.00535516 0.00535516 0.00535516 0.00535516 0.00535516 0.00535516 0.00535516 0.00535516 0.00535516 0.00535516 0.00535516 0.00535516 0.00535516 0.00535516 0.00535516 0.00535516 0.00535516 0.00535516 0.00535516 0.00535516 0.00535516 0.00535516 0.00535516 0.00535516 0.00535516 0.00535516 0.00535516 0.00535516 0.00535516 0.00535516 0.00535516 0.00535516 0.00535516 0.00535516 0.00535516 0.00535516 0.00535516 0.00535516 0.00535516 0.00535516 0.00535516 0.00535516 0.00535516 0.00535516 
0.00535516 0.00535516 0.00535516 0.00535516 0.00535516 0.00535516 0.00535516 0.00535516 0.00535516 0.00535516 0.00535516 0.00535516 0.00535516 0.00535516 0.00535516 0.00535516 0.00535516 0.00535516 0.00535516 0.00535516 0.00535516 0.00535516 0.00535516 0.00535516 0.00535516 0.00535516 0.00535516 0.00535516 0.00535516 0.00535516 0.00535516 0.00535516 0.00535516 0.00535516 0.00535516 0.00535516 0.00535516 0.00535516 0.00535516 0.00535516 0.00535516 0.00535516 0.00535516 0.00535516 0.00535516 0.00535516 0.00535516 0.00535516 0.00535516 0.00535516 0.00535516 0.00535516 0.00535516 0.00535516 0.00535516 0.00535516 0.00535516 0.00535516 0.00535516 0.00535516 0.00535516 0.00535516 0.00535516 0.00535516 0.00535516 0.00535516 0.00535516 0.00535516 0.00535516 0.00535516 0.00535516 0.00535516 0.00535516 0.00535516 0.00535516 0.00535516 0.00535516 0.00535516 0.00535516 0.00535516 0.00535516 0.00535516 0.00535516 0.00535516 0.00535516 0.00535516 0.00535516 0.00535516 0.00535516 0.00535517 0.00535518 0.0053552 0.00535526 0.0053554 0.0053557 0.00535636 0.00535769 0.00536031 0.00536521 0.00537394 0.00538875 0.0054126 0.00544893 0.00550098 0.00557037 0.00565452 0.00574212 0.00580534 0.00578867 0.00559864 0.00510708 0.00418415 0.00276263 0.000903008 -0.00119245 -0.00324181 -0.00498703 -0.00626925 -0.00703457 -0.00728682 -0.00703457 -0.00626925 -0.00498703 -0.00324181 -0.00119245 0.000903008 0.00276263 0.00418415 0.00510708 0.00559864 0.00578867 0.00580534 0.00574212 0.00565452 0.00557037 0.00550098 0.00544893 0.0054126 0.00538875 0.00537394 0.00536521 0.00536031 0.00535769 0.00535636 0.0053557 0.0053554 0.00535526 0.0053552 0.00535518 0.00535517 0.00535516 0.00535516 0.00535516 0.00535516 0.00535516 0.00535516 0.00535516 0.00535516 0.00535516 0.00535516 0.00535516 0.00535516 0.00535516 0.00535516 0.00535516 0.00535516 0.00535516 0.00535516 0.00535516 0.00535516 0.00535516 0.00535516 0.00535516 0.00535516 0.00535516 0.00535516 0.00535516 0.00535516 0.00535516 0.00535516 0.00535516 0.00535516 0.00535516 0.00535516 0.00535516 0.00535516 0.00535516 0.00535516 0.00535516 0.00535516 0.00535516 0.00535516 0.00535516 0.00535516 0.00535516 0.00535516 0.00535516 0.00535516 0.00535516 0.00535516 
0.00535516 0.00535516 0.00535516 0.00535516 0.00535516 0.00535516 0.00535516 0.00535516 0.00535516 0.00535516 0.00535516 0.00535516 0.00535516 0.00535516 0.00535516 0.00535516 0.00535516 0.00535516 0.00535516 0.00535516 0.00535516 0.00535516 0.00535516 0.00535516 0.00535516 0.00535516 0.00535516 0.00535516 0.00535516 0.00535516 0.00535516 0.00535516 0.00535516 0.00535516 0.00535516 0.00535516 0.00535516 0.00535516 0.00535516 0.00535516 0.00535516 0.00535516 0.00535516 0.00535516 0.00535516 0.00535516 0.00535516 0.00535516 0.00535516 0.00535516 0.00535516 0.00535516 0.00535516 0.00535516 0.00535516 0.00535516 0.00535516 0.00535516 0.00535516 0.00535516 0.00535516 0.00535516 0.00535516 0.00535516 0.00535516 0.00535516 0.00535516 0.00535516 0.00535516 0.00535516 0.00535516 0.00535516 0.00535516 0.00535516 0.00535516 0.00535516 0.00535516 0.00535516 0.00535516 0.00535516 0.00535516 0.00535516 0.00535516 0.00535516 0.00535516 0.00535516 0.00535516 0.00535516 0.00535516 0.00535517 0.00535518 0.0053552 0.00535526 0.0053554 0.0053557 0.00535636 0.00535769 0.00536031 0.00536521 0.00537394 0.00538875 0.0054126 0.00544893 0.00550098 0.00557037 0.00565452 0.00574212 0.00580534 0.00578867 0.00559864 0.00510708 0.00418415 0.00276263 0.000903008 -0.00119245 -0.00324181 -0.00498703 -0.00626925 -0.00703457 -0.00728682 -0.00703457 -0.00626925 -0.00498703 -0.00324181 -0.00119245 0.000903008 0.00276263 0.00418415 0.00510708 0.00559864 0.00578867 0.00580534 0.00574212 0.00565452 0.00557037 0.00550098 0.00544893 0.0054126 0.00538875 0.00537394 0.00536521 0.00536031 0.00535769 0.00535636 0.0053557 0.0053554 0.00535526 0.0053552 0.00535518 0.00535517 0.00535516 0.00535516 0.00535516 0.00535516 0.00535516 0.00535516 0.00535516 0.00535516 0.00535516 0.00535516 0.00535516 0.00535516 0.00535516 0.00535516 0.00535516 0.00535516 0.00535516 0.00535516 0.00535516 0.00535516 0.00535516 0.00535516 0.00535516 0.00535516 0.00535516 0.00535516 0.00535516 0.00535516 0.00535516 0.00535516 0.00535516 0.00535516 0.00535516 0.00535516 0.00535516 0.00535516 0.00535516 0.00535516 0.00535516 0.00535516 0.00535516 0.00535516 0.00535516 0.00535516 0.00535516 0.00535516 0.00535516 0.00535516 0.00535516 0.00535516 
0.00535516 0.00535516 0.00535516 0.00535516 0.00535516 0.00535516 0.00535516 0.00535516 0.00535516 0.00535516 0.00535516 0.00535516 0.00535516 0.00535516 0.00535516 0.00535516 0.00535516 0.00535516 0.00535516 0.00535516 0.00535516 0.00535516 0.00535516 0.00535516 0.00535516 0.00535516 0.00535516 0.00535516 0.00535516 0.00535516 0.00535516 0.00535516 0.00535516 0.00535516 0.00535516 0.00535516 0.00535516 0.00535516 0.00535516 0.00535516 0.00535516 0.00535516 0.00535516 0.00535516 0.00535516 0.00535516 0.00535516 0.00535516 0.00535516 0.00535516 0.00535516 0.00535516 0.00535516 0.00535516 0.00535516 0.00535516 0.00535516 0.00535516 0.00535516 0.00535516 0.00535516 0.00535516 0.00535516 0.00535516 0.00535516 0.00535516 0.00535516 0.00535516 0.00535516 0.00535516 0.00535516 0.00535516 0.00535516 0.00535516 0.00535516 0.00535516 0.00535516 0.00535516 0.00535516 0.00535516 0.00535516 0.00535516 0.00535516 0.00535516 0.00535516 0.00535516 0.00535516 0.00535516 0.00535516 0.00535517 0.00535518 0.0053552 0.00535526 0.0053554 0.0053557 0.00535636 0.00535769 0.00536031 0.00536521 0.00537394 0.00538875 0.0054126 0.00544893 0.00550098 0.00557037 0.00565452 0.00574212 0.00580534 0.00578867 0.00559864 0.00510708 0.00418415 0.00276263 0.000903007 -0.00119245 -0.00324181 -0.00498703 -0.00626925 -0.00703457 -0.00728683 -0.00703457 -0.00626925 -0.00498703 -0.00324181 -0.00119245 0.000903007 0.00276263 0.00418415 0.00510708 0.00559864 0.00578867 0.00580534 0.00574212 0.00565452 0.00557037 0.00550098 0.00544893 0.0054126 0.00538875 0.00537394 0.00536521 0.00536031 0.00535769 0.00535636 0.0053557 0.0053554 0.00535526 0.0053552 0.00535518 0.00535517 0.00535516 0.00535516 0.00535516 0.00535516 0.00535516 0.00535516 0.00535516 0.00535516 0.00535516 0.00535516 0.00535516 0.00535516 0.00535516 0.00535516 0.00535516 0.00535516 0.00535516 0.00535516 0.00535516 0.00535516 0.00535516 0.00535516 0.00535516 0.00535516 0.00535516 0.00535516 0.00535516 0.00535516 0.00535516 0.00535516 0.00535516 0.00535516 0.00535516 0.00535516 0.00535516 0.00535516 0.00535516 0.00535516 0.00535516 0.00535516 0.00535516 0.00535516 0.00535516 0.00535516 0.00535516 0.00535516 0.00535516 0.00535516 0.00535516 0.00535516 
0.00535517 0.00535517 0.00535517 0.00535517 0.00535517 0.00535517 0.00535517 0.00535517 0.00535517 0.00535517 0.00535517 0.00535517 0.00535517 0.00535517 0.00535517 0.00535517 0.00535517 0.00535517 0.00535517 0.00535517 0.00535517 0.00535517 0.00535517 0.00535517 0.00535517 0.00535517 0.00535517 0.00535517 0.00535517 0.00535517 0.00535517 0.00535517 0.00535517 0.00535517 0.00535517 0.00535517 0.00535517 0.00535517 0.00535517 0.00535517 0.00535517 0.00535517 0.00535517 0.00535517 0.00535517 0.00535517 0.00535517 0.00535517 0.00535517 0.00535517 0.00535517 0.00535517 0.00535517 0.00535517 0.00535517 0.00535517 0.00535517 0.00535517 0.00535517 0.00535517 0.00535517 0.00535517 0.00535517 0.00535517 0.00535517 0.00535517 0.00535517 0.00535517 0.00535517 0.00535517 0.00535517 0.00535517 0.00535517 0.00535517 0.00535517 0.00535517 0.00535517 0.00535517 0.00535517 0.00535517 0.00535517 0.00535517 0.00535517 0.00535517 0.00535517 0.00535517 0.00535517 0.00535517 0.00535517 0.00535517 0.00535518 0.0053552 0.00535526 0.0053554 0.0053557 0.00535636 0.0053577 0.00536031 0.00536521 0.00537394 0.00538875 0.0054126 0.00544893 0.00550099 0.00557037 0.00565452 0.00574212 0.00580534 0.00578867 0.00559864 0.00510709 0.00418415 0.00276263 0.000903006 -0.00119245 -0.00324181 -0.00498704 -0.00626926 -0.00703458 -0.00728683 -0.00703458 -0.00626926 -0.00498704 -0.00324181 -0.00119245 0.000903006 0.00276263 0.00418415 0.00510709 0.00559864 0.00578867 0.00580534 0.00574212 0.00565452 0.00557037 0.00550099 0.00544893 0.0054126 0.00538875 0.00537394 0.00536521 0.00536031 0.0053577 0.00535636 0.0053557 0.0053554 0.00535526 0.0053552 0.00535518 0.00535517 0.00535517 0.00535517 0.00535517 0.00535517 0.00535517 0.00535517 0.00535517 0.00535517 0.00535517 0.00535517 0.00535517 0.00535517 0.00535517 0.00535517 0.00535517 0.00535517 0.00535517 0.00535517 0.00535517 0.00535517 0.00535517 0.00535517 0.00535517 0.00535517 0.00535517 0.00535517 0.00535517 0.00535517 0.00535517 0.00535517 0.00535517 0.00535517 0.00535517 0.00535517 0.00535517 0.00535517 0.00535517 0.00535517 0.00535517 0.00535517 0.00535517 0.00535517 0.00535517 0.00535517 0.00535517 0.00535517 0.00535517 0.00535517 0.00535517 0.00535517 
0.00535517 0.00535517 0.00535517 0.00535517 0.00535517 0.00535517 0.00535517 0.00535517 0.00535517 0.00535517 0.00535517 0.00535517 0.00535517 0.00535517 0.00535517 0.00535517 0.00535517 0.00535517 0.00535517 0.00535517 0.00535517 0.00535517 0.00535517 0.00535517 0.00535517 0.00535517 0.00535517 0.00535517 0.00535517 0.00535517 0.00535517 0.00535517 0.00535517 0.00535517 0.00535517 0.00535517 0.00535517 0.00535517 0.00535517 0.00535517 0.00535517 0.00535517 0.00535517 0.00535517 0.00535517 0.00535517 0.00535517 0.00535517 0.00535517 0.00535517 0.00535517 0.00535517 0.00535517 0.00535517 0.00535517 0.00535517 0.00535517 0.00535517 0.00535517 0.00535517 0.00535517 0.00535517 0.00535517 0.00535517 0.00535517 0.00535517 0.00535517 0.00535517 0.00535517 0.00535517 0.00535517 0.00535517 0.00535517 0.00535517 0.00535517 0.00535517 0.00535517 0.00535517 0.00535517 0.00535517 0.00535517 0.00535517 0.00535517 0.00535517 0.00535517 0.00535517 0.00535517 0.00535517 0.00535517 0.00535517 0.00535518 0.00535521 0.00535526 0.0053554 0.00535571 0.00535636 0.0053577 0.00536032 0.00536521 0.00537394 0.00538875 0.0054126 0.00544894 0.00550099 0.00557037 0.00565452 0.00574212 0.00580535 0.00578868 0.00559865 0.00510709 0.00418415 0.00276263 0.000903003 -0.00119246 -0.00324182 -0.00498705 -0.00626927 -0.00703459 -0.00728685 -0.00703459 -0.00626927 -0.00498705 -0.00324182 -0.00119246 0.000903003 0.00276263 0.00418415 0.00510709 0.00559865 0.00578868 0.00580535 0.00574212 0.00565452 0.00557037 0.00550099 0.00544894 0.0054126 0.00538875 0.00537394 0.00536521 0.00536032 0.0053577 0.00535636 0.00535571 0.0053554 0.00535526 0.00535521 0.00535518 0.00535517 0.00535517 0.00535517 0.00535517 0.00535517 0.00535517 0.00535517 0.00535517 0.00535517 0.00535517 0.00535517 0.00535517 0.00535517 0.00535517 0.00535517 0.00535517 0.00535517 0.00535517 0.00535517 0.00535517 0.00535517 0.00535517 0.00535517 0.00535517 0.00535517 0.00535517 0.00535517 0.00535517 0.00535517 0.00535517 0.00535517 0.00535517 0.00535517 0.00535517 0.00535517 0.00535517 0.00535517 0.00535517 0.00535517 0.00535517 0.00535517 0.00535517 0.00535517 0.00535517 0.00535517 0.00535517 0.00535517 0.00535517 0.00535517 0.00535517 0.00535517 
0.00535518 0.00535518 0.00535518 0.00535518 0.00535518 0.00535518 0.00535518 0.00535518 0.00535518 0.00535518 0.00535518 0.00535518 0.00535518 0.00535518 0.00535518 0.00535518 0.00535518 0.00535518 0.00535518 0.00535518 0.00535518 0.00535518 0.00535518 0.00535518 0.00535518 0.00535518 0.00535518 0.00535518 0.00535518 0.00535518 0.00535518 0.00535518 0.00535518 0.00535518 0.00535518 0.00535518 0.00535518 0.00535518 0.00535518 0.00535518 0.00535518 0.00535518 0.00535518 0.00535518 0.00535518 0.00535518 0.00535518 0.00535518 0.00535518 0.00535518 0.00535518 0.00535518 0.00535518 0.00535518 0.00535518 0.00535518 0.00535518 0.00535518 0.00535518 0.00535518 0.00535518 0.00535518 0.00535518 0.00535518 0.00535518 0.00535518 0.00535518 0.00535518 0.00535518 0.00535518 0.00535518 0.00535518 0.00535518 0.00535518 0.00535518 0.00535518 0.00535518 0.00535518 0.00535518 0.00535518 0.00535518 0.00535518 0.00535518 0.00535518 0.00535518 0.00535518 0.00535518 0.00535518 0.00535518 0.00535518 0.00535519 0.00535521 0.00535527 0.00535541 0.00535571 0.00535637 0.0053577 0.00536032 0.00536522 0.00537395 0.00538876 0.00541261 0.00544894 0.005501 0.00557038 0.00565453 0.00574213 0.00580536 0.00578869 0.00559866 0.0051071 0.00418416 0.00276263 0.000902996 -0.00119247 -0.00324185 -0.00498708 -0.00626931 -0.00703462 -0.00728688 -0.00703462 -0.00626931 -0.00498708 -0.00324185 -0.00119247 0.000902996 0.00276263 0.00418416 0.0051071 0.00559866 0.00578869 0.00580536 0.00574213 0.00565453 0.00557038 0.005501 0.00544894 0.00541261 0.00538876 0.00537395 0.00536522 0.00536032 0.0053577 0.00535637 0.00535571 0.00535541 0.00535527 0.00535521 0.00535519 0.00535518 0.00535518 0.00535518 0.00535518 0.00535518 0.00535518 0.00535518 0.00535518 0.00535518 0.00535518 0.00535518 0.00535518 0.00535518 0.00535518 0.00535518 0.00535518 0.00535518 0.00535518 0.00535518 0.00535518 0.00535518 0.00535518 0.00535518 0.00535518 0.00535518 0.00535518 0.00535518 0.00535518 0.00535518 0.00535518 0.00535518 0.00535518 0.00535518 0.00535518 0.00535518 0.00535518 0.00535518 0.00535518 0.00535518 0.00535518 0.00535518 0.00535518 0.00535518 0.00535518 0.00535518 0.00535518 0.00535518 0.00535518 0.00535518 0.00535518 0.00535518 
0.00535519 0.00535519 0.00535519 0.00535519 0.00535519 0.00535519 0.00535519 0.00535519 0.00535519 0.00535519 0.00535519 0.00535519 0.00535519 0.00535519 0.00535519 0.00535519 0.00535519 0.00535519 0.00535519 0.00535519 0.00535519 0.00535519 0.00535519 0.00535519 0.00535519 0.00535519 0.00535519 0.00535519 0.00535519 0.00535519 0.00535519 0.00535519 0.00535519 0.00535519 0.00535519 0.00535519 0.00535519 0.00535519 0.00535519 0.00535519 0.00535519 0.00535519 0.00535519 0.00535519 0.00535519 0.00535519 0.00535519 0.00535519 0.00535519 0.00535519 0.00535519 0.00535519 0.00535519 0.00535519 0.00535519 0.00535519 0.00535519 0.00535519 0.00535519 0.00535519 0.00535519 0.00535519 0.00535519 0.00535519 0.00535519 0.00535519 0.00535519 0.00535519 0.00535519 0.00535519 0.00535519 0.00535519 0.00535519 0.00535519 0.00535519 0.00535519 0.00535519 0.00535519 0.00535519 0.00535519 0.00535519 0.00535519 0.00535519 0.00535519 0.00535519 0.00535519 0.00535519 0.00535519 0.00535519 0.0053552 0.0053552 0.00535523 0.00535529 0.00535542 0.00535573 0.00535638 0.00535772 0.00536034 0.00536524 0.00537397 0.00538877 0.00541263 0.00544896 0.00550102 0.0055704 0.00565456 0.00574216 0.00580539 0.00578872 0.00559869 0.00510713 0.00418418 0.00276264 0.00090298 -0.00119251 -0.0032419 -0.00498715 -0.00626939 -0.00703471 -0.00728696 -0.00703471 -0.00626939 -0.00498715 -0.0032419 -0.00119251 0.00090298 0.00276264 0.00418418 0.00510713 0.00559869 0.00578872 0.00580539 0.00574216 0.00565456 0.0055704 0.00550102 0.00544896 0.00541263 0.00538877 0.00537397 0.00536524 0.00536034 0.00535772 0.00535638 0.00535573 0.00535542 0.00535529 0.00535523 0.0053552 0.0053552 0.00535519 0.00535519 0.00535519 0.00535519 0.00535519 0.00535519 0.00535519 0.00535519 0.00535519 0.00535519 0.00535519 0.00535519 0.00535519 0.00535519 0.00535519 0.00535519 0.00535519 0.00535519 0.00535519 0.00535519 0.00535519 0.00535519 0.00535519 0.00535519 0.00535519 0.00535519 0.00535519 0.00535519 0.00535519 0.00535519 0.00535519 0.00535519 0.00535519 0.00535519 0.00535519 0.00535519 0.00535519 0.00535519 0.00535519 0.00535519 0.00535519 0.00535519 0.00535519 0.00535519 0.00535519 0.00535519 0.00535519 0.00535519 0.00535519 0.00535519 
0.00535523 0.00535523 0.00535523 0.00535523 0.00535523 0.00535523 0.00535523 0.00535523 0.00535523 0.00535523 0.00535523 0.00535523 0.00535523 0.00535523 0.00535523 0.00535523 0.00535523 0.00535523 0.00535523 0.00535523 0.00535523 0.00535523 0.00535523 0.00535523 0.00535523 0.00535523 0.00535523 0.00535523 0.00535523 0.00535523 0.00535523 0.00535523 0.00535523 0.00535523 0.00535523 0.00535523 0.00535523 0.00535523 0.00535523 0.00535523 0.00535523 0.00535523 0.00535523 0.00535523 0.00535523 0.00535523 0.00535523 0.00535523 0.00535523 0.00535523 0.00535523 0.00535523 0.00535523 0.00535523 0.00535523 0.00535523 0.00535523 0.00535523 0.00535523 0.00535523 0.00535523 0.00535523 0.00535523 0.00535523 0.00535523 0.00535523 0.00535523 0.00535523 0.00535523 0.00535523 0.00535523 0.00535523 0.00535523 0.00535523 0.00535523 0.00535523 0.00535523 0.00535523 0.00535523 0.00535523 0.00535523 0.00535523 0.00535523 0.00535523 0.00535523 0.00535523 0.00535523 0.00535523 0.00535523 0.00535523 0.00535524 0.00535526 0.00535532 0.00535546 0.00535576 0.00535642 0.00535776 0.00536037 0.00536527 0.005374 0.00538881 0.00541266 0.005449 0.00550106 0.00557045 0.00565461 0.00574221 0.00580545 0.00578879 0.00559876 0.00510719 0.00418422 0.00276264 0.000902943 -0.0011926 -0.00324203 -0.0049873 -0.00626956 -0.00703489 -0.00728715 -0.00703489 -0.00626956 -0.0049873 -0.00324203 -0.0011926 0.000902943 0.00276264 0.00418422 0.00510719 0.00559876 0.00578879 0.00580545 0.00574221 0.00565461 0.00557045 0.00550106 0.005449 0.00541266 0.00538881 0.005374 0.00536527 0.00536037 0.00535776 0.00535642 0.00535576 0.00535546 0.00535532 0.00535526 0.00535524 0.00535523 0.00535523 0.00535523 0.00535523 0.00535523 0.00535523 0.00535523 0.00535523 0.00535523 0.00535523 0.00535523 0.00535523 0.00535523 0.00535523 0.00535523 0.00535523 0.00535523 0.00535523 0.00535523 0.00535523 0.00535523 0.00535523 0.00535523 0.00535523 0.00535523 0.00535523 0.00535523 0.00535523 0.00535523 0.00535523 0.00535523 0.00535523 0.00535523 0.00535523 0.00535523 0.00535523 0.00535523 0.00535523 0.00535523 0.00535523 0.00535523 0.00535523 0.00535523 0.00535523 0.00535523 0.00535523 0.00535523 0.00535523 0.00535523 0.00535523 0.00535523 
0.0053553 0.0053553 0.0053553 0.0053553 0.0053553 0.0053553 0.0053553 0.0053553 0.0053553 0.0053553 0.0053553 0.0053553 0.0053553 0.0053553 0.0053553 0.0053553 0.0053553 0.0053553 0.0053553 0.0053553 0.0053553 0.0053553 0.0053553 0.0053553 0.0053553 0.0053553 0.0053553 0.0053553 0.0053553 0.0053553 0.0053553 0.0053553 0.0053553 0.0053553 0.0053553 0.0053553 0.0053553 0.0053553 0.0053553 0.0053553 0.0053553 0.0053553 0.0053553 0.0053553 0.0053553 0.0053553 0.0053553 0.0053553 0.0053553 0.0053553 0.0053553 0.0053553 0.0053553 0.0053553 0.0053553 0.0053553 0.0053553 0.0053553 0.0053553 0.0053553 0.0053553 0.0053553 0.0053553 0.0053553 0.0053553 0.0053553 0.0053553 0.0053553 0.0053553 0.0053553 0.0053553 0.0053553 0.0053553 0.0053553 0.0053553 0.0053553 0.0053553 0.0053553 0.0053553 0.0053553 0.0053553 0.0053553 0.0053553 0.0053553 0.0053553 0.0053553 0.0053553 0.0053553 0.0053553 0.0053553 0.00535531 0.00535533 0.00535539 0.00535553 0.00535583 0.00535649 0.00535783 0.00536045 0.00536534 0.00537407 0.00538888 0.00541274 0.00544908 0.00550114 0.00557054 0.00565471 0.00574233 0.00580558 0.00578893 0.0055989 0.00510732 0.0041843 0.00276266 0.000902862 -0.00119278 -0.0032423 -0.00498764 -0.00626993 -0.00703528 -0.00728754 -0.00703528 -0.00626993 -0.00498764 -0.0032423 -0.00119278 0.000902862 0.00276266 0.0041843 0.00510732 0.0055989 0.00578893 0.00580558 0.00574233 0.00565471 0.00557054 0.00550114 0.00544908 0.00541274 0.00538888 0.00537407 0.00536534 0.00536045 0.00535783 0.00535649 0.00535583 0.00535553 0.00535539 0.00535533 0.00535531 0.0053553 0.0053553 0.0053553 0.0053553 0.0053553 0.0053553 0.0053553 0.0053553 0.0053553 0.0053553 0.0053553 0.0053553 0.0053553 0.0053553 0.0053553 0.0053553 0.0053553 0.0053553 0.0053553 0.0053553 0.0053553 0.0053553 0.0053553 0.0053553 0.0053553 0.0053553 0.0053553 0.0053553 0.0053553 0.0053553 0.0053553 0.0053553 0.0053553 0.0053553 0.0053553 0.0053553 0.0053553 0.0053553 0.0053553 0.0053553 0.0053553 0.0053553 0.0053553 0.0053553 0.0053553 0.0053553 0.0053553 0.0053553 0.0053553 0.0053553 0.0053553 
0.00535543 0.00535543 0.00535543 0.00535543 0.00535543 0.00535543 0.00535543 0.00535543 0.00535543 0.00535543 0.00535543 0.00535543 0.00535543 0.00535543 0.00535543 0.00535543 0.00535543 0.00535543 0.00535543 0.00535543 0.00535543 0.00535543 0.00535543 0.00535543 0.00535543 0.00535543 0.00535543 0.00535543 0.00535543 0.00535543 0.00535543 0.00535543 0.00535543 0.00535543 0.00535543 0.00535543 0.00535543 0.00535543 0.00535543 0.00535543 0.00535543 0.00535543 0.00535543 0.00535543 0.00535543 0.00535543 0.00535543 0.00535543 0.00535543 0.00535543 0.00535543 0.00535543 0.00535543 0.00535543 0.00535543 0.00535543 0.00535543 0.00535543 0.00535543 0.00535543 0.00535543 0.00535543 0.00535543 0.00535543 0.00535543 0.00535543 0.00535543 0.00535543 0.00535543 0.00535543 0.00535543 0.00535543 0.00535543 0.00535543 0.00535543 0.00535543 0.00535543 0.00535543 0.00535543 0.00535543 0.00535543 0.00535543 0.00535543 0.00535543 0.00535543 0.00535543 0.00535543 0.00535543 0.00535543 0.00535544 0.00535545 0.00535547 0.00535553 0.00535567 0.00535597 0.00535662 0.00535796 0.00536058 0.00536548 0.00537421 0.00538903 0.00541289 0.00544924 0.00550131 0.00557072 0.00565491 0.00574256 0.00580583 0.00578921 0.00559918 0.00510757 0.00418447 0.00276268 0.000902693 -0.00119315 -0.00324285 -0.00498831 -0.00627069 -0.00703607 -0.00728834 -0.00703607 -0.00627069 -0.00498831 -0.00324285 -0.00119315 0.000902693 0.00276268 0.00418447 0.00510757 0.00559918 0.00578921 0.00580583 0.00574256 0.00565491 0.00557072 0.00550131 0.00544924 0.00541289 0.00538903 0.00537421 0.00536548 0.00536058 0.00535796 0.00535662 0.00535597 0.00535567 0.00535553 0.00535547 0.00535545 0.00535544 0.00535543 0.00535543 0.00535543 0.00535543 0.00535543 0.00535543 0.00535543 0.00535543 0.00535543 0.00535543 0.00535543 0.00535543 0.00535543 0.00535543 0.00535543 0.00535543 0.00535543 0.00535543 0.00535543 0.00535543 0.00535543 0.00535543 0.00535543 0.00535543 0.00535543 0.00535543 0.00535543 0.00535543 0.00535543 0.00535543 0.00535543 0.00535543 0.00535543 0.00535543 0.00535543 0.00535543 0.00535543 0.00535543 0.00535543 0.00535543 0.00535543 0.00535543 0.00535543 0.00535543 0.00535543 0.00535543 0.00535543 0.00535543 0.00535543 0.00535543 
0.00535568 0.00535568 0.00535568 0.00535568 0.00535568 0.00535568 0.00535568 0.00535568 0.00535568 0.00535568 0.00535568 0.00535568 0.00535568 0.00535568 0.00535568 0.00535568 0.00535568 0.00535568 0.00535568 0.00535568 0.00535568 0.00535568 0.00535568 0.00535568 0.00535568 0.00535568 0.00535568 0.00535568 0.00535568 0.00535568 0.00535568 0.00535568 0.00535568 0.00535568 0.00535568 0.00535568 0.00535568 0.00535568 0.00535568 0.00535568 0.00535568 0.00535568 0.00535568 0.00535568 0.00535568 0.00535568 0.00535568 0.00535568 0.00535568 0.00535568 0.00535568 0.00535568 0.00535568 0.00535568 0.00535568 0.00535568 0.00535568 0.00535568 0.00535568 0.00535568 0.00535568 0.00535568 0.00535568 0.00535568 0.00535568 0.00535568 0.00535568 0.00535568 0.00535568 0.00535568 0.00535568 0.00535568 0.00535568 0.00535568 0.00535568 0.00535568 0.00535568 0.00535568 0.00535568 0.00535568 0.00535568 0.00535568 0.00535568 0.00535568 0.00535568 0.00535568 0.00535568 0.00535568 0.00535568 0.00535568 0.00535569 0.00535572 0.00535578 0.00535591 0.00535622 0.00535687 0.00535821 0.00536083 0.00536573 0.00537447 0.00538928 0.00541315 0.00544952 0.00550161 0.00557106 0.00565529 0.00574298 0.00580631 0.00578973 0.00559972 0.00510804 0.00418478 0.00276271 0.000902357 -0.00119388 -0.00324392 -0.00498963 -0.00627215 -0.0070376 -0.0072899 -0.0070376 -0.00627215 -0.00498963 -0.00324392 -0.00119388 0.000902357 0.00276271 0.00418478 0.00510804 0.00559972 0.00578973 0.00580631 0.00574298 0.00565529 0.00557106 0.00550161 0.00544952 0.00541315 0.00538928 0.00537447 0.00536573 0.00536083 0.00535821 0.00535687 0.00535622 0.00535591 0.00535578 0.00535572 0.00535569 0.00535568 0.00535568 0.00535568 0.00535568 0.00535568 0.00535568 0.00535568 0.00535568 0.00535568 0.00535568 0.00535568 0.00535568 0.00535568 0.00535568 0.00535568 0.00535568 0.00535568 0.00535568 0.00535568 0.00535568 0.00535568 0.00535568 0.00535568 0.00535568 0.00535568 0.00535568 0.00535568 0.00535568 0.00535568 0.00535568 0.00535568 0.00535568 0.00535568 0.00535568 0.00535568 0.00535568 0.00535568 0.00535568 0.00535568 0.00535568 0.00535568 0.00535568 0.00535568 0.00535568 0.00535568 0.00535568 0.00535568 0.00535568 0.00535568 0.00535568 0.00535568 
0.00535609 0.00535609 0.00535609 0.00535609 0.00535609 0.00535609 0.00535609 0.00535609 0.00535609 0.00535609 0.00535609 0.00535609 0.00535609 0.00535609 0.00535609 0.00535609 0.00535609 0.00535609 0.00535609 0.00535609 0.00535609 0.00535609 0.00535609 0.00535609 0.00535609 0.00535609 0.00535609 0.00535609 0.00535609 0.00535609 0.00535609 0.00535609 0.00535609 0.00535609 0.00535609 0.00535609 0.00535609 0.00535609 0.00535609 0.00535609 0.00535609 0.00535609 0.00535609 0.00535609 0.00535609 0.00535609 0.00535609 0.00535609 0.00535609 0.00535609 0.00535609 0.00535609 0.00535609 0.00535609 0.00535609 0.00535609 0.00535609 0.00535609 0.00535609 0.00535609 0.00535609 0.00535609 0.00535609 0.00535609 0.00535609 0.00535609 0.00535609 0.00535609 0.00535609 0.00535609 0.00535609 0.00535609 0.00535609 0.00535609 0.00535609 0.00535609 0.00535609 0.00535609 0.00535609 0.00535609 0.00535609 0.00535609 0.00535609 0.00535609 0.00535609 0.00535609 0.00535609 0.00535609 0.00535609 0.00535609 0.0053561 0.00535612 0.00535618 0.00535632 0.00535663 0.00535728 0.00535862 0.00536124 0.00536615 0.00537489 0.00538972 0.0054136 0.00544999 0.00550213 0.00557163 0.00565594 0.00574373 0.00580716 0.00579066 0.00560067 0.00510889 0.00418532 0.00276274 0.000901714 -0.00119524 -0.00324591 -0.00499207 -0.00627485 -0.00704042 -0.00729275 -0.00704042 -0.00627485 -0.00499207 -0.00324591 -0.00119524 0.000901714 0.00276274 0.00418532 0.00510889 0.00560067 0.00579066 0.00580716 0.00574373 0.00565594 0.00557163 0.00550213 0.00544999 0.0054136 0.00538972 0.00537489 0.00536615 0.00536124 0.00535862 0.00535728 0.00535663 0.00535632 0.00535618 0.00535612 0.0053561 0.00535609 0.00535609 0.00535609 0.00535609 0.00535609 0.00535609 0.00535609 0.00535609 0.00535609 0.00535609 0.00535609 0.00535609 0.00535609 0.00535609 0.00535609 0.00535609 0.00535609 0.00535609 0.00535609 0.00535609 0.00535609 0.00535609 0.00535609 0.00535609 0.00535609 0.00535609 0.00535609 0.00535609 0.00535609 0.00535609 0.00535609 0.00535609 0.00535609 0.00535609 0.00535609 0.00535609 0.00535609 0.00535609 0.00535609 0.00535609 0.00535609 0.00535609 0.00535609 0.00535609 0.00535609 0.00535609 0.00535609 0.00535609 0.00535609 0.00535609 0.00535609 
0.00535669 0.00535669 0.00535669 0.00535669 0.00535669 0.00535669 0.00535669 0.00535669 0.00535669 0.00535669 0.00535669 0.00535669 0.00535669 0.00535669 0.00535669 0.00535669 0.00535669 0.00535669 0.00535669 0.00535669 0.00535669 0.00535669 0.00535669 0.00535669 0.00535669 0.00535669 0.00535669 0.00535669 0.00535669 0.00535669 0.00535669 0.00535669 0.00535669 0.00535669 0.00535669 0.00535669 0.00535669 0.00535669 0.00535669 0.00535669 0.00535669 0.00535669 0.00535669 0.00535669 0.00535669 0.00535669 0.00535669 0.00535669 0.00535669 0.00535669 0.00535669 0.00535669 0.00535669 0.00535669 0.00535669 0.00535669 0.00535669 0.00535669 0.00535669 0.00535669 0.00535669 0.00535669 0.00535669 0.00535669 0.00535669 0.00535669 0.00535669 0.00535669 0.00535669 0.00535669 0.00535669 0.00535669 0.00535669 0.00535669 0.00535669 0.00535669 0.00535669 0.00535669 0.00535669 0.00535669 0.00535669 0.00535669 0.00535669 0.00535669 0.00535669 0.00535669 0.00535669 0.00535669 0.00535669 0.00535669 0.0053567 0.00535673 0.00535679 0.00535692 0.00535723 0.00535789 0.00535923 0.00536185 0.00536676 0.00537551 0.00539036 0.00541428 0.00545071 0.00550292 0.00557253 0.00565697 0.00574493 0.00580855 0.00579221 0.00560226 0.0051103 0.00418621 0.00276274 0.000900535 -0.00119766 -0.00324941 -0.00499634 -0.00627956 -0.00704532 -0.0072977 -0.00704532 -0.00627956 -0.00499634 -0.00324941 -0.00119766 0.000900535 0.00276274 0.00418621 0.0051103 0.00560226 0.00579221 0.00580855 0.00574493 0.00565697 0.00557253 0.00550292 0.00545071 0.00541428 0.00539036 0.00537551 0.00536676 0.00536185 0.00535923 0.00535789 0.00535723 0.00535692 0.00535679 0.00535673 0.0053567 0.00535669 0.00535669 0.00535669 0.00535669 0.00535669 0.00535669 0.00535669 0.00535669 0.00535669 0.00535669 0.00535669 0.00535669 0.00535669 0.00535669 0.00535669 0.00535669 0.00535669 0.00535669 0.00535669 0.00535669 0.00535669 0.00535669 0.00535669 0.00535669 0.00535669 0.00535669 0.00535669 0.00535669 0.00535669 0.00535669 0.00535669 0.00535669 0.00535669 0.00535669 0.00535669 0.00535669 0.00535669 0.00535669 0.00535669 0.00535669 0.00535669 0.00535669 0.00535669 0.00535669 0.00535669 0.00535669 0.00535669 0.00535669 0.00535669 0.00535669 0.00535669 
0.00535744 0.00535744 0.00535744 0.00535744 0.00535744 0.00535744 0.00535744 0.00535744 0.00535744 0.00535744 0.00535744 0.00535744 0.00535744 0.00535744 0.00535744 0.00535744 0.00535744 0.00535744 0.00535744 0.00535744 0.00535744 0.00535744 0.00535744 0.00535744 0.00535744 0.00535744 0.00535744 0.00535744 0.00535744 0.00535744 0.00535744 0.00535744 0.00535744 0.00535744 0.00535744 0.00535744 0.00535744 0.00535744 0.00535744 0.00535744 0.00535744 0.00535744 0.00535744 0.00535744 0.00535744 0.00535744 0.00535744 0.00535744 0.00535744 0.00535744 0.00535744 0.00535744 0.00535744 0.00535744 0.00535744 0.00535744 0.00535744 0.00535744 0.00535744 0.00535744 0.00535744 0.00535744 0.00535744 0.00535744 0.00535744 0.00535744 0.00535744 0.00535744 0.00535744 0.00535744 0.00535744 0.00535744 0.00535744 0.00535744 0.00535744 0.00535744 0.00535744 0.00535744 0.00535744 0.00535744 0.00535744 0.00535744 0.00535744 0.00535744 0.00535744 0.00535744 0.00535744 0.00535744 0.00535744 0.00535744 0.00535745 0.00535748 0.00535754 0.00535767 0.00535798 0.00535864 0.00535998 0.00536261 0.00536753 0.0053763 0.00539118 0.00541515 0.00545166 0.00550399 0.00557377 0.00565845 0.0057467 0.00581064 0.00579457 0.00560471 0.00511246 0.00418753 0.00276259 0.000898469 -0.00120176 -0.00325526 -0.00500341 -0.00628731 -0.00705337 -0.00730582 -0.00705337 -0.00628731 -0.00500341 -0.00325526 -0.00120176 0.000898469 0.00276259 0.00418753 0.00511246 0.00560471 0.00579457 0.00581064 0.0057467 0.00565845 0.00557377 0.00550399 0.00545166 0.00541515 0.00539118 0.0053763 0.00536753 0.00536261 0.00535998 0.00535864 0.00535798 0.00535767 0.00535754 0.00535748 0.00535745 0.00535744 0.00535744 0.00535744 0.00535744 0.00535744 0.00535744 0.00535744 0.00535744 0.00535744 0.00535744 0.00535744 0.00535744 0.00535744 0.00535744 0.00535744 0.00535744 0.00535744 0.00535744 0.00535744 0.00535744 0.00535744 0.00535744 0.00535744 0.00535744 0.00535744 0.00535744 0.00535744 0.00535744 0.00535744 0.00535744 0.00535744 0.00535744 0.00535744 0.00535744 0.00535744 0.00535744 0.00535744 0.00535744 0.00535744 0.00535744 0.00535744 0.00535744 0.00535744 0.00535744 0.00535744 0.00535744 0.00535744 0.00535744 0.00535744 0.00535744 0.00535744 
0.00535805 0.00535805 0.00535805 0.00535805 0.00535805 0.00535805 0.00535805 0.00535805 0.00535805 0.00535805 0.00535805 0.00535805 0.00535805 0.00535805 0.00535805 0.00535805 0.00535805 0.00535805 0.00535805 0.00535805 0.00535805 0.00535805 0.00535805 0.00535805 0.00535805 0.00535805 0.00535805 0.00535805 0.00535805 0.00535805 0.00535805 0.00535805 0.00535805 0.00535805 0.00535805 0.00535805 0.00535805 0.00535805 0.00535805 0.00535805 0.00535805 0.00535805 0.00535805 0.00535805 0.00535805 0.00535805 0.00535805 0.00535805 0.00535805 0.00535805 0.00535805 0.00535805 0.00535805 0.00535805 0.00535805 0.00535805 0.00535805 0.00535805 0.00535805 0.00535805 0.00535805 0.00535805 0.00535805 0.00535805 0.00535805 0.00535805 0.00535805 0.00535805 0.00535805 0.00535805 0.00535805 0.00535805 0.00535805 0.00535805 0.00535805 0.00535805 0.00535805 0.00535805 0.00535805 0.00535805 0.00535805 0.00535805 0.00535805 0.00535805 0.00535805 0.00535805 0.00535805 0.00535805 0.00535805 0.00535806 0.00535807 0.00535809 0.00535815 0.00535829 0.00535859 0.00535925 0.0053606 0.00536324 0.00536818 0.00537697 0.0053919 0.00541595 0.0054526 0.00550512 0.00557518 0.00566023 0.00574895 0.00581341 0.0057978 0.00560812 0.00511545 0.00418924 0.00276207 0.000895 -0.00120832 -0.00326445 -0.0050144 -0.00629926 -0.0070657 -0.00731823 -0.0070657 -0.00629926 -0.0050144 -0.00326445 -0.00120832 0.000895 0.00276207 0.00418924 0.00511545 0.00560812 0.0057978 0.00581341 0.00574895 0.00566023 0.00557518 0.00550512 0.0054526 0.00541595 0.0053919 0.00537697 0.00536818 0.00536324 0.0053606 0.00535925 0.00535859 0.00535829 0.00535815 0.00535809 0.00535807 0.00535806 0.00535805 0.00535805 0.00535805 0.00535805 0.00535805 0.00535805 0.00535805 0.00535805 0.00535805 0.00535805 0.00535805 0.00535805 0.00535805 0.00535805 0.00535805 0.00535805 0.00535805 0.00535805 0.00535805 0.00535805 0.00535805 0.00535805 0.00535805 0.00535805 0.00535805 0.00535805 0.00535805 0.00535805 0.00535805 0.00535805 0.00535805 0.00535805 0.00535805 0.00535805 0.00535805 0.00535805 0.00535805 0.00535805 0.00535805 0.00535805 0.00535805 0.00535805 0.00535805 0.00535805 0.00535805 0.00535805 0.00535805 0.00535805 0.00535805 0.00535805 
0.00535775 0.00535775 0.00535775 0.00535775 0.00535775 0.00535775 0.00535775 0.00535775 0.00535775 0.00535775 0.00535775 0.00535775 0.00535775 0.00535775 0.00535775 0.00535775 0.00535775 0.00535775 0.00535775 0.00535775 0.00535775 0.00535775 0.00535775 0.00535775 0.00535775 0.00535775 0.00535775 0.00535775 0.00535775 0.00535775 0.00535775 0.00535775 0.00535775 0.00535775 0.00535775 0.00535775 0.00535775 0.00535775 0.00535775 0.00535775 0.00535775 0.00535775 0.00535775 0.00535775 0.00535775 0.00535775 0.00535775 0.00535775 0.00535775 0.00535775 0.00535775 0.00535775 0.00535775 0.00535775 0.00535775 0.00535775 0.00535775 0.00535775 0.00535775 0.00535775 0.00535775 0.00535775 0.00535775 0.00535775 0.00535775 0.00535775 0.00535775 0.00535775 0.00535775 0.00535775 0.00535775 0.00535775 0.00535775 0.00535775 0.00535775 0.00535775 0.00535775 0.00535775 0.00535775 0.00535775 0.00535775 0.00535775 0.00535775 0.00535775 0.00535775 0.00535775 0.00535775 0.00535775 0.00535775 0.00535775 0.00535776 0.00535779 0.00535785 0.00535798 0.00535829 0.00535895 0.00536031 0.00536296 0.00536792 0.00537676 0.00539176 0.00541593 0.00545277 0.00550559 0.00557607 0.0056617 0.00575114 0.00581641 0.00580152 0.00561217 0.00511899 0.004191 0.00276066 0.000889433 -0.00121822 -0.00327796 -0.00503027 -0.0063163 -0.00708313 -0.00733574 -0.00708313 -0.0063163 -0.00503027 -0.00327796 -0.00121822 0.000889433 0.00276066 0.004191 0.00511899 0.00561217 0.00580152 0.00581641 0.00575114 0.0056617 0.00557607 0.00550559 0.00545277 0.00541593 0.00539176 0.00537676 0.00536792 0.00536296 0.00536031 0.00535895 0.00535829 0.00535798 0.00535785 0.00535779 0.00535776 0.00535775 0.00535775 0.00535775 0.00535775 0.00535775 0.00535775 0.00535775 0.00535775 0.00535775 0.00535775 0.00535775 0.00535775 0.00535775 0.00535775 0.00535775 0.00535775 0.00535775 0.00535775 0.00535775 0.00535775 0.00535775 0.00535775 0.00535775 0.00535775 0.00535775 0.00535775 0.00535775 0.00535775 0.00535775 0.00535775 0.00535775 0.00535775 0.00535775 0.00535775 0.00535775 0.00535775 0.00535775 0.00535775 0.00535775 0.00535775 0.00535775 0.00535775 0.00535775 0.00535775 0.00535775 0.00535775 0.00535775 0.00535775 0.00535775 0.00535775 0.00535775 
0.00535482 0.00535482 0.00535482 0.00535482 0.00535482 0.00535482 0.00535482 0.00535482 0.00535482 0.00535482 0.00535482 0.00535482 0.00535482 0.00535482 0.00535482 0.00535482 0.00535482 0.00535482 0.00535482 0.00535482 0.00535482 0.00535482 0.00535482 0.00535482 0.00535482 0.00535482 0.00535482 0.00535482 0.00535482 0.00535482 0.00535482 0.00535482 0.00535482 0.00535482 0.00535482 0.00535482 0.00535482 0.00535482 0.00535482 0.00535482 0.00535482 0.00535482 0.00535482 0.00535482 0.00535482 0.00535482 0.00535482 0.00535482 0.00535482 0.00535482 0.00535482 0.00535482 0.00535482 0.00535482 0.00535482 0.00535482 0.00535482 0.00535482 0.00535482 0.00535482 0.00535482 0.00535482 0.00535482 0.00535482 0.00535482 0.00535482 0.00535482 0.00535482 0.00535482 0.00535482 0.00535482 0.00535482 0.00535482 0.00535482 0.00535482 0.00535482 0.00535482 0.00535482 0.00535482 0.00535482 0.00535482 0.00535482 0.00535482 0.00535482 0.00535482 0.00535482 0.00535482 0.00535482 0.00535482 0.00535482 0.00535483 0.00535486 0.00535492 0.00535506 0.00535537 0.00535603 0.0053574 0.00536007 0.00536506 0.00537396 0.00538906 0.00541341 0.00545052 0.00550376 0.00557484 0.00566129 0.00575177 0.00581823 0.00580445 0.00561568 0.00512198 0.00419179 0.00275743 0.000880909 -0.00123217 -0.00329627 -0.00505123 -0.00633833 -0.00710535 -0.00735792 -0.00710535 -0.00633833 -0.00505123 -0.00329627 -0.00123217 0.000880909 0.00275743 0.00419179 0.00512198 0.00561568 0.00580445 0.00581823 0.00575177 0.00566129 0.00557484 0.00550376 0.00545052 0.00541341 0.00538906 0.00537396 0.00536506 0.00536007 0.0053574 0.00535603 0.00535537 0.00535506 0.00535492 0.00535486 0.00535483 0.00535482 0.00535482 0.00535482 0.00535482 0.00535482 0.00535482 0.00535482 0.00535482 0.00535482 0.00535482 0.00535482 0.00535482 0.00535482 0.00535482 0.00535482 0.00535482 0.00535482 0.00535482 0.00535482 0.00535482 0.00535482 0.00535482 0.00535482 0.00535482 0.00535482 0.00535482 0.00535482 0.00535482 0.00535482 0.00535482 0.00535482 0.00535482 0.00535482 0.00535482 0.00535482 0.00535482 0.00535482 0.00535482 0.00535482 0.00535482 0.00535482 0.00535482 0.00535482 0.00535482 0.00535482 0.00535482 0.00535482 0.00535482 0.00535482 0.00535482 0.00535482 
0.00534601 0.00534601 0.00534601 0.00534601 0.00534601 0.00534601 0.00534601 0.00534601 0.00534601 0.00534601 0.00534601 0.00534601 0.00534601 0.00534601 0.00534601 0.00534601 0.00534601 0.00534601 0.00534601 0.00534601 0.00534601 0.00534601 0.00534601 0.00534601 0.00534601 0.00534601 0.00534601 0.00534601 0.00534601 0.00534601 0.00534601 0.00534601 0.00534601 0.00534601 0.00534601 0.00534601 0.00534601 0.00534601 0.00534601 0.00534601 0.00534601 0.00534601 0.00534601 0.00534601 0.00534601 0.00534601 0.00534601 0.00534601 0.00534601 0.00534601 0.00534601 0.00534601 0.00534601 0.00534601 0.00534601 0.00534601 0.00534601 0.00534601 0.00534601 0.00534601 0.00534601 0.00534601 0.00534601 0.00534601 0.00534601 0.00534601 0.00534601 0.00534601 0.00534601 0.00534601 0.00534601 0.00534601 0.00534601 0.00534601 0.00534601 0.00534601 0.00534601 0.00534601 0.00534601 0.00534601 0.00534601 0.00534601 0.00534601 0.00534601 0.00534601 0.00534601 0.00534601 0.00534601 0.00534601 0.00534602 0.00534603 0.00534605 0.00534611 0.00534625 0.00534656 0.00534724 0.00534861 0.0053513 0.00535633 0.00536531 0.00538055 0.00540512 0.00544259 0.00549637 0.00556825 0.00565579 0.00574768 0.00581577 0.00580359 0.00561586 0.00512189 0.00418946 0.00275075 0.000868482 -0.00125029 -0.00331858 -0.00507558 -0.00636294 -0.00712944 -0.00738171 -0.00712944 -0.00636294 -0.00507558 -0.00331858 -0.00125029 0.000868482 0.00275075 0.00418946 0.00512189 0.00561586 0.00580359 0.00581577 0.00574768 0.00565579 0.00556825 0.00549637 0.00544259 0.00540512 0.00538055 0.00536531 0.00535633 0.0053513 0.00534861 0.00534724 0.00534656 0.00534625 0.00534611 0.00534605 0.00534603 0.00534602 0.00534601 0.00534601 0.00534601 0.00534601 0.00534601 0.00534601 0.00534601 0.00534601 0.00534601 0.00534601 0.00534601 0.00534601 0.00534601 0.00534601 0.00534601 0.00534601 0.00534601 0.00534601 0.00534601 0.00534601 0.00534601 0.00534601 0.00534601 0.00534601 0.00534601 0.00534601 0.00534601 0.00534601 0.00534601 0.00534601 0.00534601 0.00534601 0.00534601 0.00534601 0.00534601 0.00534601 0.00534601 0.00534601 0.00534601 0.00534601 0.00534601 0.00534601 0.00534601 0.00534601 0.00534601 0.00534601 0.00534601 0.00534601 0.00534601 0.00534601 
0.0053257 0.0053257 0.0053257 0.0053257 0.0053257 0.0053257 0.0053257 0.0053257 0.0053257 0.0053257 0.0053257 0.0053257 0.0053257 0.0053257 0.0053257 0.0053257 0.0053257 0.0053257 0.0053257 0.0053257 0.0053257 0.0053257 0.0053257 0.0053257 0.0053257 0.0053257 0.0053257 0.0053257 0.0053257 0.0053257 0.0053257 0.0053257 0.0053257 0.0053257 0.0053257 0.0053257 0.0053257 0.0053257 0.0053257 0.0053257 0.0053257 0.0053257 0.0053257 0.0053257 0.0053257 0.0053257 0.0053257 0.0053257 0.0053257 0.0053257 0.0053257 0.0053257 0.0053257 0.0053257 0.0053257 0.0053257 0.0053257 0.0053257 0.0053257 0.0053257 0.0053257 0.0053257 0.0053257 0.0053257 0.0053257 0.0053257 0.0053257 0.0053257 0.0053257 0.0053257 0.0053257 0.0053257 0.0053257 0.0053257 0.0053257 0.0053257 0.0053257 0.0053257 0.0053257 0.0053257 0.0053257 0.0053257 0.0053257 0.0053257 0.0053257 0.0053257 0.0053257 0.0053257 0.0053257 0.0053257 0.00532571 0.00532573 0.0053258 0.00532594 0.00532625 0.00532693 0.00532832 0.00533104 0.00533612 0.00534518 0.00536058 0.0053854 0.00542329 0.00547771 0.00555053 0.00563939 0.00573302 0.0058032 0.0057932 0.0056072 0.00511376 0.00417998 0.00273797 0.000851344 -0.00127128 -0.00334147 -0.00509801 -0.00638333 -0.00714772 -0.00739912 -0.00714772 -0.00638333 -0.00509801 -0.00334147 -0.00127128 0.000851344 0.00273797 0.00417998 0.00511376 0.0056072 0.0057932 0.0058032 0.00573302 0.00563939 0.00555053 0.00547771 0.00542329 0.0053854 0.00536058 0.00534518 0.00533612 0.00533104 0.00532832 0.00532693 0.00532625 0.00532594 0.0053258 0.00532573 0.00532571 0.0053257 0.0053257 0.0053257 0.0053257 0.0053257 0.0053257 0.0053257 0.0053257 0.0053257 0.0053257 0.0053257 0.0053257 0.0053257 0.0053257 0.0053257 0.0053257 0.0053257 0.0053257 0.0053257 0.0053257 0.0053257 0.0053257 0.0053257 0.0053257 0.0053257 0.0053257 0.0053257 0.0053257 0.0053257 0.0053257 0.0053257 0.0053257 0.0053257 0.0053257 0.0053257 0.0053257 0.0053257 0.0053257 0.0053257 0.0053257 0.0053257 0.0053257 0.0053257 0.0053257 0.0053257 0.0053257 0.0053257 0.0053257 0.0053257 0.0053257 0.0053257 
0.00528485 0.00528485 0.00528485 0.00528485 0.00528485 0.00528485 0.00528485 0.00528485 0.00528485 0.00528485 0.00528485 0.00528485 0.00528485 0.00528485 0.00528485 0.00528485 0.00528485 0.00528485 0.00528485 0.00528485 0.00528485 0.00528485 0.00528485 0.00528485 0.00528485 0.00528485 0.00528485 0.00528485 0.00528485 0.00528485 0.00528485 0.00528485 0.00528485 0.00528485 0.00528485 0.00528485 0.00528485 0.00528485 0.00528485 0.00528485 0.00528485 0.00528485 0.00528485 0.00528485 0.00528485 0.00528485 0.00528485 0.00528485 0.00528485 0.00528485 0.00528485 0.00528485 0.00528485 0.00528485 0.00528485 0.00528485 0.00528485 0.00528485 0.00528485 0.00528485 0.00528485 0.00528485 0.00528485 0.00528485 0.00528485 0.00528485 0.00528485 0.00528485 0.00528485 0.00528485 0.00528485 0.00528485 0.00528485 0.00528485 0.00528485 0.00528485 0.00528485 0.00528485 0.00528485 0.00528485 0.00528485 0.00528485 0.00528485 0.00528485 0.00528485 0.00528485 0.00528485 0.00528485 0.00528485 0.00528486 0.00528487 0.00528489 0.00528495 0.0052851 0.00528541 0.0052861 0.0052875 0.00529024 0.00529536 0.00530451 0.00532004 0.00534511 0.0053834 0.00543844 0.0055122 0.00560243 0.00569793 0.00577049 0.00576326 0.00558005 0.00508889 0.0041565 0.00271513 0.000829289 -0.00129109 -0.00335674 -0.00510678 -0.00638521 -0.00714436 -0.0073938 -0.00714436 -0.00638521 -0.00510678 -0.00335674 -0.00129109 0.000829289 0.00271513 0.0041565 0.00508889 0.00558005 0.00576326 0.00577049 0.00569793 0.00560243 0.0055122 0.00543844 0.0053834 0.00534511 0.00532004 0.00530451 0.00529536 0.00529024 0.0052875 0.0052861 0.00528541 0.0052851 0.00528495 0.00528489 0.00528487 0.00528486 0.00528485 0.00528485 0.00528485 0.00528485 0.00528485 0.00528485 0.00528485 0.00528485 0.00528485 0.00528485 0.00528485 0.00528485 0.00528485 0.00528485 0.00528485 0.00528485 0.00528485 0.00528485 0.00528485 0.00528485 0.00528485 0.00528485 0.00528485 0.00528485 0.00528485 0.00528485 0.00528485 0.00528485 0.00528485 0.00528485 0.00528485 0.00528485 0.00528485 0.00528485 0.00528485 0.00528485 0.00528485 0.00528485 0.00528485 0.00528485 0.00528485 0.00528485 0.00528485 0.00528485 0.00528485 0.00528485 0.00528485 0.00528485 0.00528485 0.00528485 
0.00520982 0.00520982 0.00520982 0.00520982 0.00520982 0.00520982 0.00520982 0.00520982 0.00520982 0.00520982 0.00520982 0.00520982 0.00520982 0.00520982 0.00520982 0.00520982 0.00520982 0.00520982 0.00520982 0.00520982 0.00520982 0.00520982 0.00520982 0.00520982 0.00520982 0.00520982 0.00520982 0.00520982 0.00520982 0.00520982 0.00520982 0.00520982 0.00520982 0.00520982 0.00520982 0.00520982 0.00520982 0.00520982 0.00520982 0.00520982 0.00520982 0.00520982 0.00520982 0.00520982 0.00520982 0.00520982 0.00520982 0.00520982 0.00520982 0.00520982 0.00520982 0.00520982 0.00520982 0.00520982 0.00520982 0.00520982 0.00520982 0.00520982 0.00520982 0.00520982 0.00520982 0.00520982 0.00520982 0.00520982 0.00520982 0.00520982 0.00520982 0.00520982 0.00520982 0.00520982 0.00520982 0.00520982 0.00520982 0.00520982 0.00520982 0.00520982 0.00520982 0.00520982 0.00520982 0.00520982 0.00520982 0.00520982 0.00520982 0.00520982 0.00520982 0.00520982 0.00520982 0.00520982 0.00520982 0.00520982 0.00520983 0.00520986 0.00520992 0.00521006 0.00521038 0.00521107 0.00521247 0.00521522 0.00522036 0.00522954 0.00524514 0.00527032 0.00530881 0.00536421 0.00543856 0.00552975 0.00562674 0.00570152 0.00569743 0.0055185 0.00503301 0.00410808 0.00267657 0.000803622 -0.00130068 -0.00334797 -0.00507943 -0.00634182 -0.00709013 -0.00733576 -0.00709013 -0.00634182 -0.00507943 -0.00334797 -0.00130068 0.000803622 0.00267657 0.00410808 0.00503301 0.0055185 0.00569743 0.00570152 0.00562674 0.00552975 0.00543856 0.00536421 0.00530881 0.00527032 0.00524514 0.00522954 0.00522036 0.00521522 0.00521247 0.00521107 0.00521038 0.00521006 0.00520992 0.00520986 0.00520983 0.00520982 0.00520982 0.00520982 0.00520982 0.00520982 0.00520982 0.00520982 0.00520982 0.00520982 0.00520982 0.00520982 0.00520982 0.00520982 0.00520982 0.00520982 0.00520982 0.00520982 0.00520982 0.00520982 0.00520982 0.00520982 0.00520982 0.00520982 0.00520982 0.00520982 0.00520982 0.00520982 0.00520982 0.00520982 0.00520982 0.00520982 0.00520982 0.00520982 0.00520982 0.00520982 0.00520982 0.00520982 0.00520982 0.00520982 0.00520982 0.00520982 0.00520982 0.00520982 0.00520982 0.00520982 0.00520982 0.00520982 0.00520982 0.00520982 0.00520982 0.00520982 
0.00508083 0.00508083 0.00508083 0.00508083 0.00508083 0.00508083 0.00508083 0.00508083 0.00508083 0.00508083 0.00508083 0.00508083 0.00508083 0.00508083 0.00508083 0.00508083 0.00508083 0.00508083 0.00508083 0.00508083 0.00508083 0.00508083 0.00508083 0.00508083 0.00508083 0.00508083 0.00508083 0.00508083 0.00508083 0.00508083 0.00508083 0.00508083 0.00508083 0.00508083 0.00508083 0.00508083 0.00508083 0.00508083 0.00508083 0.00508083 0.00508083 0.00508083 0.00508083 0.00508083 0.00508083 0.00508083 0.00508083 0.00508083 0.00508083 0.00508083 0.00508083 0.00508083 0.00508083 0.00508083 0.00508083 0.00508083 0.00508083 0.00508083 0.00508083 0.00508083 0.00508083 0.00508083 0.00508083 0.00508083 0.00508083 0.00508083 0.00508083 0.00508083 0.00508083 0.00508083 0.00508083 0.00508083 0.00508083 0.00508083 0.00508083 0.00508083 0.00508083 0.00508083 0.00508083 0.00508083 0.00508083 0.00508083 0.00508083 0.00508083 0.00508083 0.00508083 0.00508083 0.00508083 0.00508083 0.00508084 0.00508085 0.00508087 0.00508093 0.00508107 0.00508139 0.00508207 0.00508346 0.00508618 0.00509126 0.00510035 0.0051158 0.00514075 0.00517891 0.00523389 0.0053078 0.00539865 0.0054957 0.00557151 0.00557034 0.00539769 0.00492382 0.00401803 0.00261466 0.000778608 -0.00128268 -0.00328551 -0.00497643 -0.00620692 -0.00693505 -0.0071738 -0.00693505 -0.00620692 -0.00497643 -0.00328551 -0.00128268 0.000778608 0.00261466 0.00401803 0.00492382 0.00539769 0.00557034 0.00557151 0.0054957 0.00539865 0.0053078 0.00523389 0.00517891 0.00514075 0.0051158 0.00510035 0.00509126 0.00508618 0.00508346 0.00508207 0.00508139 0.00508107 0.00508093 0.00508087 0.00508085 0.00508084 0.00508083 0.00508083 0.00508083 0.00508083 0.00508083 0.00508083 0.00508083 0.00508083 0.00508083 0.00508083 0.00508083 0.00508083 0.00508083 0.00508083 0.00508083 0.00508083 0.00508083 0.00508083 0.00508083 0.00508083 0.00508083 0.00508083 0.00508083 0.00508083 0.00508083 0.00508083 0.00508083 0.00508083 0.00508083 0.00508083 0.00508083 0.00508083 0.00508083 0.00508083 0.00508083 0.00508083 0.00508083 0.00508083 0.00508083 0.00508083 0.00508083 0.00508083 0.00508083 0.00508083 0.00508083 0.00508083 0.00508083 0.00508083 0.00508083 0.00508083 
0.00487075 0.00487075 0.00487075 0.00487075 0.00487075 0.00487075 0.00487075 0.00487075 0.00487075 0.00487075 0.00487075 0.00487075 0.00487075 0.00487075 0.00487075 0.00487075 0.00487075 0.00487075 0.00487075 0.00487075 0.00487075 0.00487075 0.00487075 0.00487075 0.00487075 0.00487075 0.00487075 0.00487075 0.00487075 0.00487075 0.00487075 0.00487075 0.00487075 0.00487075 0.00487075 0.00487075 0.00487075 0.00487075 0.00487075 0.00487075 0.00487075 0.00487075 0.00487075 0.00487075 0.00487075 0.00487075 0.00487075 0.00487075 0.00487075 0.00487075 0.00487075 0.00487075 0.00487075 0.00487075 0.00487075 0.00487075 0.00487075 0.00487075 0.00487075 0.00487075 0.00487075 0.00487075 0.00487075 0.00487075 0.00487075 0.00487075 0.00487075 0.00487075 0.00487075 0.00487075 0.00487075 0.00487075 0.00487075 0.00487075 0.00487075 0.00487075 0.00487075 0.00487075 0.00487075 0.00487075 0.00487075 0.00487075 0.00487075 0.00487075 0.00487075 0.00487075 0.00487075 0.00487074 0.00487074 0.00487075 0.00487076 0.00487078 0.00487084 0.00487098 0.00487128 0.00487193 0.00487327 0.00487588 0.00488078 0.00488952 0.00490438 0.0049284 0.00496515 0.00501811 0.00508936 0.00517706 0.00527096 0.00534478 0.00534511 0.00518127 0.00472882 0.0038625 0.00251965 0.000763059 -0.00120791 -0.00312126 -0.0047348 -0.0059075 -0.00660065 -0.00682778 -0.00660065 -0.0059075 -0.0047348 -0.00312126 -0.00120791 0.000763059 0.00251965 0.0038625 0.00472882 0.00518127 0.00534511 0.00534478 0.00527096 0.00517706 0.00508936 0.00501811 0.00496515 0.0049284 0.00490438 0.00488952 0.00488078 0.00487588 0.00487327 0.00487193 0.00487128 0.00487098 0.00487084 0.00487078 0.00487076 0.00487075 0.00487074 0.00487074 0.00487075 0.00487075 0.00487075 0.00487075 0.00487075 0.00487075 0.00487075 0.00487075 0.00487075 0.00487075 0.00487075 0.00487075 0.00487075 0.00487075 0.00487075 0.00487075 0.00487075 0.00487075 0.00487075 0.00487075 0.00487075 0.00487075 0.00487075 0.00487075 0.00487075 0.00487075 0.00487075 0.00487075 0.00487075 0.00487075 0.00487075 0.00487075 0.00487075 0.00487075 0.00487075 0.00487075 0.00487075 0.00487075 0.00487075 0.00487075 0.00487075 0.00487075 0.00487075 0.00487075 0.00487075 0.00487075 0.00487075 0.00487075 
0.00454551 0.00454551 0.00454551 0.00454551 0.00454551 0.00454551 0.00454551 0.00454551 0.00454551 0.00454551 0.00454551 0.00454551 0.00454551 0.00454551 0.00454551 0.00454551 0.00454551 0.00454551 0.00454551 0.00454551 0.00454551 0.00454551 0.00454551 0.00454551 0.00454551 0.00454551 0.00454551 0.00454551 0.00454551 0.00454551 0.00454551 0.00454551 0.00454551 0.00454551 0.00454551 0.00454551 0.00454551 0.00454551 0.00454551 0.00454551 0.00454551 0.00454551 0.00454551 0.00454551 0.00454551 0.00454551 0.00454551 0.00454551 0.00454551 0.00454551 0.00454551 0.00454551 0.00454551 0.00454551 0.00454551 0.00454551 0.00454551 0.00454551 0.00454551 0.00454551 0.00454551 0.00454551 0.00454551 0.00454551 0.00454551 0.00454551 0.00454551 0.00454551 0.00454551 0.00454551 0.00454551 0.00454551 0.00454551 0.00454551 0.00454551 0.00454551 0.00454551 0.00454551 0.00454551 0.00454551 0.00454551 0.00454551 0.00454551 0.00454551 0.00454551 0.00454551 0.00454551 0.00454551 0.00454551 0.00454551 0.00454552 0.00454554 0.0045456 0.00454572 0.004546 0.00454659 0.00454781 0.00455019 0.00455466 0.00456263 0.00457617 0.00459805 0.00463151 0.0046797 0.00474446 0.00482405 0.00490902 0.00497526 0.00497387 0.00482194 0.00440576 0.00361086 0.00238004 0.000770657 -0.00103507 -0.00278839 -0.00426762 -0.00534329 -0.00597943 -0.00618794 -0.00597943 -0.00534329 -0.00426762 -0.00278839 -0.00103507 0.000770657 0.00238004 0.00361086 0.00440576 0.00482194 0.00497387 0.00497526 0.00490902 0.00482405 0.00474446 0.0046797 0.00463151 0.00459805 0.00457617 0.00456263 0.00455466 0.00455019 0.00454781 0.00454659 0.004546 0.00454572 0.0045456 0.00454554 0.00454552 0.00454551 0.00454551 0.00454551 0.00454551 0.00454551 0.00454551 0.00454551 0.00454551 0.00454551 0.00454551 0.00454551 0.00454551 0.00454551 0.00454551 0.00454551 0.00454551 0.00454551 0.00454551 0.00454551 0.00454551 0.00454551 0.00454551 0.00454551 0.00454551 0.00454551 0.00454551 0.00454551 0.00454551 0.00454551 0.00454551 0.00454551 0.00454551 0.00454551 0.00454551 0.00454551 0.00454551 0.00454551 0.00454551 0.00454551 0.00454551 0.00454551 0.00454551 0.00454551 0.00454551 0.00454551 0.00454551 0.00454551 0.00454551 0.00454551 0.00454551 0.00454551 
0.00406927 0.00406927 0.00406927 0.00406927 0.00406927 0.00406927 0.00406927 0.00406927 0.00406927 0.00406927 0.00406927 0.00406927 0.00406927 0.00406927 0.00406927 0.00406927 0.00406927 0.00406927 0.00406927 0.00406927 0.00406927 0.00406927 0.00406927 0.00406927 0.00406927 0.00406927 0.00406927 0.00406927 0.00406927 0.00406927 0.00406927 0.00406927 0.00406927 0.00406927 0.00406927 0.00406927 0.00406927 0.00406927 0.00406927 0.00406927 0.00406927 0.00406927 0.00406927 0.00406927 0.00406927 0.00406927 0.00406927 0.00406927 0.00406927 0.00406927 0.00406927 0.00406927 0.00406927 0.00406927 0.00406927 0.00406927 0.00406927 0.00406927 0.00406927 0.00406927 0.00406927 0.00406927 0.00406927 0.00406927 0.00406927 0.00406927 0.00406927 0.00406927 0.00406927 0.00406927 0.00406927 0.00406927 0.00406927 0.00406927 0.00406927 0.00406927 0.00406927 0.00406927 0.00406927 0.00406927 0.00406927 0.00406927 0.00406927 0.00406927 0.00406927 0.00406927 0.00406927 0.00406927 0.00406927 0.00406928 0.00406928 0.0040693 0.00406935 0.00406945 0.00406968 0.00407017 0.00407118 0.00407315 0.00407684 0.00408342 0.00409458 0.00411259 0.00414005 0.00417947 0.00423218 0.00429644 0.00436399 0.00441428 0.00440606 0.00426975 0.00391006 0.00323102 0.00218423 0.000816943 -0.000718708 -0.00221364 -0.0034796 -0.00440422 -0.00495325 -0.00513367 -0.00495325 -0.00440422 -0.0034796 -0.00221364 -0.000718708 0.000816943 0.00218423 0.00323102 0.00391006 0.00426975 0.00440606 0.00441428 0.00436399 0.00429644 0.00423218 0.00417947 0.00414005 0.00411259 0.00409458 0.00408342 0.00407684 0.00407315 0.00407118 0.00407017 0.00406968 0.00406945 0.00406935 0.0040693 0.00406928 0.00406928 0.00406927 0.00406927 0.00406927 0.00406927 0.00406927 0.00406927 0.00406927 0.00406927 0.00406927 0.00406927 0.00406927 0.00406927 0.00406927 0.00406927 0.00406927 0.00406927 0.00406927 0.00406927 0.00406927 0.00406927 0.00406927 0.00406927 0.00406927 0.00406927 0.00406927 0.00406927 0.00406927 0.00406927 0.00406927 0.00406927 0.00406927 0.00406927 0.00406927 0.00406927 0.00406927 0.00406927 0.00406927 0.00406927 0.00406927 0.00406927 0.00406927 0.00406927 0.00406927 0.00406927 0.00406927 0.00406927 0.00406927 0.00406927 0.00406927 0.00406927 
0.00341648 0.00341648 0.00341648 0.00341648 0.00341648 0.00341648 0.00341648 0.00341648 0.00341648 0.00341648 0.00341648 0.00341648 0.00341648 0.00341648 0.00341648 0.00341648 0.00341648 0.00341648 0.00341648 0.00341648 0.00341648 0.00341648 0.00341648 0.00341648 0.00341648 0.00341648 0.00341648 0.00341648 0.00341648 0.00341648 0.00341648 0.00341648 0.00341648 0.00341648 0.00341648 0.00341648 0.00341648 0.00341648 0.00341648 0.00341648 0.00341648 0.00341648 0.00341648 0.00341648 0.00341648 0.00341648 0.00341648 0.00341648 0.00341648 0.00341648 0.00341648 0.00341648 0.00341648 0.00341648 0.00341648 0.00341648 0.00341648 0.00341648 0.00341648 0.00341648 0.00341648 0.00341648 0.00341648 0.00341648 0.00341648 0.00341648 0.00341648 0.00341648 0.00341648 0.00341648 0.00341648 0.00341648 0.00341648 0.00341648 0.00341648 0.00341648 0.00341648 0.00341648 0.00341648 0.00341648 0.00341648 0.00341648 0.00341648 0.00341648 0.00341648 0.00341648 0.00341648 0.00341648 0.00341648 0.00341648 0.00341649 0.0034165 0.00341653 0.0034166 0.00341676 0.00341709 0.00341778 0.00341912 0.00342163 0.00342608 0.00343361 0.00344567 0.00346392 0.00348982 0.00352384 0.00356415 0.00360415 0.00362849 0.00360729 0.00349088 0.00321165 0.00270124 0.00192423 0.0009123 -0.000227891 -0.00134646 -0.00230423 -0.00301265 -0.00343819 -0.00357901 -0.00343819 -0.00301265 -0.00230423 -0.00134646 -0.000227891 0.0009123 0.00192423 0.00270124 0.00321165 0.00349088 0.00360729 0.00362849 0.00360415 0.00356415 0.00352384 0.00348982 0.00346392 0.00344567 0.00343361 0.00342608 0.00342163 0.00341912 0.00341778 0.00341709 0.00341676 0.0034166 0.00341653 0.0034165 0.00341649 0.00341648 0.00341648 0.00341648 0.00341648 0.00341648 0.00341648 0.00341648 0.00341648 0.00341648 0.00341648 0.00341648 0.00341648 0.00341648 0.00341648 0.00341648 0.00341648 0.00341648 0.00341648 0.00341648 0.00341648 0.00341648 0.00341648 0.00341648 0.00341648 0.00341648 0.00341648 0.00341648 0.00341648 0.00341648 0.00341648 0.00341648 0.00341648 0.00341648 0.00341648 0.00341648 0.00341648 0.00341648 0.00341648 0.00341648 0.00341648 0.00341648 0.00341648 0.00341648 0.00341648 0.00341648 0.00341648 0.00341648 0.00341648 0.00341648 0.00341648 0.00341648 
0.00258908 0.00258908 0.00258908 0.00258908 0.00258908 0.00258908 0.00258908 0.00258908 0.00258908 0.00258908 0.00258908 0.00258908 0.00258908 0.00258908 0.00258908 0.00258908 0.00258908 0.00258908 0.00258908 0.00258908 0.00258908 0.00258908 0.00258908 0.00258908 0.00258908 0.00258908 0.00258908 0.00258908 0.00258908 0.00258908 0.00258908 0.00258908 0.00258908 0.00258908 0.00258908 0.00258908 0.00258908 0.00258908 0.00258908 0.00258908 0.00258908 0.00258908 0.00258908 0.00258908 0.00258908 0.00258908 0.00258908 0.00258908 0.00258908 0.00258908 0.00258908 0.00258908 0.00258908 0.00258908 0.00258908 0.00258908 0.00258908 0.00258908 0.00258908 0.00258908 0.00258908 0.00258908 0.00258908 0.00258908 0.00258908 0.00258908 0.00258908 0.00258908 0.00258908 0.00258908 0.00258908 0.00258908 0.00258908 0.00258908 0.00258908 0.00258908 0.00258908 0.00258908 0.00258908 0.00258908 0.00258908 0.00258908 0.00258908 0.00258908 0.00258908 0.00258908 0.00258908 0.00258908 0.00258908 0.00258908 0.00258908 0.00258908 0.00258909 0.00258912 0.00258918 0.00258931 0.00258958 0.00259009 0.00259103 0.00259268 0.00259539 0.00259958 0.00260562 0.00261356 0.00262275 0.00263115 0.00263428 0.00262356 0.002584 0.00249213 0.00231672 0.00202583 0.00160119 0.00105397 0.000431046 -0.000195576 -0.00075108 -0.00117793 -0.001443 -0.00153245 -0.001443 -0.00117793 -0.00075108 -0.000195576 0.000431046 0.00105397 0.00160119 0.00202583 0.00231672 0.00249213 0.002584 0.00262356 0.00263428 0.00263115 0.00262275 0.00261356 0.00260562 0.00259958 0.00259539 0.00259268 0.00259103 0.00259009 0.00258958 0.00258931 0.00258918 0.00258912 0.00258909 0.00258908 0.00258908 0.00258908 0.00258908 0.00258908 0.00258908 0.00258908 0.00258908 0.00258908 0.00258908 0.00258908 0.00258908 0.00258908 0.00258908 0.00258908 0.00258908 0.00258908 0.00258908 0.00258908 0.00258908 0.00258908 0.00258908 0.00258908 0.00258908 0.00258908 0.00258908 0.00258908 0.00258908 0.00258908 0.00258908 0.00258908 0.00258908 0.00258908 0.00258908 0.00258908 0.00258908 0.00258908 0.00258908 0.00258908 0.00258908 0.00258908 0.00258908 0.00258908 0.00258908 0.00258908 0.00258908 0.00258908 0.00258908 0.00258908 0.00258908 0.00258908 0.00258908 0.00258908 
0.00163068 0.00163068 0.00163068 0.00163068 0.00163068 0.00163068 0.00163068 0.00163068 0.00163068 0.00163068 0.00163068 0.00163068 0.00163068 0.00163068 0.00163068 0.00163068 0.00163068 0.00163068 0.00163068 0.00163068 0.00163068 0.00163068 0.00163068 0.00163068 0.00163068 0.00163068 0.00163068 0.00163068 0.00163068 0.00163068 0.00163068 0.00163068 0.00163068 0.00163068 0.00163068 0.00163068 0.00163068 0.00163068 0.00163068 0.00163068 0.00163068 0.00163068 0.00163068 0.00163068 0.00163068 0.00163068 0.00163068 0.00163068 0.00163068 0.00163068 0.00163068 0.00163068 0.00163068 0.00163068 0.00163068 0.00163068 0.00163068 0.00163068 0.00163068 0.00163068 0.00163068 0.00163068 0.00163068 0.00163068 0.00163068 0.00163068 0.00163068 0.00163068 0.00163068 0.00163068 0.00163068 0.00163068 0.00163068 0.00163068 0.00163068 0.00163068 0.00163068 0.00163068 0.00163068 0.00163068 0.00163068 0.00163068 0.00163068 0.00163068 0.00163068 0.00163068 0.00163068 0.00163068 0.00163068 0.00163068 0.00163067 0.00163067 0.00163066 0.00163064 0.00163059 0.00163048 0.00163026 0.00162981 0.00162895 0.00162736 0.00162452 0.00161964 0.0016116 0.00159884 0.0015794 0.00155104 0.00151173 0.00146073 0.00140026 0.00133714 0.00128227 0.00124602 0.00123034 0.0012232 0.00120256 0.00115015 0.00106554 0.000969342 0.000893246 0.000864389 0.000893246 0.000969342 0.00106554 0.00115015 0.00120256 0.0012232 0.00123034 0.00124602 0.00128227 0.00133714 0.00140026 0.00146073 0.00151173 0.00155104 0.0015794 0.00159884 0.0016116 0.00161964 0.00162452 0.00162736 0.00162895 0.00162981 0.00163026 0.00163048 0.00163059 0.00163064 0.00163066 0.00163067 0.00163067 0.00163068 0.00163068 0.00163068 0.00163068 0.00163068 0.00163068 0.00163068 0.00163068 0.00163068 0.00163068 0.00163068 0.00163068 0.00163068 0.00163068 0.00163068 0.00163068 0.00163068 0.00163068 0.00163068 0.00163068 0.00163068 0.00163068 0.00163068 0.00163068 0.00163068 0.00163068 0.00163068 0.00163068 0.00163068 0.00163068 0.00163068 0.00163068 0.00163068 0.00163068 0.00163068 0.00163068 0.00163068 0.00163068 0.00163068 0.00163068 0.00163068 0.00163068 0.00163068 0.00163068 0.00163068 0.00163068 0.00163068 0.00163068 0.00163068 0.00163068 0.00163068 
0.0006273 0.0006273 0.0006273 0.0006273 0.0006273 0.0006273 0.0006273 0.0006273 0.0006273 0.0006273 0.0006273 0.0006273 0.0006273 0.0006273 0.0006273 0.0006273 0.0006273 0.0006273 0.0006273 0.0006273 0.0006273 0.0006273 0.0006273 0.0006273 0.0006273 0.0006273 0.0006273 0.0006273 0.0006273 0.0006273 0.0006273 0.0006273 0.0006273 0.0006273 0.0006273 0.0006273 0.0006273 0.0006273 0.0006273 0.0006273 0.0006273 0.0006273 0.0006273 0.0006273 0.0006273 0.0006273 0.0006273 0.0006273 0.0006273 0.0006273 0.0006273 0.0006273 0.0006273 0.0006273 0.0006273 0.0006273 0.0006273 0.0006273 0.0006273 0.0006273 0.0006273 0.0006273 0.0006273 0.0006273 0.0006273 0.0006273 0.0006273 0.0006273 0.0006273 0.0006273 0.0006273 0.0006273 0.0006273 0.0006273 0.0006273 0.0006273 0.0006273 0.0006273 0.0006273 0.0006273 0.0006273 0.0006273 0.0006273 0.0006273 0.0006273 0.0006273 0.0006273 0.0006273 0.0006273 0.000627298 0.000627293 0.000627281 0.00062725 0.000627179 0.000627018 0.000626671 0.000625957 0.000624543 0.000621863 0.000617 0.000608556 0.000594539 0.000572319 0.000538742 0.000490552 0.000425366 0.000343726 0.000252926 0.000172761 0.000140864 0.000211094 0.000437184 0.000842239 0.0013914 0.00199297 0.00253639 0.00294314 0.0031942 0.00331776 0.00335316 0.00331776 0.0031942 0.00294314 0.00253639 0.00199297 0.0013914 0.000842239 0.000437184 0.000211094 0.000140864 0.000172761 0.000252926 0.000343726 0.000425366 0.000490552 0.000538742 0.000572319 0.000594539 0.000608556 0.000617 0.000621863 0.000624543 0.000625957 0.000626671 0.000627018 0.000627179 0.00062725 0.000627281 0.000627293 0.000627298 0.0006273 0.0006273 0.0006273 0.0006273 0.0006273 0.0006273 0.0006273 0.0006273 0.0006273 0.0006273 0.0006273 0.0006273 0.0006273 0.0006273 0.0006273 0.0006273 0.0006273 0.0006273 0.0006273 0.0006273 0.0006273 0.0006273 0.0006273 0.0006273 0.0006273 0.0006273 0.0006273 0.0006273 0.0006273 0.0006273 0.0006273 0.0006273 0.0006273 0.0006273 0.0006273 0.0006273 0.0006273 0.0006273 0.0006273 0.0006273 0.0006273 0.0006273 0.0006273 0.0006273 0.0006273 0.0006273 0.0006273 0.0006273 0.0006273 0.0006273 
-0.00030912 -0.00030912 -0.00030912 -0.00030912 -0.00030912 -0.00030912 -0.00030912 -0.00030912 -0.00030912 -0.00030912 -0.00030912 -0.00030912 -0.00030912 -0.00030912 -0.00030912 -0.00030912 -0.00030912 -0.00030912 -0.00030912 -0.00030912 -0.00030912 -0.00030912 -0.00030912 -0.00030912 -0.00030912 -0.00030912 -0.00030912 -0.00030912 -0.00030912 -0.00030912 -0.00030912 -0.00030912 -0.00030912 -0.00030912 -0.00030912 -0.00030912 -0.00030912 -0.00030912 -0.00030912 -0.00030912 -0.00030912 -0.00030912 -0.00030912 -0.00030912 -0.00030912 -0.00030912 -0.00030912 -0.00030912 -0.00030912 -0.00030912 -0.00030912 -0.00030912 -0.00030912 -0.00030912 -0.00030912 -0.00030912 -0.00030912 -0.00030912 -0.00030912 -0.00030912 -0.00030912 -0.00030912 -0.00030912 -0.00030912 -0.00030912 -0.00030912 -0.00030912 -0.00030912 -0.00030912 -0.00030912 -0.00030912 -0.00030912 -0.00030912 -0.00030912 -0.00030912 -0.00030912 -0.00030912 -0.00030912 -0.00030912 -0.00030912 -0.00030912 -0.00030912 -0.00030912 -0.00030912 -0.00030912 -0.00030912 -0.00030912 -0.00030912 -0.00030912 -0.000309123 -0.000309132 -0.000309152 -0.000309201 -0.000309317 -0.000309576 -0.000310134 -0.000311283 -0.000313551 -0.000317837 -0.000325584 -0.000338965 -0.000361036 -0.00039573 -0.000447588 -0.000520955 -0.000618258 -0.000736565 -0.000861312 -0.000956954 -0.000958292 -0.000773024 -0.000308421 0.000478161 0.00153229 0.00270057 0.00378955 0.00464935 0.0052231 0.00553357 0.00562943 0.00553357 0.0052231 0.00464935 0.00378955 0.00270057 0.00153229 0.000478161 -0.000308421 -0.000773024 -0.000958292 -0.000956954 -0.000861312 -0.000736565 -0.000618258 -0.000520955 -0.000447588 -0.00039573 -0.000361036 -0.000338965 -0.000325584 -0.000317837 -0.000313551 -0.000311283 -0.000310134 -0.000309576 -0.000309317 -0.000309201 -0.000309152 -0.000309132 -0.000309123 -0.00030912 -0.00030912 -0.00030912 -0.00030912 -0.00030912 -0.00030912 -0.00030912 -0.00030912 -0.00030912 -0.00030912 -0.00030912 -0.00030912 -0.00030912 -0.00030912 -0.00030912 -0.00030912 -0.00030912 -0.00030912 -0.00030912 -0.00030912 -0.00030912 -0.00030912 -0.00030912 -0.00030912 -0.00030912 -0.00030912 -0.00030912 -0.00030912 -0.00030912 -0.00030912 -0.00030912 -0.00030912 -0.00030912 -0.00030912 -0.00030912 -0.00030912 -0.00030912 -0.00030912 -0.00030912 -0.00030912 -0.00030912 -0.00030912 -0.00030912 -0.00030912 -0.00030912 -0.00030912 -0.00030912 -0.00030912 -0.00030912 -0.00030912 
-0.00106695 -0.00106695 -0.00106695 -0.00106695 -0.00106695 -0.00106695 -0.00106695 -0.00106695 -0.00106695 -0.00106695 -0.00106695 -0.00106695 -0.00106695 -0.00106695 -0.00106695 -0.00106695 -0.00106695 -0.00106695 -0.00106695 -0.00106695 -0.00106695 -0.00106695 -0.00106695 -0.00106695 -0.00106695 -0.00106695 -0.00106695 -0.00106695 -0.00106695 -0.00106695 -0.00106695 -0.00106695 -0.00106695 -0.00106695 -0.00106695 -0.00106695 -0.00106695 -0.00106695 -0.00106695 -0.00106695 -0.00106695 -0.00106695 -0.00106695 -0.00106695 -0.00106695 -0.00106695 -0.00106695 -0.00106695 -0.00106695 -0.00106695 -0.00106695 -0.00106695 -0.00106695 -0.00106695 -0.00106695 -0.00106695 -0.00106695 -0.00106695 -0.00106695 -0.00106695 -0.00106695 -0.00106695 -0.00106695 -0.00106695 -0.00106695 -0.00106695 -0.00106695 -0.00106695 -0.00106695 -0.00106695 -0.00106695 -0.00106695 -0.00106695 -0.00106695 -0.00106695 -0.00106695 -0.00106695 -0.00106695 -0.00106695 -0.00106695 -0.00106695 -0.00106695 -0.00106695 -0.00106695 -0.00106695 -0.00106695 -0.00106695 -0.00106695 -0.00106695 -0.00106695 -0.00106696 -0.00106699 -0.00106705 -0.0010672 -0.00106754 -0.00106825 -0.00106973 -0.00107265 -0.00107816 -0.0010881 -0.00110524 -0.00113342 -0.00117758 -0.00124326 -0.00133562 -0.00145703 -0.00160263 -0.00175218 -0.00185792 -0.00183336 -0.00155651 -0.000904362 0.000181281 0.00163152 0.00324581 0.00476637 0.00598703 0.00681981 0.00728141 0.00742635 0.00728141 0.00681981 0.00598703 0.00476637 0.00324581 0.00163152 0.000181281 -0.000904362 -0.00155651 -0.00183336 -0.00185792 -0.00175218 -0.00160263 -0.00145703 -0.00133562 -0.00124326 -0.00117758 -0.00113342 -0.00110524 -0.0010881 -0.00107816 -0.00107265 -0.00106973 -0.00106825 -0.00106754 -0.0010672 -0.00106705 -0.00106699 -0.00106696 -0.00106695 -0.00106695 -0.00106695 -0.00106695 -0.00106695 -0.00106695 -0.00106695 -0.00106695 -0.00106695 -0.00106695 -0.00106695 -0.00106695 -0.00106695 -0.00106695 -0.00106695 -0.00106695 -0.00106695 -0.00106695 -0.00106695 -0.00106695 -0.00106695 -0.00106695 -0.00106695 -0.00106695 -0.00106695 -0.00106695 -0.00106695 -0.00106695 -0.00106695 -0.00106695 -0.00106695 -0.00106695 -0.00106695 -0.00106695 -0.00106695 -0.00106695 -0.00106695 -0.00106695 -0.00106695 -0.00106695 -0.00106695 -0.00106695 -0.00106695 -0.00106695 -0.00106695 -0.00106695 -0.00106695 -0.00106695 -0.00106695 -0.00106695 -0.00106695 
-0.00155765 -0.00155765 -0.00155765 -0.00155765 -0.00155765 -0.00155765 -0.00155765 -0.00155765 -0.00155765 -0.00155765 -0.00155765 -0.00155765 -0.00155765 -0.00155765 -0.00155765 -0.00155765 -0.00155765 -0.00155765 -0.00155765 -0.00155765 -0.00155765 -0.00155765 -0.00155765 -0.00155765 -0.00155765 -0.00155765 -0.00155765 -0.00155765 -0.00155765 -0.00155765 -0.00155765 -0.00155765 -0.00155765 -0.00155765 -0.00155765 -0.00155765 -0.00155765 -0.00155765 -0.00155765 -0.00155765 -0.00155765 -0.00155765 -0.00155765 -0.00155765 -0.00155765 -0.00155765 -0.00155765 -0.00155765 -0.00155765 -0.00155765 -0.00155765 -0.00155765 -0.00155765 -0.00155765 -0.00155765 -0.00155765 -0.00155765 -0.00155765 -0.00155765 -0.00155765 -0.00155765 -0.00155765 -0.00155765 -0.00155765 -0.00155765 -0.00155765 -0.00155765 -0.00155765 -0.00155765 -0.00155765 -0.00155765 -0.00155765 -0.00155765 -0.00155765 -0.00155765 -0.00155765 -0.00155765 -0.00155765 -0.00155765 -0.00155765 -0.00155765 -0.00155765 -0.00155765 -0.00155765 -0.00155765 -0.00155765 -0.00155765 -0.00155765 -0.00155765 -0.00155766 -0.00155767 -0.0015577 -0.00155777 -0.00155794 -0.00155832 -0.00155914 -0.00156082 -0.00156414 -0.0015704 -0.00158169 -0.00160113 -0.00163306 -0.00168301 -0.00175714 -0.00186107 -0.0019971 -0.00215913 -0.00232334 -0.00243434 -0.00239243 -0.00205709 -0.00128642 -1.23098e-05 0.00168767 0.00358386 0.00537837 0.00682933 0.00782843 0.00838762 0.00856438 0.00838762 0.00782843 0.00682933 0.00537837 0.00358386 0.00168767 -1.23098e-05 -0.00128642 -0.00205709 -0.00239243 -0.00243434 -0.00232334 -0.00215913 -0.0019971 -0.00186107 -0.00175714 -0.00168301 -0.00163306 -0.00160113 -0.00158169 -0.0015704 -0.00156414 -0.00156082 -0.00155914 -0.00155832 -0.00155794 -0.00155777 -0.0015577 -0.00155767 -0.00155766 -0.00155765 -0.00155765 -0.00155765 -0.00155765 -0.00155765 -0.00155765 -0.00155765 -0.00155765 -0.00155765 -0.00155765 -0.00155765 -0.00155765 -0.00155765 -0.00155765 -0.00155765 -0.00155765 -0.00155765 -0.00155765 -0.00155765 -0.00155765 -0.00155765 -0.00155765 -0.00155765 -0.00155765 -0.00155765 -0.00155765 -0.00155765 -0.00155765 -0.00155765 -0.00155765 -0.00155765 -0.00155765 -0.00155765 -0.00155765 -0.00155765 -0.00155765 -0.00155765 -0.00155765 -0.00155765 -0.00155765 -0.00155765 -0.00155765 -0.00155765 -0.00155765 -0.00155765 -0.00155765 -0.00155765 -0.00155765 -0.00155765 -0.00155765 
-0.00172716 -0.00172716 -0.00172716 -0.00172716 -0.00172716 -0.00172716 -0.00172716 -0.00172716 -0.00172716 -0.00172716 -0.00172716 -0.00172716 -0.00172716 -0.00172716 -0.00172716 -0.00172716 -0.00172716 -0.00172716 -0.00172716 -0.00172716 -0.00172716 -0.00172716 -0.00172716 -0.00172716 -0.00172716 -0.00172716 -0.00172716 -0.00172716 -0.00172716 -0.00172716 -0.00172716 -0.00172716 -0.00172716 -0.00172716 -0.00172716 -0.00172716 -0.00172716 -0.00172716 -0.00172716 -0.00172716 -0.00172716 -0.00172716 -0.00172716 -0.00172716 -0.00172716 -0.00172716 -0.00172716 -0.00172716 -0.00172716 -0.00172716 -0.00172716 -0.00172716 -0.00172716 -0.00172716 -0.00172716 -0.00172716 -0.00172716 -0.00172716 -0.00172716 -0.00172716 -0.00172716 -0.00172716 -0.00172716 -0.00172716 -0.00172716 -0.00172716 -0.00172716 -0.00172716 -0.00172716 -0.00172716 -0.00172716 -0.00172716 -0.00172716 -0.00172716 -0.00172716 -0.00172716 -0.00172716 -0.00172716 -0.00172716 -0.00172716 -0.00172716 -0.00172716 -0.00172716 -0.00172716 -0.00172716 -0.00172716 -0.00172716 -0.00172716 -0.00172716 -0.00172716 -0.00172718 -0.00172721 -0.00172728 -0.00172746 -0.00172786 -0.00172871 -0.00173046 -0.00173391 -0.00174042 -0.00175216 -0.00177237 -0.00180556 -0.00185744 -0.0019344 -0.00204218 -0.00218307 -0.00235054 -0.00251954 -0.00263213 -0.00258409 -0.00222872 -0.00141766 -7.94625e-05 0.00170548 0.00369769 0.00558573 0.00711556 0.00817183 0.00876465 0.0089524 0.00876465 0.00817183 0.00711556 0.00558573 0.00369769 0.00170548 -7.94625e-05 -0.00141766 -0.00222872 -0.00258409 -0.00263213 -0.00251954 -0.00235054 -0.00218307 -0.00204218 -0.0019344 -0.00185744 -0.00180556 -0.00177237 -0.00175216 -0.00174042 -0.00173391 -0.00173046 -0.00172871 -0.00172786 -0.00172746 -0.00172728 -0.00172721 -0.00172718 -0.00172716 -0.00172716 -0.00172716 -0.00172716 -0.00172716 -0.00172716 -0.00172716 -0.00172716 -0.00172716 -0.00172716 -0.00172716 -0.00172716 -0.00172716 -0.00172716 -0.00172716 -0.00172716 -0.00172716 -0.00172716 -0.00172716 -0.00172716 -0.00172716 -0.00172716 -0.00172716 -0.00172716 -0.00172716 -0.00172716 -0.00172716 -0.00172716 -0.00172716 -0.00172716 -0.00172716 -0.00172716 -0.00172716 -0.00172716 -0.00172716 -0.00172716 -0.00172716 -0.00172716 -0.00172716 -0.00172716 -0.00172716 -0.00172716 -0.00172716 -0.00172716 -0.00172716 -0.00172716 -0.00172716 -0.00172716 -0.00172716 -0.00172716 -0.00172716 
-0.00155765 -0.00155765 -0.00155765 -0.00155765 -0.00155765 -0.00155765 -0.00155765 -0.00155765 -0.00155765 -0.00155765 -0.00155765 -0.00155765 -0.00155765 -0.00155765 -0.00155765 -0.00155765 -0.00155765 -0.00155765 -0.00155765 -0.00155765 -0.00155765 -0.00155765 -0.00155765 -0.00155765 -0.00155765 -0.00155765 -0.00155765 -0.00155765 -0.00155765 -0.00155765 -0.00155765 -0.00155765 -0.00155765 -0.00155765 -0.00155765 -0.00155765 -0.00155765 -0.00155765 -0.00155765 -0.00155765 -0.00155765 -0.00155765 -0.00155765 -0.00155765 -0.00155765 -0.00155765 -0.00155765 -0.00155765 -0.00155765 -0.00155765 -0.00155765 -0.00155765 -0.00155765 -0.00155765 -0.00155765 -0.00155765 -0.00155765 -0.00155765 -0.00155765 -0.00155765 -0.00155765 -0.00155765 -0.00155765 -0.00155765 -0.00155765 -0.00155765 -0.00155765 -0.00155765 -0.00155765 -0.00155765 -0.00155765 -0.00155765 -0.00155765 -0.00155765 -0.00155765 -0.00155765 -0.00155765 -0.00155765 -0.00155765 -0.00155765 -0.00155765 -0.00155765 -0.00155765 -0.00155765 -0.00155765 -0.00155765 -0.00155765 -0.00155765 -0.00155765 -0.00155766 -0.00155767 -0.0015577 -0.00155777 -0.00155794 -0.00155832 -0.00155914 -0.00156082 -0.00156414 -0.0015704 -0.00158169 -0.00160113 -0.00163306 -0.00168301 -0.00175714 -0.00186107 -0.0019971 -0.00215913 -0.00232334 -0.00243434 -0.00239243 -0.00205709 -0.00128642 -1.23098e-05 0.00168767 0.00358386 0.00537837 0.00682933 0.00782843 0.00838762 0.00856438 0.00838762 0.00782843 0.00682933 0.00537837 0.00358386 0.00168767 -1.23098e-05 -0.00128642 -0.00205709 -0.00239243 -0.00243434 -0.00232334 -0.00215913 -0.0019971 -0.00186107 -0.00175714 -0.00168301 -0.00163306 -0.00160113 -0.00158169 -0.0015704 -0.00156414 -0.00156082 -0.00155914 -0.00155832 -0.00155794 -0.00155777 -0.0015577 -0.00155767 -0.00155766 -0.00155765 -0.00155765 -0.00155765 -0.00155765 -0.00155765 -0.00155765 -0.00155765 -0.00155765 -0.00155765 -0.00155765 -0.00155765 -0.00155765 -0.00155765 -0.00155765 -0.00155765 -0.00155765 -0.00155765 -0.00155765 -0.00155765 -0.00155765 -0.00155765 -0.00155765 -0.00155765 -0.00155765 -0.00155765 -0.00155765 -0.00155765 -0.00155765 -0.00155765 -0.00155765 -0.00155765 -0.00155765 -0.00155765 -0.00155765 -0.00155765 -0.00155765 -0.00155765 -0.00155765 -0.00155765 -0.00155765 -0.00155765 -0.00155765 -0.00155765 -0.00155765 -0.00155765 -0.00155765 -0.00155765 -0.00155765 -0.00155765 -0.00155765 
-0.00106695 -0.00106695 -0.00106695 -0.00106695 -0.00106695 -0.00106695 -0.00106695 -0.00106695 -0.00106695 -0.00106695 -0.00106695 -0.00106695 -0.00106695 -0.00106695 -0.00106695 -0.00106695 -0.00106695 -0.00106695 -0.00106695 -0.00106695 -0.00106695 -0.00106695 -0.00106695 -0.00106695 -0.00106695 -0.00106695 -0.00106695 -0.00106695 -0.00106695 -0.00106695 -0.00106695 -0.00106695 -0.00106695 -0.00106695 -0.00106695 -0.00106695 -0.00106695 -0.00106695 -0.00106695 -0.00106695 -0.00106695 -0.00106695 -0.00106695 -0.00106695 -0.00106695 -0.00106695 -0.00106695 -0.00106695 -0.00106695 -0.00106695 -0.00106695 -0.00106695 -0.00106695 -0.00106695 -0.00106695 -0.00106695 -0.00106695 -0.00106695 -0.00106695 -0.00106695 -0.00106695 -0.00106695 -0.00106695 -0.00106695 -0.00106695 -0.00106695 -0.00106695 -0.00106695 -0.00106695 -0.00106695 -0.00106695 -0.00106695 -0.00106695 -0.00106695 -0.00106695 -0.00106695 -0.00106695 -0.00106695 -0.00106695 -0.00106695 -0.00106695 -0.00106695 -0.00106695 -0.00106695 -0.00106695 -0.00106695 -0.00106695 -0.00106695 -0.00106695 -0.00106695 -0.00106696 -0.00106699 -0.00106705 -0.0010672 -0.00106754 -0.00106825 -0.00106973 -0.00107265 -0.00107816 -0.0010881 -0.00110524 -0.00113342 -0.00117758 -0.00124326 -0.00133562 -0.00145703 -0.00160263 -0.00175218 -0.00185792 -0.00183336 -0.00155651 -0.000904362 0.000181281 0.00163152 0.00324581 0.00476637 0.00598703 0.00681981 0.00728141 0.00742635 0.00728141 0.00681981 0.00598703 0.00476637 0.00324581 0.00163152 0.000181281 -0.000904362 -0.00155651 -0.00183336 -0.00185792 -0.00175218 -0.00160263 -0.00145703 -0.00133562 -0.00124326 -0.00117758 -0.00113342 -0.00110524 -0.0010881 -0.00107816 -0.00107265 -0.00106973 -0.00106825 -0.00106754 -0.0010672 -0.00106705 -0.00106699 -0.00106696 -0.00106695 -0.00106695 -0.00106695 -0.00106695 -0.00106695 -0.00106695 -0.00106695 -0.00106695 -0.00106695 -0.00106695 -0.00106695 -0.00106695 -0.00106695 -0.00106695 -0.00106695 -0.00106695 -0.00106695 -0.00106695 -0.00106695 -0.00106695 -0.00106695 -0.00106695 -0.00106695 -0.00106695 -0.00106695 -0.00106695 -0.00106695 -0.00106695 -0.00106695 -0.00106695 -0.00106695 -0.00106695 -0.00106695 -0.00106695 -0.00106695 -0.00106695 -0.00106695 -0.00106695 -0.00106695 -0.00106695 -0.00106695 -0.00106695 -0.00106695 -0.00106695 -0.00106695 -0.00106695 -0.00106695 -0.00106695 -0.00106695 -0.00106695 -0.00106695 
-0.00030912 -0.00030912 -0.00030912 -0.00030912 -0.00030912 -0.00030912 -0.00030912 -0.00030912 -0.00030912 -0.00030912 -0.00030912 -0.00030912 -0.00030912 -0.00030912 -0.00030912 -0.00030912 -0.00030912 -0.00030912 -0.00030912 -0.00030912 -0.00030912 -0.00030912 -0.00030912 -0.00030912 -0.00030912 -0.00030912 -0.00030912 -0.00030912 -0.00030912 -0.00030912 -0.00030912 -0.00030912 -0.00030912 -0.00030912 -0.00030912 -0.00030912 -0.00030912 -0.00030912 -0.00030912 -0.00030912 -0.00030912 -0.00030912 -0.00030912 -0.00030912 -0.00030912 -0.00030912 -0.00030912 -0.00030912 -0.00030912 -0.00030912 -0.00030912 -0.00030912 -0.00030912 -0.00030912 -0.00030912 -0.00030912 -0.00030912 -0.00030912 -0.00030912 -0.00030912 -0.00030912 -0.00030912 -0.00030912 -0.00030912 -0.00030912 -0.00030912 -0.00030912 -0.00030912 -0.00030912 -0.00030912 -0.00030912 -0.00030912 -0.00030912 -0.00030912 -0.00030912 -0.00030912 -0.00030912 -0.00030912 -0.00030912 -0.00030912 -0.00030912 -0.00030912 -0.00030912 -0.00030912 -0.00030912 -0.00030912 -0.00030912 -0.00030912 -0.00030912 -0.000309123 -0.000309132 -0.000309152 -0.000309201 -0.000309317 -0.000309576 -0.000310134 -0.000311283 -0.000313551 -0.000317837 -0.000325584 -0.000338965 -0.000361036 -0.00039573 -0.000447588 -0.000520955 -0.000618258 -0.000736565 -0.000861312 -0.000956954 -0.000958292 -0.000773024 -0.000308421 0.000478161 0.00153229 0.00270057 0.00378955 0.00464935 0.0052231 0.00553357 0.00562943 0.00553357 0.0052231 0.00464935 0.00378955 0.00270057 0.00153229 0.000478161 -0.000308421 -0.000773024 -0.000958292 -0.000956954 -0.000861312 -0.000736565 -0.000618258 -0.000520955 -0.000447588 -0.00039573 -0.000361036 -0.000338965 -0.000325584 -0.000317837 -0.000313551 -0.000311283 -0.000310134 -0.000309576 -0.000309317 -0.000309201 -0.000309152 -0.000309132 -0.000309123 -0.00030912 -0.00030912 -0.00030912 -0.00030912 -0.00030912 -0.00030912 -0.00030912 -0.00030912 -0.00030912 -0.00030912 -0.00030912 -0.00030912 -0.00030912 -0.00030912 -0.00030912 -0.00030912 -0.00030912 -0.00030912 -0.00030912 -0.00030912 -0.00030912 -0.00030912 -0.00030912 -0.00030912 -0.00030912 -0.00030912 -0.00030912 -0.00030912 -0.00030912 -0.00030912 -0.00030912 -0.00030912 -0.00030912 -0.00030912 -0.00030912 -0.00030912 -0.00030912 -0.00030912 -0.00030912 -0.00030912 -0.00030912 -0.00030912 -0.00030912 -0.00030912 -0.00030912 -0.00030912 -0.00030912 -0.00030912 -0.00030912 -0.00030912 
0.0006273 0.0006273 0.0006273 0.0006273 0.0006273 0.0006273 0.0006273 0.0006273 0.0006273 0.0006273 0.0006273 0.0006273 0.0006273 0.0006273 0.0006273 0.0006273 0.0006273 0.0006273 0.0006273 0.0006273 0.0006273 0.0006273 0.0006273 0.0006273 0.0006273 0.0006273 0.0006273 0.0006273 0.0006273 0.0006273 0.0006273 0.0006273 0.0006273 0.0006273 0.0006273 0.0006273 0.0006273 0.0006273 0.0006273 0.0006273 0.0006273 0.0006273 0.0006273 0.0006273 0.0006273 0.0006273 0.0006273 0.0006273 0.0006273 0.0006273 0.0006273 0.0006273 0.0006273 0.0006273 0.0006273 0.0006273 0.0006273 0.0006273 0.0006273 0.0006273 0.0006273 0.0006273 0.0006273 0.0006273 0.0006273 0.0006273 0.0006273 0.0006273 0.0006273 0.0006273 0.0006273 0.0006273 0.0006273 0.0006273 0.0006273 0.0006273 0.0006273 0.0006273 0.0006273 0.0006273 0.0006273 0.0006273 0.0006273 0.0006273 0.0006273 0.0006273 0.0006273 0.0006273 0.0006273 0.000627298 0.000627293 0.000627281 0.00062725 0.000627179 0.000627018 0.000626671 0.000625957 0.000624543 0.000621863 0.000617 0.000608556 0.000594539 0.000572319 0.000538742 0.000490552 0.000425366 0.000343726 0.000252926 0.000172761 0.000140864 0.000211094 0.000437184 0.000842239 0.0013914 0.00199297 0.00253639 0.00294314 0.0031942 0.00331776 0.00335316 0.00331776 0.0031942 0.00294314 0.00253639 0.00199297 0.0013914 0.000842239 0.000437184 0.000211094 0.000140864 0.000172761 0.000252926 0.000343726 0.000425366 0.000490552 0.000538742 0.000572319 0.000594539 0.000608556 0.000617 0.000621863 0.000624543 0.000625957 0.000626671 0.000627018 0.000627179 0.00062725 0.000627281 0.000627293 0.000627298 0.0006273 0.0006273 0.0006273 0.0006273 0.0006273 0.0006273 0.0006273 0.0006273 0.0006273 0.0006273 0.0006273 0.0006273 0.0006273 0.0006273 0.0006273 0.0006273 0.0006273 0.0006273 0.0006273 0.0006273 0.0006273 0.0006273 0.0006273 0.0006273 0.0006273 0.0006273 0.0006273 0.0006273 0.0006273 0.0006273 0.0006273 0.0006273 0.0006273 0.0006273 0.0006273 0.0006273 0.0006273 0.0006273 0.0006273 0.0006273 0.0006273 0.0006273 0.0006273 0.0006273 0.0006273 0.0006273 0.0006273 0.0006273 0.0006273 0.0006273 
0.00163068 0.00163068 0.00163068 0.00163068 0.00163068 0.00163068 0.00163068 0.00163068 0.00163068 0.00163068 0.00163068 0.00163068 0.00163068 0.00163068 0.00163068 0.00163068 0.00163068 0.00163068 0.00163068 0.00163068 0.00163068 0.00163068 0.00163068 0.00163068 0.00163068 0.00163068 0.00163068 0.00163068 0.00163068 0.00163068 0.00163068 0.00163068 0.00163068 0.00163068 0.00163068 0.00163068 0.00163068 0.00163068 0.00163068 0.00163068 0.00163068 0.00163068 0.00163068 0.00163068 0.00163068 0.00163068 0.00163068 0.00163068 0.00163068 0.00163068 0.00163068 0.00163068 0.00163068 0.00163068 0.00163068 0.00163068 0.00163068 0.00163068 0.00163068 0.00163068 0.00163068 0.00163068 0.00163068 0.00163068 0.00163068 0.00163068 0.00163068 0.00163068 0.00163068 0.00163068 0.00163068 0.00163068 0.00163068 0.00163068 0.00163068 0.00163068 0.00163068 0.00163068 0.00163068 0.00163068 0.00163068 0.00163068 0.00163068 0.00163068 0.00163068 0.00163068 0.00163068 0.00163068 0.00163068 0.00163068 0.00163067 0.00163067 0.00163066 0.00163064 0.00163059 0.00163048 0.00163026 0.00162981 0.00162895 0.00162736 0.00162452 0.00161964 0.0016116 0.00159884 0.0015794 0.00155104 0.00151173 0.00146073 0.00140026 0.00133714 0.00128227 0.00124602 0.00123034 0.0012232 0.00120256 0.00115015 0.00106554 0.000969342 0.000893246 0.000864389 0.000893246 0.000969342 0.00106554 0.00115015 0.00120256 0.0012232 0.00123034 0.00124602 0.00128227 0.00133714 0.00140026 0.00146073 0.00151173 0.00155104 0.0015794 0.00159884 0.0016116 0.00161964 0.00162452 0.00162736 0.00162895 0.00162981 0.00163026 0.00163048 0.00163059 0.00163064 0.00163066 0.00163067 0.00163067 0.00163068 0.00163068 0.00163068 0.00163068 0.00163068 0.00163068 0.00163068 0.00163068 0.00163068 0.00163068 0.00163068 0.00163068 0.00163068 0.00163068 0.00163068 0.00163068 0.00163068 0.00163068 0.00163068 0.00163068 0.00163068 0.00163068 0.00163068 0.00163068 0.00163068 0.00163068 0.00163068 0.00163068 0.00163068 0.00163068 0.00163068 0.00163068 0.00163068 0.00163068 0.00163068 0.00163068 0.00163068 0.00163068 0.00163068 0.00163068 0.00163068 0.00163068 0.00163068 0.00163068 0.00163068 0.00163068 0.00163068 0.00163068 0.00163068 0.00163068 0.00163068 
0.00258908 0.00258908 0.00258908 0.00258908 0.00258908 0.00258908 0.00258908 0.00258908 0.00258908 0.00258908 0.00258908 0.00258908 0.00258908 0.00258908 0.00258908 0.00258908 0.00258908 0.00258908 0.00258908 0.00258908 0.00258908 0.00258908 0.00258908 0.00258908 0.00258908 0.00258908 0.00258908 0.00258908 0.00258908 0.00258908 0.00258908 0.00258908 0.00258908 0.00258908 0.00258908 0.00258908 0.00258908 0.00258908 0.00258908 0.00258908 0.00258908 0.00258908 0.00258908 0.00258908 0.00258908 0.00258908 0.00258908 0.00258908 0.00258908 0.00258908 0.00258908 0.00258908 0.00258908 0.00258908 0.00258908 0.00258908 0.00258908 0.00258908 0.00258908 0.00258908 0.00258908 0.00258908 0.00258908 0.00258908 0.00258908 0.00258908 0.00258908 0.00258908 0.00258908 0.00258908 0.00258908 0.00258908 0.00258908 0.00258908 0.00258908 0.00258908 0.00258908 0.00258908 0.00258908 0.00258908 0.00258908 0.00258908 0.00258908 0.00258908 0.00258908 0.00258908 0.00258908 0.00258908 0.00258908 0.00258908 0.00258908 0.00258908 0.00258909 0.00258912 0.00258918 0.00258931 0.00258958 0.00259009 0.00259103 0.00259268 0.00259539 0.00259958 0.00260562 0.00261356 0.00262275 0.00263115 0.00263428 0.00262356 0.002584 0.00249213 0.00231672 0.00202583 0.00160119 0.00105397 0.000431046 -0.000195576 -0.00075108 -0.00117793 -0.001443 -0.00153245 -0.001443 -0.00117793 -0.00075108 -0.000195576 0.000431046 0.00105397 0.00160119 0.00202583 0.00231672 0.00249213 0.002584 0.00262356 0.00263428 0.00263115 0.00262275 0.00261356 0.00260562 0.00259958 0.00259539 0.00259268 0.00259103 0.00259009 0.00258958 0.00258931 0.00258918 0.00258912 0.00258909 0.00258908 0.00258908 0.00258908 0.00258908 0.00258908 0.00258908 0.00258908 0.00258908 0.00258908 0.00258908 0.00258908 0.00258908 0.00258908 0.00258908 0.00258908 0.00258908 0.00258908 0.00258908 0.00258908 0.00258908 0.00258908 0.00258908 0.00258908 0.00258908 0.00258908 0.00258908 0.00258908 0.00258908 0.00258908 0.00258908 0.00258908 0.00258908 0.00258908 0.00258908 0.00258908 0.00258908 0.00258908 0.00258908 0.00258908 0.00258908 0.00258908 0.00258908 0.00258908 0.00258908 0.00258908 0.00258908 0.00258908 0.00258908 0.00258908 0.00258908 0.00258908 0.00258908 0.00258908 
0.00341648 0.00341648 0.00341648 0.00341648 0.00341648 0.00341648 0.00341648 0.00341648 0.00341648 0.00341648 0.00341648 0.00341648 0.00341648 0.00341648 0.00341648 0.00341648 0.00341648 0.00341648 0.00341648 0.00341648 0.00341648 0.00341648 0.00341648 0.00341648 0.00341648 0.00341648 0.00341648 0.00341648 0.00341648 0.00341648 0.00341648 0.00341648 0.00341648 0.00341648 0.00341648 0.00341648 0.00341648 0.00341648 0.00341648 0.00341648 0.00341648 0.00341648 0.00341648 0.00341648 0.00341648 0.00341648 0.00341648 0.00341648 0.00341648 0.00341648 0.00341648 0.00341648 0.00341648 0.00341648 0.00341648 0.00341648 0.00341648 0.00341648 0.00341648 0.00341648 0.00341648 0.00341648 0.00341648 0.00341648 0.00341648 0.00341648 0.00341648 0.00341648 0.00341648 0.00341648 0.00341648 0.00341648 0.00341648 0.00341648 0.00341648 0.00341648 0.00341648 0.00341648 0.00341648 0.00341648 0.00341648 0.00341648 0.00341648 0.00341648 0.00341648 0.00341648 0.00341648 0.00341648 0.00341648 0.00341648 0.00341649 0.0034165 0.00341653 0.0034166 0.00341676 0.00341709 0.00341778 0.00341912 0.00342163 0.00342608 0.00343361 0.00344567 0.00346392 0.00348982 0.00352384 0.00356415 0.00360415 0.00362849 0.00360729 0.00349088 0.00321165 0.00270124 0.00192423 0.0009123 -0.000227891 -0.00134646 -0.00230423 -0.00301265 -0.00343819 -0.00357901 -0.00343819 -0.00301265 -0.00230423 -0.00134646 -0.000227891 0.0009123 0.00192423 0.00270124 0.00321165 0.00349088 0.00360729 0.00362849 0.00360415 0.00356415 0.00352384 0.00348982 0.00346392 0.00344567 0.00343361 0.00342608 0.00342163 0.00341912 0.00341778 0.00341709 0.00341676 0.0034166 0.00341653 0.0034165 0.00341649 0.00341648 0.00341648 0.00341648 0.00341648 0.00341648 0.00341648 0.00341648 0.00341648 0.00341648 0.00341648 0.00341648 0.00341648 0.00341648 0.00341648 0.00341648 0.00341648 0.00341648 0.00341648 0.00341648 0.00341648 0.00341648 0.00341648 0.00341648 0.00341648 0.00341648 0.00341648 0.00341648 0.00341648 0.00341648 0.00341648 0.00341648 0.00341648 0.00341648 0.00341648 0.00341648 0.00341648 0.00341648 0.00341648 0.00341648 0.00341648 0.00341648 0.00341648 0.00341648 0.00341648 0.00341648 0.00341648 0.00341648 0.00341648 0.00341648 0.00341648 0.00341648 
0.00406927 0.00406927 0.00406927 0.00406927 0.00406927 0.00406927 0.00406927 0.00406927 0.00406927 0.00406927 0.00406927 0.00406927 0.00406927 0.00406927 0.00406927 0.00406927 0.00406927 0.00406927 0.00406927 0.00406927 0.00406927 0.00406927 0.00406927 0.00406927 0.00406927 0.00406927 0.00406927 0.00406927 0.00406927 0.00406927 0.00406927 0.00406927 0.00406927 0.00406927 0.00406927 0.00406927 0.00406927 0.00406927 0.00406927 0.00406927 0.00406927 0.00406927 0.00406927 0.00406927 0.00406927 0.00406927 0.00406927 0.00406927 0.00406927 0.00406927 0.00406927 0.00406927 0.00406927 0.00406927 0.00406927 0.00406927 0.00406927 0.00406927 0.00406927 0.00406927 0.00406927 0.00406927 0.00406927 0.00406927 0.00406927 0.00406927 0.00406927 0.00406927 0.00406927 0.00406927 0.00406927 0.00406927 0.00406927 0.00406927 0.00406927 0.00406927 0.00406927 0.00406927 0.00406927 0.00406927 0.00406927 0.00406927 0.00406927 0.00406927 0.00406927 0.00406927 0.00406927 0.00406927 0.00406927 0.00406928 0.00406928 0.0040693 0.00406935 0.00406945 0.00406968 0.00407017 0.00407118 0.00407315 0.00407684 0.00408342 0.00409458 0.00411259 0.00414005 0.00417947 0.00423218 0.00429644 0.00436399 0.00441428 0.00440606 0.00426975 0.00391006 0.00323102 0.00218423 0.000816943 -0.000718708 -0.00221364 -0.0034796 -0.00440422 -0.00495325 -0.00513367 -0.00495325 -0.00440422 -0.0034796 -0.00221364 -0.000718708 0.000816943 0.00218423 0.00323102 0.00391006 0.00426975 0.00440606 0.00441428 0.00436399 0.00429644 0.00423218 0.00417947 0.00414005 0.00411259 0.00409458 0.00408342 0.00407684 0.00407315 0.00407118 0.00407017 0.00406968 0.00406945 0.00406935 0.0040693 0.00406928 0.00406928 0.00406927 0.00406927 0.00406927 0.00406927 0.00406927 0.00406927 0.00406927 0.00406927 0.00406927 0.00406927 0.00406927 0.00406927 0.00406927 0.00406927 0.00406927 0.00406927 0.00406927 0.00406927 0.00406927 0.00406927 0.00406927 0.00406927 0.00406927 0.00406927 0.00406927 0.00406927 0.00406927 0.00406927 0.00406927 0.00406927 0.00406927 0.00406927 0.00406927 0.00406927 0.00406927 0.00406927 0.00406927 0.00406927 0.00406927 0.00406927 0.00406927 0.00406927 0.00406927 0.00406927 0.00406927 0.00406927 0.00406927 0.00406927 0.00406927 0.00406927 
0.00454551 0.00454551 0.00454551 0.00454551 0.00454551 0.00454551 0.00454551 0.00454551 0.00454551 0.00454551 0.00454551 0.00454551 0.00454551 0.00454551 0.00454551 0.00454551 0.00454551 0.00454551 0.00454551 0.00454551 0.00454551 0.00454551 0.00454551 0.00454551 0.00454551 0.00454551 0.00454551 0.00454551 0.00454551 0.00454551 0.00454551 0.00454551 0.00454551 0.00454551 0.00454551 0.00454551 0.00454551 0.00454551 0.00454551 0.00454551 0.00454551 0.00454551 0.00454551 0.00454551 0.00454551 0.00454551 0.00454551 0.00454551 0.00454551 0.00454551 0.00454551 0.00454551 0.00454551 0.00454551 0.00454551 0.00454551 0.00454551 0.00454551 0.00454551 0.00454551 0.00454551 0.00454551 0.00454551 0.00454551 0.00454551 0.00454551 0.00454551 0.00454551 0.00454551 0.00454551 0.00454551 0.00454551 0.00454551 0.00454551 0.00454551 0.00454551 0.00454551 0.00454551 0.00454551 0.00454551 0.00454551 0.00454551 0.00454551 0.00454551 0.00454551 0.00454551 0.00454551 0.00454551 0.00454551 0.00454551 0.00454552 0.00454554 0.0045456 0.00454572 0.004546 0.00454659 0.00454781 0.00455019 0.00455466 0.00456263 0.00457617 0.00459805 0.00463151 0.0046797 0.00474446 0.00482405 0.00490902 0.00497526 0.00497387 0.00482194 0.00440576 0.00361086 0.00238004 0.000770657 -0.00103507 -0.00278839 -0.00426762 -0.00534329 -0.00597943 -0.00618794 -0.00597943 -0.00534329 -0.00426762 -0.00278839 -0.00103507 0.000770657 0.00238004 0.00361086 0.00440576 0.00482194 0.00497387 0.00497526 0.00490902 0.00482405 0.00474446 0.0046797 0.00463151 0.00459805 0.00457617 0.00456263 0.00455466 0.00455019 0.00454781 0.00454659 0.004546 0.00454572 0.0045456 0.00454554 0.00454552 0.00454551 0.00454551 0.00454551 0.00454551 0.00454551 0.00454551 0.00454551 0.00454551 0.00454551 0.00454551 0.00454551 0.00454551 0.00454551 0.00454551 0.00454551 0.00454551 0.00454551 0.00454551 0.00454551 0.00454551 0.00454551 0.00454551 0.00454551 0.00454551 0.00454551 0.00454551 0.00454551 0.00454551 0.00454551 0.00454551 0.00454551 0.00454551 0.00454551 0.00454551 0.00454551 0.00454551 0.00454551 0.00454551 0.00454551 0.00454551 0.00454551 0.00454551 0.00454551 0.00454551 0.00454551 0.00454551 0.00454551 0.00454551 0.00454551 0.00454551 0.00454551 
0.00487075 0.00487075 0.00487075 0.00487075 0.00487075 0.00487075 0.00487075 0.00487075 0.00487075 0.00487075 0.00487075 0.00487075 0.00487075 0.00487075 0.00487075 0.00487075 0.00487075 0.00487075 0.00487075 0.00487075 0.00487075 0.00487075 0.00487075 0.00487075 0.00487075 0.00487075 0.00487075 0.00487075 0.00487075 0.00487075 0.00487075 0.00487075 0.00487075 0.00487075 0.00487075 0.00487075 0.00487075 0.00487075 0.00487075 0.00487075 0.00487075 0.00487075 0.00487075 0.00487075 0.00487075 0.00487075 0.00487075 0.00487075 0.00487075 0.00487075 0.00487075 0.00487075 0.00487075 0.00487075 0.00487075 0.00487075 0.00487075 0.00487075 0.00487075 0.00487075 0.00487075 0.00487075 0.00487075 0.00487075 0.00487075 0.00487075 0.00487075 0.00487075 0.00487075 0.00487075 0.00487075 0.00487075 0.00487075 0.00487075 0.00487075 0.00487075 0.00487075 0.00487075 0.00487075 0.00487075 0.00487075 0.00487075 0.00487075 0.00487075 0.00487075 0.00487075 0.00487075 0.00487074 0.00487074 0.00487075 0.00487076 0.00487078 0.00487084 0.00487098 0.00487128 0.00487193 0.00487327 0.00487588 0.00488078 0.00488952 0.00490438 0.0049284 0.00496515 0.00501811 0.00508936 0.00517706 0.00527096 0.00534478 0.00534511 0.00518127 0.00472882 0.0038625 0.00251965 0.000763059 -0.00120791 -0.00312126 -0.0047348 -0.0059075 -0.00660065 -0.00682778 -0.00660065 -0.0059075 -0.0047348 -0.00312126 -0.00120791 0.000763059 0.00251965 0.0038625 0.00472882 0.00518127 0.00534511 0.00534478 0.00527096 0.00517706 0.00508936 0.00501811 0.00496515 0.0049284 0.00490438 0.00488952 0.00488078 0.00487588 0.00487327 0.00487193 0.00487128 0.00487098 0.00487084 0.00487078 0.00487076 0.00487075 0.00487074 0.00487074 0.00487075 0.00487075 0.00487075 0.00487075 0.00487075 0.00487075 0.00487075 0.00487075 0.00487075 0.00487075 0.00487075 0.00487075 0.00487075 0.00487075 0.00487075 0.00487075 0.00487075 0.00487075 0.00487075 0.00487075 0.00487075 0.00487075 0.00487075 0.00487075 0.00487075 0.00487075 0.00487075 0.00487075 0.00487075 0.00487075 0.00487075 0.00487075 0.00487075 0.00487075 0.00487075 0.00487075 0.00487075 0.00487075 0.00487075 0.00487075 0.00487075 0.00487075 0.00487075 0.00487075 0.00487075 0.00487075 0.00487075 0.00487075 
0.00508083 0.00508083 0.00508083 0.00508083 0.00508083 0.00508083 0.00508083 0.00508083 0.00508083 0.00508083 0.00508083 0.00508083 0.00508083 0.00508083 0.00508083 0.00508083 0.00508083 0.00508083 0.00508083 0.00508083 0.00508083 0.00508083 0.00508083 0.00508083 0.00508083 0.00508083 0.00508083 0.00508083 0.00508083 0.00508083 0.00508083 0.00508083 0.00508083 0.00508083 0.00508083 0.00508083 0.00508083 0.00508083 0.00508083 0.00508083 0.00508083 0.00508083 0.00508083 0.00508083 0.00508083 0.00508083 0.00508083 0.00508083 0.00508083 0.00508083 0.00508083 0.00508083 0.00508083 0.00508083 0.00508083 0.00508083 0.00508083 0.00508083 0.00508083 0.00508083 0.00508083 0.00508083 0.00508083 0.00508083 0.00508083 0.00508083 0.00508083 0.00508083 0.00508083 0.00508083 0.00508083 0.00508083 0.00508083 0.00508083 0.00508083 0.00508083 0.00508083 0.00508083 0.00508083 0.00508083 0.00508083 0.00508083 0.00508083 0.00508083 0.00508083 0.00508083 0.00508083 0.00508083 0.00508083 0.00508084 0.00508085 0.00508087 0.00508093 0.00508107 0.00508139 0.00508207 0.00508346 0.00508618 0.00509126 0.00510035 0.0051158 0.00514075 0.00517891 0.00523389 0.0053078 0.00539865 0.0054957 0.00557151 0.00557034 0.00539769 0.00492382 0.00401803 0.00261466 0.000778608 -0.00128268 -0.00328551 -0.00497643 -0.00620692 -0.00693505 -0.0071738 -0.00693505 -0.00620692 -0.00497643 -0.00328551 -0.00128268 0.000778608 0.00261466 0.00401803 0.00492382 0.00539769 0.00557034 0.00557151 0.0054957 0.00539865 0.0053078 0.00523389 0.00517891 0.00514075 0.0051158 0.00510035 0.00509126 0.00508618 0.00508346 0.00508207 0.00508139 0.00508107 0.00508093 0.00508087 0.00508085 0.00508084 0.00508083 0.00508083 0.00508083 0.00508083 0.00508083 0.00508083 0.00508083 0.00508083 0.00508083 0.00508083 0.00508083 0.00508083 0.00508083 0.00508083 0.00508083 0.00508083 0.00508083 0.00508083 0.00508083 0.00508083 0.00508083 0.00508083 0.00508083 0.00508083 0.00508083 0.00508083 0.00508083 0.00508083 0.00508083 0.00508083 0.00508083 0.00508083 0.00508083 0.00508083 0.00508083 0.00508083 0.00508083 0.00508083 0.00508083 0.00508083 0.00508083 0.00508083 0.00508083 0.00508083 0.00508083 0.00508083 0.00508083 0.00508083 0.00508083 0.00508083 
0.00520982 0.00520982 0.00520982 0.00520982 0.00520982 0.00520982 0.00520982 0.00520982 0.00520982 0.00520982 0.00520982 0.00520982 0.00520982 0.00520982 0.00520982 0.00520982 0.00520982 0.00520982 0.00520982 0.00520982 0.00520982 0.00520982 0.00520982 0.00520982 0.00520982 0.00520982 0.00520982 0.00520982 0.00520982 0.00520982 0.00520982 0.00520982 0.00520982 0.00520982 0.00520982 0.00520982 0.00520982 0.00520982 0.00520982 0.00520982 0.00520982 0.00520982 0.00520982 0.00520982 0.00520982 0.00520982 0.00520982 0.00520982 0.00520982 0.00520982 0.00520982 0.00520982 0.00520982 0.00520982 0.00520982 0.00520982 0.00520982 0.00520982 0.00520982 0.00520982 0.00520982 0.00520982 0.00520982 0.00520982 0.00520982 0.00520982 0.00520982 0.00520982 0.00520982 0.00520982 0.00520982 0.00520982 0.00520982 0.00520982 0.00520982 0.00520982 0.00520982 0.00520982 0.00520982 0.00520982 0.00520982 0.00520982 0.00520982 0.00520982 0.00520982 0.00520982 0.00520982 0.00520982 0.00520982 0.00520982 0.00520983 0.00520986 0.00520992 0.00521006 0.00521038 0.00521107 0.00521247 0.00521522 0.00522036 0.00522954 0.00524514 0.00527032 0.00530881 0.00536421 0.00543856 0.00552975 0.00562674 0.00570152 0.00569743 0.0055185 0.00503301 0.00410808 0.00267657 0.000803622 -0.00130068 -0.00334797 -0.00507943 -0.00634182 -0.00709013 -0.00733576 -0.00709013 -0.00634182 -0.00507943 -0.00334797 -0.00130068 0.000803622 0.00267657 0.00410808 0.00503301 0.0055185 0.00569743 0.00570152 0.00562674 0.00552975 0.00543856 0.00536421 0.00530881 0.00527032 0.00524514 0.00522954 0.00522036 0.00521522 0.00521247 0.00521107 0.00521038 0.00521006 0.00520992 0.00520986 0.00520983 0.00520982 0.00520982 0.00520982 0.00520982 0.00520982 0.00520982 0.00520982 0.00520982 0.00520982 0.00520982 0.00520982 0.00520982 0.00520982 0.00520982 0.00520982 0.00520982 0.00520982 0.00520982 0.00520982 0.00520982 0.00520982 0.00520982 0.00520982 0.00520982 0.00520982 0.00520982 0.00520982 0.00520982 0.00520982 0.00520982 0.00520982 0.00520982 0.00520982 0.00520982 0.00520982 0.00520982 0.00520982 0.00520982 0.00520982 0.00520982 0.00520982 0.00520982 0.00520982 0.00520982 0.00520982 0.00520982 0.00520982 0.00520982 0.00520982 0.00520982 0.00520982 
0.00528485 0.00528485 0.00528485 0.00528485 0.00528485 0.00528485 0.00528485 0.00528485 0.00528485 0.00528485 0.00528485 0.00528485 0.00528485 0.00528485 0.00528485 0.00528485 0.00528485 0.00528485 0.00528485 0.00528485 0.00528485 0.00528485 0.00528485 0.00528485 0.00528485 0.00528485 0.00528485 0.00528485 0.00528485 0.00528485 0.00528485 0.00528485 0.00528485 0.00528485 0.00528485 0.00528485 0.00528485 0.00528485 0.00528485 0.00528485 0.00528485 0.00528485 0.00528485 0.00528485 0.00528485 0.00528485 0.00528485 0.00528485 0.00528485 0.00528485 0.00528485 0.00528485 0.00528485 0.00528485 0.00528485 0.00528485 0.00528485 0.00528485 0.00528485 0.00528485 0.00528485 0.00528485 0.00528485 0.00528485 0.00528485 0.00528485 0.00528485 0.00528485 0.00528485 0.00528485 0.00528485 0.00528485 0.00528485 0.00528485 0.00528485 0.00528485 0.00528485 0.00528485 0.00528485 0.00528485 0.00528485 0.00528485 0.00528485 0.00528485 0.00528485 0.00528485 0.00528485 0.00528485 0.00528485 0.00528486 0.00528487 0.00528489 0.00528495 0.0052851 0.00528541 0.0052861 0.0052875 0.00529024 0.00529536 0.00530451 0.00532004 0.00534511 0.0053834 0.00543844 0.0055122 0.00560243 0.00569793 0.00577049 0.00576326 0.00558005 0.00508889 0.0041565 0.00271513 0.000829289 -0.00129109 -0.00335674 -0.00510678 -0.00638521 -0.00714436 -0.0073938 -0.00714436 -0.00638521 -0.00510678 -0.00335674 -0.00129109 0.000829289 0.00271513 0.0041565 0.00508889 0.00558005 0.00576326 0.00577049 0.00569793 0.00560243 0.0055122 0.00543844 0.0053834 0.00534511 0.00532004 0.00530451 0.00529536 0.00529024 0.0052875 0.0052861 0.00528541 0.0052851 0.00528495 0.00528489 0.00528487 0.00528486 0.00528485 0.00528485 0.00528485 0.00528485 0.00528485 0.00528485 0.00528485 0.00528485 0.00528485 0.00528485 0.00528485 0.00528485 0.00528485 0.00528485 0.00528485 0.00528485 0.00528485 0.00528485 0.00528485 0.00528485 0.00528485 0.00528485 0.00528485 0.00528485 0.00528485 0.00528485 0.00528485 0.00528485 0.00528485 0.00528485 0.00528485 0.00528485 0.00528485 0.00528485 0.00528485 0.00528485 0.00528485 0.00528485 0.00528485 0.00528485 0.00528485 0.00528485 0.00528485 0.00528485 0.00528485 0.00528485 0.00528485 0.00528485 0.00528485 0.00528485 
0.0053257 0.0053257 0.0053257 0.0053257 0.0053257 0.0053257 0.0053257 0.0053257 0.0053257 0.0053257 0.0053257 0.0053257 0.0053257 0.0053257 0.0053257 0.0053257 0.0053257 0.0053257 0.0053257 0.0053257 0.0053257 0.0053257 0.0053257 0.0053257 0.0053257 0.0053257 0.0053257 0.0053257 0.0053257 0.0053257 0.0053257 0.0053257 0.0053257 0.0053257 0.0053257 0.0053257 0.0053257 0.0053257 0.0053257 0.0053257 0.0053257 0.0053257 0.0053257 0.0053257 0.0053257 0.0053257 0.0053257 0.0053257 0.0053257 0.0053257 0.0053257 0.0053257 0.0053257 0.0053257 0.0053257 0.0053257 0.0053257 0.0053257 0.0053257 0.0053257 0.0053257 0.0053257 0.0053257 0.0053257 0.0053257 0.0053257 0.0053257 0.0053257 0.0053257 0.0053257 0.0053257 0.0053257 0.0053257 0.0053257 0.0053257 0.0053257 0.0053257 0.0053257 0.0053257 0.0053257 0.0053257 0.0053257 0.0053257 0.0053257 0.0053257 0.0053257 0.0053257 0.0053257 0.0053257 0.0053257 0.00532571 0.00532573 0.0053258 0.00532594 0.00532625 0.00532693 0.00532832 0.00533104 0.00533612 0.00534518 0.00536058 0.0053854 0.00542329 0.00547771 0.00555053 0.00563939 0.00573302 0.0058032 0.0057932 0.0056072 0.00511376 0.00417998 0.00273797 0.000851344 -0.00127128 -0.00334147 -0.00509801 -0.00638333 -0.00714772 -0.00739912 -0.00714772 -0.00638333 -0.00509801 -0.00334147 -0.00127128 0.000851344 0.00273797 0.00417998 0.00511376 0.0056072 0.0057932 0.0058032 0.00573302 0.00563939 0.00555053 0.00547771 0.00542329 0.0053854 0.00536058 0.00534518 0.00533612 0.00533104 0.00532832 0.00532693 0.00532625 0.00532594 0.0053258 0.00532573 0.00532571 0.0053257 0.0053257 0.0053257 0.0053257 0.0053257 0.0053257 0.0053257 0.0053257 0.0053257 0.0053257 0.0053257 0.0053257 0.0053257 0.0053257 0.0053257 0.0053257 0.0053257 0.0053257 0.0053257 0.0053257 0.0053257 0.0053257 0.0053257 0.0053257 0.0053257 0.0053257 0.0053257 0.0053257 0.0053257 0.0053257 0.0053257 0.0053257 0.0053257 0.0053257 0.0053257 0.0053257 0.0053257 0.0053257 0.0053257 0.0053257 0.0053257 0.0053257 0.0053257 0.0053257 0.0053257 0.0053257 0.0053257 0.0053257 0.0053257 0.0053257 0.0053257 
0.00534601 0.00534601 0.00534601 0.00534601 0.00534601 0.00534601 0.00534601 0.00534601 0.00534601 0.00534601 0.00534601 0.00534601 0.00534601 0.00534601 0.00534601 0.00534601 0.00534601 0.00534601 0.00534601 0.00534601 0.00534601 0.00534601 0.00534601 0.00534601 0.00534601 0.00534601 0.00534601 0.00534601 0.00534601 0.00534601 0.00534601 0.00534601 0.00534601 0.00534601 0.00534601 0.00534601 0.00534601 0.00534601 0.00534601 0.00534601 0.00534601 0.00534601 0.00534601 0.00534601 0.00534601 0.00534601 0.00534601 0.00534601 0.00534601 0.00534601 0.00534601 0.00534601 0.00534601 0.00534601 0.00534601 0.00534601 0.00534601 0.00534601 0.00534601 0.00534601 0.00534601 0.00534601 0.00534601 0.00534601 0.00534601 0.00534601 0.00534601 0.00534601 0.00534601 0.00534601 0.00534601 0.00534601 0.00534601 0.00534601 0.00534601 0.00534601 0.00534601 0.00534601 0.00534601 0.00534601 0.00534601 0.00534601 0.00534601 0.00534601 0.00534601 0.00534601 0.00534601 0.00534601 0.00534601 0.00534602 0.00534603 0.00534605 0.00534611 0.00534625 0.00534656 0.00534724 0.00534861 0.0053513 0.00535633 0.00536531 0.00538055 0.00540512 0.00544259 0.00549637 0.00556825 0.00565579 0.00574768 0.00581577 0.00580359 0.00561586 0.00512189 0.00418946 0.00275075 0.000868482 -0.00125029 -0.00331858 -0.00507558 -0.00636294 -0.00712944 -0.00738171 -0.00712944 -0.00636294 -0.00507558 -0.00331858 -0.00125029 0.000868482 0.00275075 0.00418946 0.00512189 0.00561586 0.00580359 0.00581577 0.00574768 0.00565579 0.00556825 0.00549637 0.00544259 0.00540512 0.00538055 0.00536531 0.00535633 0.0053513 0.00534861 0.00534724 0.00534656 0.00534625 0.00534611 0.00534605 0.00534603 0.00534602 0.00534601 0.00534601 0.00534601 0.00534601 0.00534601 0.00534601 0.00534601 0.00534601 0.00534601 0.00534601 0.00534601 0.00534601 0.00534601 0.00534601 0.00534601 0.00534601 0.00534601 0.00534601 0.00534601 0.00534601 0.00534601 0.00534601 0.00534601 0.00534601 0.00534601 0.00534601 0.00534601 0.00534601 0.00534601 0.00534601 0.00534601 0.00534601 0.00534601 0.00534601 0.00534601 0.00534601 0.00534601 0.00534601 0.00534601 0.00534601 0.00534601 0.00534601 0.00534601 0.00534601 0.00534601 0.00534601 0.00534601 0.00534601 0.00534601 0.00534601 
0.00535482 0.00535482 0.00535482 0.00535482 0.00535482 0.00535482 0.00535482 0.00535482 0.00535482 0.00535482 0.00535482 0.00535482 0.00535482 0.00535482 0.00535482 0.00535482 0.00535482 0.00535482 0.00535482 0.00535482 0.00535482 0.00535482 0.00535482 0.00535482 0.00535482 0.00535482 0.00535482 0.00535482 0.00535482 0.00535482 0.00535482 0.00535482 0.00535482 0.00535482 0.00535482 0.00535482 0.00535482 0.00535482 0.00535482 0.00535482 0.00535482 0.00535482 0.00535482 0.00535482 0.00535482 0.00535482 0.00535482 0.00535482 0.00535482 0.00535482 0.00535482 0.00535482 0.00535482 0.00535482 0.00535482 0.00535482 0.00535482 0.00535482 0.00535482 0.00535482 0.00535482 0.00535482 0.00535482 0.00535482 0.00535482 0.00535482 0.00535482 0.00535482 0.00535482 0.00535482 0.00535482 0.00535482 0.00535482 0.00535482 0.00535482 0.00535482 0.00535482 0.00535482 0.00535482 0.00535482 0.00535482 0.00535482 0.00535482 0.00535482 0.00535482 0.00535482 0.00535482 0.00535482 0.00535482 0.00535482 0.00535483 0.00535486 0.00535492 0.00535506 0.00535537 0.00535603 0.0053574 0.00536007 0.00536506 0.00537396 0.00538906 0.00541341 0.00545052 0.00550376 0.00557484 0.00566129 0.00575177 0.00581823 0.00580445 0.00561568 0.00512198 0.00419179 0.00275743 0.000880909 -0.00123217 -0.00329627 -0.00505123 -0.00633833 -0.00710535 -0.00735792 -0.00710535 -0.00633833 -0.00505123 -0.00329627 -0.00123217 0.000880909 0.00275743 0.00419179 0.00512198 0.00561568 0.00580445 0.00581823 0.00575177 0.00566129 0.00557484 0.00550376 0.00545052 0.00541341 0.00538906 0.00537396 0.00536506 0.00536007 0.0053574 0.00535603 0.00535537 0.00535506 0.00535492 0.00535486 0.00535483 0.00535482 0.00535482 0.00535482 0.00535482 0.00535482 0.00535482 0.00535482 0.00535482 0.00535482 0.00535482 0.00535482 0.00535482 0.00535482 0.00535482 0.00535482 0.00535482 0.00535482 0.00535482 0.00535482 0.00535482 0.00535482 0.00535482 0.00535482 0.00535482 0.00535482 0.00535482 0.00535482 0.00535482 0.00535482 0.00535482 0.00535482 0.00535482 0.00535482 0.00535482 0.00535482 0.00535482 0.00535482 0.00535482 0.00535482 0.00535482 0.00535482 0.00535482 0.00535482 0.00535482 0.00535482 0.00535482 0.00535482 0.00535482 0.00535482 0.00535482 0.00535482 
0.00535775 0.00535775 0.00535775 0.00535775 0.00535775 0.00535775 0.00535775 0.00535775 0.00535775 0.00535775 0.00535775 0.00535775 0.00535775 0.00535775 0.00535775 0.00535775 0.00535775 0.00535775 0.00535775 0.00535775 0.00535775 0.00535775 0.00535775 0.00535775 0.00535775 0.00535775 0.00535775 0.00535775 0.00535775 0.00535775 0.00535775 0.00535775 0.00535775 0.00535775 0.00535775 0.00535775 0.00535775 0.00535775 0.00535775 0.00535775 0.00535775 0.00535775 0.00535775 0.00535775 0.00535775 0.00535775 0.00535775 0.00535775 0.00535775 0.00535775 0.00535775 0.00535775 0.00535775 0.00535775 0.00535775 0.00535775 0.00535775 0.00535775 0.00535775 0.00535775 0.00535775 0.00535775 0.00535775 0.00535775 0.00535775 0.00535775 0.00535775 0.00535775 0.00535775 0.00535775 0.00535775 0.00535775 0.00535775 0.00535775 0.00535775 0.00535775 0.00535775 0.00535775 0.00535775 0.00535775 0.00535775 0.00535775 0.00535775 0.00535775 0.00535775 0.00535775 0.00535775 0.00535775 0.00535775 0.00535775 0.00535776 0.00535779 0.00535785 0.00535798 0.00535829 0.00535895 0.00536031 0.00536296 0.00536792 0.00537676 0.00539176 0.00541593 0.00545277 0.00550559 0.00557607 0.0056617 0.00575114 0.00581641 0.00580152 0.00561217 0.00511899 0.004191 0.00276066 0.000889433 -0.00121822 -0.00327796 -0.00503027 -0.0063163 -0.00708313 -0.00733574 -0.00708313 -0.0063163 -0.00503027 -0.00327796 -0.00121822 0.000889433 0.00276066 0.004191 0.00511899 0.00561217 0.00580152 0.00581641 0.00575114 0.0056617 0.00557607 0.00550559 0.00545277 0.00541593 0.00539176 0.00537676 0.00536792 0.00536296 0.00536031 0.00535895 0.00535829 0.00535798 0.00535785 0.00535779 0.00535776 0.00535775 0.00535775 0.00535775 0.00535775 0.00535775 0.00535775 0.00535775 0.00535775 0.00535775 0.00535775 0.00535775 0.00535775 0.00535775 0.00535775 0.00535775 0.00535775 0.00535775 0.00535775 0.00535775 0.00535775 0.00535775 0.00535775 0.00535775 0.00535775 0.00535775 0.00535775 0.00535775 0.00535775 0.00535775 0.00535775 0.00535775 0.00535775 0.00535775 0.00535775 0.00535775 0.00535775 0.00535775 0.00535775 0.00535775 0.00535775 0.00535775 0.00535775 0.00535775 0.00535775 0.00535775 0.00535775 0.00535775 0.00535775 0.00535775 0.00535775 0.00535775 
0.00535805 0.00535805 0.00535805 0.00535805 0.00535805 0.00535805 0.00535805 0.00535805 0.00535805 0.00535805 0.00535805 0.00535805 0.00535805 0.00535805 0.00535805 0.00535805 0.00535805 0.00535805 0.00535805 0.00535805 0.00535805 0.00535805 0.00535805 0.00535805 0.00535805 0.00535805 0.00535805 0.00535805 0.00535805 0.00535805 0.00535805 0.00535805 0.00535805 0.00535805 0.00535805 0.00535805 0.00535805 0.00535805 0.00535805 0.00535805 0.00535805 0.00535805 0.00535805 0.00535805 0.00535805 0.00535805 0.00535805 0.00535805 0.00535805 0.00535805 0.00535805 0.00535805 0.00535805 0.00535805 0.00535805 0.00535805 0.00535805 0.00535805 0.00535805 0.00535805 0.00535805 0.00535805 0.00535805 0.00535805 0.00535805 0.00535805 0.00535805 0.00535805 0.00535805 0.00535805 0.00535805 0.00535805 0.00535805 0.00535805 0.00535805 0.00535805 0.00535805 0.00535805 0.00535805 0.00535805 0.00535805 0.00535805 0.00535805 0.00535805 0.00535805 0.00535805 0.00535805 0.00535805 0.00535805 0.00535806 0.00535807 0.00535809 0.00535815 0.00535829 0.00535859 0.00535925 0.0053606 0.00536324 0.00536818 0.00537697 0.0053919 0.00541595 0.0054526 0.00550512 0.00557518 0.00566023 0.00574895 0.00581341 0.0057978 0.00560812 0.00511545 0.00418924 0.00276207 0.000895 -0.00120832 -0.00326445 -0.0050144 -0.00629926 -0.0070657 -0.00731823 -0.0070657 -0.00629926 -0.0050144 -0.00326445 -0.00120832 0.000895 0.00276207 0.00418924 0.00511545 0.00560812 0.0057978 0.00581341 0.00574895 0.00566023 0.00557518 0.00550512 0.0054526 0.00541595 0.0053919 0.00537697 0.00536818 0.00536324 0.0053606 0.00535925 0.00535859 0.00535829 0.00535815 0.00535809 0.00535807 0.00535806 0.00535805 0.00535805 0.00535805 0.00535805 0.00535805 0.00535805 0.00535805 0.00535805 0.00535805 0.00535805 0.00535805 0.00535805 0.00535805 0.00535805 0.00535805 0.00535805 0.00535805 0.00535805 0.00535805 0.00535805 0.00535805 0.00535805 0.00535805 0.00535805 0.00535805 0.00535805 0.00535805 0.00535805 0.00535805 0.00535805 0.00535805 0.00535805 0.00535805 0.00535805 0.00535805 0.00535805 0.00535805 0.00535805 0.00535805 0.00535805 0.00535805 0.00535805 0.00535805 0.00535805 0.00535805 0.00535805 0.00535805 0.00535805 0.00535805 0.00535805 
0.00535744 0.00535744 0.00535744 0.00535744 0.00535744 0.00535744 0.00535744 0.00535744 0.00535744 0.00535744 0.00535744 0.00535744 0.00535744 0.00535744 0.00535744 0.00535744 0.00535744 0.00535744 0.00535744 0.00535744 0.00535744 0.00535744 0.00535744 0.00535744 0.00535744 0.00535744 0.00535744 0.00535744 0.00535744 0.00535744 0.00535744 0.00535744 0.00535744 0.00535744 0.00535744 0.00535744 0.00535744 0.00535744 0.00535744 0.00535744 0.00535744 0.00535744 0.00535744 0.00535744 0.00535744 0.00535744 0.00535744 0.00535744 0.00535744 0.00535744 0.00535744 0.00535744 0.00535744 0.00535744 0.00535744 0.00535744 0.00535744 0.00535744 0.00535744 0.00535744 0.00535744 0.00535744 0.00535744 0.00535744 0.00535744 0.00535744 0.00535744 0.00535744 0.00535744 0.00535744 0.00535744 0.00535744 0.00535744 0.00535744 0.00535744 0.00535744 0.00535744 0.00535744 0.00535744 0.00535744 0.00535744 0.00535744 0.00535744 0.00535744 0.00535744 0.00535744 0.00535744 0.00535744 0.00535744 0.00535744 0.00535745 0.00535748 0.00535754 0.00535767 0.00535798 0.00535864 0.00535998 0.00536261 0.00536753 0.0053763 0.00539118 0.00541515 0.00545166 0.00550399 0.00557377 0.00565845 0.0057467 0.00581064 0.00579457 0.00560471 0.00511246 0.00418753 0.00276259 0.000898469 -0.00120176 -0.00325526 -0.00500341 -0.00628731 -0.00705337 -0.00730582 -0.00705337 -0.00628731 -0.00500341 -0.00325526 -0.00120176 0.000898469 0.00276259 0.00418753 0.00511246 0.00560471 0.00579457 0.00581064 0.0057467 0.00565845 0.00557377 0.00550399 0.00545166 0.00541515 0.00539118 0.0053763 0.00536753 0.00536261 0.00535998 0.00535864 0.00535798 0.00535767 0.00535754 0.00535748 0.00535745 0.00535744 0.00535744 0.00535744 0.00535744 0.00535744 0.00535744 0.00535744 0.00535744 0.00535744 0.00535744 0.00535744 0.00535744 0.00535744 0.00535744 0.00535744 0.00535744 0.00535744 0.00535744 0.00535744 0.00535744 0.00535744 0.00535744 0.00535744 0.00535744 0.00535744 0.00535744 0.00535744 0.00535744 0.00535744 0.00535744 0.00535744 0.00535744 0.00535744 0.00535744 0.00535744 0.00535744 0.00535744 0.00535744 0.00535744 0.00535744 0.00535744 0.00535744 0.00535744 0.00535744 0.00535744 0.00535744 0.00535744 0.00535744 0.00535744 0.00535744 0.00535744 
0.00535669 0.00535669 0.00535669 0.00535669 0.00535669 0.00535669 0.00535669 0.00535669 0.00535669 0.00535669 0.00535669 0.00535669 0.00535669 0.00535669 0.00535669 0.00535669 0.00535669 0.00535669 0.00535669 0.00535669 0.00535669 0.00535669 0.00535669 0.00535669 0.00535669 0.00535669 0.00535669 0.00535669 0.00535669 0.00535669 0.00535669 0.00535669 0.00535669 0.00535669 0.00535669 0.00535669 0.00535669 0.00535669 0.00535669 0.00535669 0.00535669 0.00535669 0.00535669 0.00535669 0.00535669 0.00535669 0.00535669 0.00535669 0.00535669 0.00535669 0.00535669 0.00535669 0.00535669 0.00535669 0.00535669 0.00535669 0.00535669 0.00535669 0.00535669 0.00535669 0.00535669 0.00535669 0.00535669 0.00535669 0.00535669 0.00535669 0.00535669 0.00535669 0.00535669 0.00535669 0.00535669 0.00535669 0.00535669 0.00535669 0.00535669 0.00535669 0.00535669 0.00535669 0.00535669 0.00535669 0.00535669 0.00535669 0.00535669 0.00535669 0.00535669 0.00535669 0.00535669 0.00535669 0.00535669 0.00535669 0.0053567 0.00535673 0.00535679 0.00535692 0.00535723 0.00535789 0.00535923 0.00536185 0.00536676 0.00537551 0.00539036 0.00541428 0.00545071 0.00550292 0.00557253 0.00565697 0.00574493 0.00580855 0.00579221 0.00560226 0.0051103 0.00418621 0.00276274 0.000900535 -0.00119766 -0.00324941 -0.00499634 -0.00627956 -0.00704532 -0.0072977 -0.00704532 -0.00627956 -0.00499634 -0.00324941 -0.00119766 0.000900535 0.00276274 0.00418621 0.0051103 0.00560226 0.00579221 0.00580855 0.00574493 0.00565697 0.00557253 0.00550292 0.00545071 0.00541428 0.00539036 0.00537551 0.00536676 0.00536185 0.00535923 0.00535789 0.00535723 0.00535692 0.00535679 0.00535673 0.0053567 0.00535669 0.00535669 0.00535669 0.00535669 0.00535669 0.00535669 0.00535669 0.00535669 0.00535669 0.00535669 0.00535669 0.00535669 0.00535669 0.00535669 0.00535669 0.00535669 0.00535669 0.00535669 0.00535669 0.00535669 0.00535669 0.00535669 0.00535669 0.00535669 0.00535669 0.00535669 0.00535669 0.00535669 0.00535669 0.00535669 0.00535669 0.00535669 0.00535669 0.00535669 0.00535669 0.00535669 0.00535669 0.00535669 0.00535669 0.00535669 0.00535669 0.00535669 0.00535669 0.00535669 0.00535669 0.00535669 0.00535669 0.00535669 0.00535669 0.00535669 0.00535669 
0.00535609 0.00535609 0.00535609 0.00535609 0.00535609 0.00535609 0.00535609 0.00535609 0.00535609 0.00535609 0.00535609 0.00535609 0.00535609 0.00535609 0.00535609 0.00535609 0.00535609 0.00535609 0.00535609 0.00535609 0.00535609 0.00535609 0.00535609 0.00535609 0.00535609 0.00535609 0.00535609 0.00535609 0.00535609 0.00535609 0.00535609 0.00535609 0.00535609 0.00535609 0.00535609 0.00535609 0.00535609 0.00535609 0.00535609 0.00535609 0.00535609 0.00535609 0.00535609 0.00535609 0.00535609 0.00535609 0.00535609 0.00535609 0.00535609 0.00535609 0.00535609 0.00535609 0.00535609 0.00535609 0.00535609 0.00535609 0.00535609 0.00535609 0.00535609 0.00535609 0.00535609 0.00535609 0.00535609 0.00535609 0.00535609 0.00535609 0.00535609 0.00535609 0.00535609 0.00535609 0.00535609 0.00535609 0.00535609 0.00535609 0.00535609 0.00535609 0.00535609 0.00535609 0.00535609 0.00535609 0.00535609 0.00535609 0.00535609 0.00535609 0.00535609 0.00535609 0.00535609 0.00535609 0.00535609 0.00535609 0.0053561 0.00535612 0.00535618 0.00535632 0.00535663 0.00535728 0.00535862 0.00536124 0.00536615 0.00537489 0.00538972 0.0054136 0.00544999 0.00550213 0.00557163 0.00565594 0.00574373 0.00580716 0.00579066 0.00560067 0.00510889 0.00418532 0.00276274 0.000901714 -0.00119524 -0.00324591 -0.00499207 -0.00627485 -0.00704042 -0.00729275 -0.00704042 -0.00627485 -0.00499207 -0.00324591 -0.00119524 0.000901714 0.00276274 0.00418532 0.00510889 0.00560067 0.00579066 0.00580716 0.00574373 0.00565594 0.00557163 0.00550213 0.00544999 0.0054136 0.00538972 0.00537489 0.00536615 0.00536124 0.00535862 0.00535728 0.00535663 0.00535632 0.00535618 0.00535612 0.0053561 0.00535609 0.00535609 0.00535609 0.00535609 0.00535609 0.00535609 0.00535609 0.00535609 0.00535609 0.00535609 0.00535609 0.00535609 0.00535609 0.00535609 0.00535609 0.00535609 0.00535609 0.00535609 0.00535609 0.00535609 0.00535609 0.00535609 0.00535609 0.00535609 0.00535609 0.00535609 0.00535609 0.00535609 0.00535609 0.00535609 0.00535609 0.00535609 0.00535609 0.00535609 0.00535609 0.00535609 0.00535609 0.00535609 0.00535609 0.00535609 0.00535609 0.00535609 0.00535609 0.00535609 0.00535609 0.00535609 0.00535609 0.00535609 0.00535609 0.00535609 0.00535609 
0.00535568 0.00535568 0.00535568 0.00535568 0.00535568 0.00535568 0.00535568 0.00535568 0.00535568 0.00535568 0.00535568 0.00535568 0.00535568 0.00535568 0.00535568 0.00535568 0.00535568 0.00535568 0.00535568 0.00535568 0.00535568 0.00535568 0.00535568 0.00535568 0.00535568 0.00535568 0.00535568 0.00535568 0.00535568 0.00535568 0.00535568 0.00535568 0.00535568 0.00535568 0.00535568 0.00535568 0.00535568 0.00535568 0.00535568 0.00535568 0.00535568 0.00535568 0.00535568 0.00535568 0.00535568 0.00535568 0.00535568 0.00535568 0.00535568 0.00535568 0.00535568 0.00535568 0.00535568 0.00535568 0.00535568 0.00535568 0.00535568 0.00535568 0.00535568 0.00535568 0.00535568 0.00535568 0.00535568 0.00535568 0.00535568 0.00535568 0.00535568 0.00535568 0.00535568 0.00535568 0.00535568 0.00535568 0.00535568 0.00535568 0.00535568 0.00535568 0.00535568 0.00535568 0.00535568 0.00535568 0.00535568 0.00535568 0.00535568 0.00535568 0.00535568 0.00535568 0.00535568 0.00535568 0.00535568 0.00535568 0.00535569 0.00535572 0.00535578 0.00535591 0.00535622 0.00535687 0.00535821 0.00536083 0.00536573 0.00537447 0.00538928 0.00541315 0.00544952 0.00550161 0.00557106 0.00565529 0.00574298 0.00580631 0.00578973 0.00559972 0.00510804 0.00418478 0.00276271 0.000902357 -0.00119388 -0.00324392 -0.00498963 -0.00627215 -0.0070376 -0.0072899 -0.0070376 -0.00627215 -0.00498963 -0.00324392 -0.00119388 0.000902357 0.00276271 0.00418478 0.00510804 0.00559972 0.00578973 0.00580631 0.00574298 0.00565529 0.00557106 0.00550161 0.00544952 0.00541315 0.00538928 0.00537447 0.00536573 0.00536083 0.00535821 0.00535687 0.00535622 0.00535591 0.00535578 0.00535572 0.00535569 0.00535568 0.00535568 0.00535568 0.00535568 0.00535568 0.00535568 0.00535568 0.00535568 0.00535568 0.00535568 0.00535568 0.00535568 0.00535568 0.00535568 0.00535568 0.00535568 0.00535568 0.00535568 0.00535568 0.00535568 0.00535568 0.00535568 0.00535568 0.00535568 0.00535568 0.00535568 0.00535568 0.00535568 0.00535568 0.00535568 0.00535568 0.00535568 0.00535568 0.00535568 0.00535568 0.00535568 0.00535568 0.00535568 0.00535568 0.00535568 0.00535568 0.00535568 0.00535568 0.00535568 0.00535568 0.00535568 0.00535568 0.00535568 0.00535568 0.00535568 0.00535568 
0.00535543 0.00535543 0.00535543 0.00535543 0.00535543 0.00535543 0.00535543 0.00535543 0.00535543 0.00535543 0.00535543 0.00535543 0.00535543 0.00535543 0.00535543 0.00535543 0.00535543 0.00535543 0.00535543 0.00535543 0.00535543 0.00535543 0.00535543 0.00535543 0.00535543 0.00535543 0.00535543 0.00535543 0.00535543 0.00535543 0.00535543 0.00535543 0.00535543 0.00535543 0.00535543 0.00535543 0.00535543 0.00535543 0.00535543 0.00535543 0.00535543 0.00535543 0.00535543 0.00535543 0.00535543 0.00535543 0.00535543 0.00535543 0.00535543 0.00535543 0.00535543 0.00535543 0.00535543 0.00535543 0.00535543 0.00535543 0.00535543 0.00535543 0.00535543 0.00535543 0.00535543 0.00535543 0.00535543 0.00535543 0.00535543 0.00535543 0.00535543 0.00535543 0.00535543 0.00535543 0.00535543 0.00535543 0.00535543 0.00535543 0.00535543 0.00535543 0.00535543 0.00535543 0.00535543 0.00535543 0.00535543 0.00535543 0.00535543 0.00535543 0.00535543 0.00535543 0.00535543 0.00535543 0.00535543 0.00535544 0.00535545 0.00535547 0.00535553 0.00535567 0.00535597 0.00535662 0.00535796 0.00536058 0.00536548 0.00537421 0.00538903 0.00541289 0.00544924 0.00550131 0.00557072 0.00565491 0.00574256 0.00580583 0.00578921 0.00559918 0.00510757 0.00418447 0.00276268 0.000902693 -0.00119315 -0.00324285 -0.00498831 -0.00627069 -0.00703607 -0.00728834 -0.00703607 -0.00627069 -0.00498831 -0.00324285 -0.00119315 0.000902693 0.00276268 0.00418447 0.00510757 0.00559918 0.00578921 0.00580583 0.00574256 0.00565491 0.00557072 0.00550131 0.00544924 0.00541289 0.00538903 0.00537421 0.00536548 0.00536058 0.00535796 0.00535662 0.00535597 0.00535567 0.00535553 0.00535547 0.00535545 0.00535544 0.00535543 0.00535543 0.00535543 0.00535543 0.00535543 0.00535543 0.00535543 0.00535543 0.00535543 0.00535543 0.00535543 0.00535543 0.00535543 0.00535543 0.00535543 0.00535543 0.00535543 0.00535543 0.00535543 0.00535543 0.00535543 0.00535543 0.00535543 0.00535543 0.00535543 0.00535543 0.00535543 0.00535543 0.00535543 0.00535543 0.00535543 0.00535543 0.00535543 0.00535543 0.00535543 0.00535543 0.00535543 0.00535543 0.00535543 0.00535543 0.00535543 0.00535543 0.00535543 0.00535543 0.00535543 0.00535543 0.00535543 0.00535543 0.00535543 0.00535543 
0.0053553 0.0053553 0.0053553 0.0053553 0.0053553 0.0053553 0.0053553 0.0053553 0.0053553 0.0053553 0.0053553 0.0053553 0.0053553 0.0053553 0.0053553 0.0053553 0.0053553 0.0053553 0.0053553 0.0053553 0.0053553 0.0053553 0.0053553 0.0053553 0.0053553 0.0053553 0.0053553 0.0053553 0.0053553 0.0053553 0.0053553 0.0053553 0.0053553 0.0053553 0.0053553 0.0053553 0.0053553 0.0053553 0.0053553 0.0053553 0.0053553 0.0053553 0.0053553 0.0053553 0.0053553 0.0053553 0.0053553 0.0053553 0.0053553 0.0053553 0.0053553 0.0053553 0.0053553 0.0053553 0.0053553 0.0053553 0.0053553 0.0053553 0.0053553 0.0053553 0.0053553 0.0053553 0.0053553 0.0053553 0.0053553 0.0053553 0.0053553 0.0053553 0.0053553 0.0053553 0.0053553 0.0053553 0.0053553 0.0053553 0.0053553 0.0053553 0.0053553 0.0053553 0.0053553 0.0053553 0.0053553 0.0053553 0.0053553 0.0053553 0.0053553 0.0053553 0.0053553 0.0053553 0.0053553 0.0053553 0.00535531 0.00535533 0.00535539 0.00535553 0.00535583 0.00535649 0.00535783 0.00536045 0.00536534 0.00537407 0.00538888 0.00541274 0.00544908 0.00550114 0.00557054 0.00565471 0.00574233 0.00580558 0.00578893 0.0055989 0.00510732 0.0041843 0.00276266 0.000902862 -0.00119278 -0.0032423 -0.00498764 -0.00626993 -0.00703528 -0.00728754 -0.00703528 -0.00626993 -0.00498764 -0.0032423 -0.00119278 0.000902862 0.00276266 0.0041843 0.00510732 0.0055989 0.00578893 0.00580558 0.00574233 0.00565471 0.00557054 0.00550114 0.00544908 0.00541274 0.00538888 0.00537407 0.00536534 0.00536045 0.00535783 0.00535649 0.00535583 0.00535553 0.00535539 0.00535533 0.00535531 0.0053553 0.0053553 0.0053553 0.0053553 0.0053553 0.0053553 0.0053553 0.0053553 0.0053553 0.0053553 0.0053553 0.0053553 0.0053553 0.0053553 0.0053553 0.0053553 0.0053553 0.0053553 0.0053553 0.0053553 0.0053553 0.0053553 0.0053553 0.0053553 0.0053553 0.0053553 0.0053553 0.0053553 0.0053553 0.0053553 0.0053553 0.0053553 0.0053553 0.0053553 0.0053553 0.0053553 0.0053553 0.0053553 0.0053553 0.0053553 0.0053553 0.0053553 0.0053553 0.0053553 0.0053553 0.0053553 0.0053553 0.0053553 0.0053553 0.0053553 0.0053553 
0.00535523 0.00535523 0.00535523 0.00535523 0.00535523 0.00535523 0.00535523 0.00535523 0.00535523 0.00535523 0.00535523 0.00535523 0.00535523 0.00535523 0.00535523 0.00535523 0.00535523 0.00535523 0.00535523 0.00535523 0.00535523 0.00535523 0.00535523 0.00535523 0.00535523 0.00535523 0.00535523 0.00535523 0.00535523 0.00535523 0.00535523 0.00535523 0.00535523 0.00535523 0.00535523 0.00535523 0.00535523 0.00535523 0.00535523 0.00535523 0.00535523 0.00535523 0.00535523 0.00535523 0.00535523 0.00535523 0.00535523 0.00535523 0.00535523 0.00535523 0.00535523 0.00535523 0.00535523 0.00535523 0.00535523 0.00535523 0.00535523 0.00535523 0.00535523 0.00535523 0.00535523 0.00535523 0.00535523 0.00535523 0.00535523 0.00535523 0.00535523 0.00535523 0.00535523 0.00535523 0.00535523 0.00535523 0.00535523 0.00535523 0.00535523 0.00535523 0.00535523 0.00535523 0.00535523 0.00535523 0.00535523 0.00535523 0.00535523 0.00535523 0.00535523 0.00535523 0.00535523 0.00535523 0.00535523 0.00535523 0.00535524 0.00535526 0.00535532 0.00535546 0.00535576 0.00535642 0.00535776 0.00536037 0.00536527 0.005374 0.00538881 0.00541266 0.005449 0.00550106 0.00557045 0.00565461 0.00574221 0.00580545 0.00578879 0.00559876 0.00510719 0.00418422 0.00276264 0.000902943 -0.0011926 -0.00324203 -0.0049873 -0.00626956 -0.00703489 -0.00728715 -0.00703489 -0.00626956 -0.0049873 -0.00324203 -0.0011926 0.000902943 0.00276264 0.00418422 0.00510719 0.00559876 0.00578879 0.00580545 0.00574221 0.00565461 0.00557045 0.00550106 0.005449 0.00541266 0.00538881 0.005374 0.00536527 0.00536037 0.00535776 0.00535642 0.00535576 0.00535546 0.00535532 0.00535526 0.00535524 0.00535523 0.00535523 0.00535523 0.00535523 0.00535523 0.00535523 0.00535523 0.00535523 0.00535523 0.00535523 0.00535523 0.00535523 0.00535523 0.00535523 0.00535523 0.00535523 0.00535523 0.00535523 0.00535523 0.00535523 0.00535523 0.00535523 0.00535523 0.00535523 0.00535523 0.00535523 0.00535523 0.00535523 0.00535523 0.00535523 0.00535523 0.00535523 0.00535523 0.00535523 0.00535523 0.00535523 0.00535523 0.00535523 0.00535523 0.00535523 0.00535523 0.00535523 0.00535523 0.00535523 0.00535523 0.00535523 0.00535523 0.00535523 0.00535523 0.00535523 0.00535523 
0.00535519 0.00535519 0.00535519 0.00535519 0.00535519 0.00535519 0.00535519 0.00535519 0.00535519 0.00535519 0.00535519 0.00535519 0.00535519 0.00535519 0.00535519 0.00535519 0.00535519 0.00535519 0.00535519 0.00535519 0.00535519 0.00535519 0.00535519 0.00535519 0.00535519 0.00535519 0.00535519 0.00535519 0.00535519 0.00535519 0.00535519 0.00535519 0.00535519 0.00535519 0.00535519 0.00535519 0.00535519 0.00535519 0.00535519 0.00535519 0.00535519 0.00535519 0.00535519 0.00535519 0.00535519 0.00535519 0.00535519 0.00535519 0.00535519 0.00535519 0.00535519 0.00535519 0.00535519 0.00535519 0.00535519 0.00535519 0.00535519 0.00535519 0.00535519 0.00535519 0.00535519 0.00535519 0.00535519 0.00535519 0.00535519 0.00535519 0.00535519 0.00535519 0.00535519 0.00535519 0.00535519 0.00535519 0.00535519 0.00535519 0.00535519 0.00535519 0.00535519 0.00535519 0.00535519 0.00535519 0.00535519 0.00535519 0.00535519 0.00535519 0.00535519 0.00535519 0.00535519 0.00535519 0.00535519 0.0053552 0.0053552 0.00535523 0.00535529 0.00535542 0.00535573 0.00535638 0.00535772 0.00536034 0.00536524 0.00537397 0.00538877 0.00541263 0.00544896 0.00550102 0.0055704 0.00565456 0.00574216 0.00580539 0.00578872 0.00559869 0.00510713 0.00418418 0.00276264 0.00090298 -0.00119251 -0.0032419 -0.00498715 -0.00626939 -0.00703471 -0.00728696 -0.00703471 -0.00626939 -0.00498715 -0.0032419 -0.00119251 0.00090298 0.00276264 0.00418418 0.00510713 0.00559869 0.00578872 0.00580539 0.00574216 0.00565456 0.0055704 0.00550102 0.00544896 0.00541263 0.00538877 0.00537397 0.00536524 0.00536034 0.00535772 0.00535638 0.00535573 0.00535542 0.00535529 0.00535523 0.0053552 0.0053552 0.00535519 0.00535519 0.00535519 0.00535519 0.00535519 0.00535519 0.00535519 0.00535519 0.00535519 0.00535519 0.00535519 0.00535519 0.00535519 0.00535519 0.00535519 0.00535519 0.00535519 0.00535519 0.00535519 0.00535519 0.00535519 0.00535519 0.00535519 0.00535519 0.00535519 0.00535519 0.00535519 0.00535519 0.00535519 0.00535519 0.00535519 0.00535519 0.00535519 0.00535519 0.00535519 0.00535519 0.00535519 0.00535519 0.00535519 0.00535519 0.00535519 0.00535519 0.00535519 0.00535519 0.00535519 0.00535519 0.00535519 0.00535519 0.00535519 0.00535519 
0.00535518 0.00535518 0.00535518 0.00535518 0.00535518 0.00535518 0.00535518 0.00535518 0.00535518 0.00535518 0.00535518 0.00535518 0.00535518 0.00535518 0.00535518 0.00535518 0.00535518 0.00535518 0.00535518 0.00535518 0.00535518 0.00535518 0.00535518 0.00535518 0.00535518 0.00535518 0.00535518 0.00535518 0.00535518 0.00535518 0.00535518 0.00535518 0.00535518 0.00535518 0.00535518 0.00535518 0.00535518 0.00535518 0.00535518 0.00535518 0.00535518 0.00535518 0.00535518 0.00535518 0.00535518 0.00535518 0.00535518 0.00535518 0.00535518 0.00535518 0.00535518 0.00535518 0.00535518 0.00535518 0.00535518 0.00535518 0.00535518 0.00535518 0.00535518 0.00535518 0.00535518 0.00535518 0.00535518 0.00535518 0.00535518 0.00535518 0.00535518 0.00535518 0.00535518 0.00535518 0.00535518 0.00535518 0.00535518 0.00535518 0.00535518 0.00535518 0.00535518 0.00535518 0.00535518 0.00535518 0.00535518 0.00535518 0.00535518 0.00535518 0.00535518 0.00535518 0.00535518 0.00535518 0.00535518 0.00535518 0.00535519 0.00535521 0.00535527 0.00535541 0.00535571 0.00535637 0.0053577 0.00536032 0.00536522 0.00537395 0.00538876 0.00541261 0.00544894 0.005501 0.00557038 0.00565453 0.00574213 0.00580536 0.00578869 0.00559866 0.0051071 0.00418416 0.00276263 0.000902996 -0.00119247 -0.00324185 -0.00498708 -0.00626931 -0.00703462 -0.00728688 -0.00703462 -0.00626931 -0.00498708 -0.00324185 -0.00119247 0.000902996 0.00276263 0.00418416 0.0051071 0.00559866 0.00578869 0.00580536 0.00574213 0.00565453 0.00557038 0.005501 0.00544894 0.00541261 0.00538876 0.00537395 0.00536522 0.00536032 0.0053577 0.00535637 0.00535571 0.00535541 0.00535527 0.00535521 0.00535519 0.00535518 0.00535518 0.00535518 0.00535518 0.00535518 0.00535518 0.00535518 0.00535518 0.00535518 0.00535518 0.00535518 0.00535518 0.00535518 0.00535518 0.00535518 0.00535518 0.00535518 0.00535518 0.00535518 0.00535518 0.00535518 0.00535518 0.00535518 0.00535518 0.00535518 0.00535518 0.00535518 0.00535518 0.00535518 0.00535518 0.00535518 0.00535518 0.00535518 0.00535518 0.00535518 0.00535518 0.00535518 0.00535518 0.00535518 0.00535518 0.00535518 0.00535518 0.00535518 0.00535518 0.00535518 0.00535518 0.00535518 0.00535518 0.00535518 0.00535518 0.00535518 
0.00535517 0.00535517 0.00535517 0.00535517 0.00535517 0.00535517 0.00535517 0.00535517 0.00535517 0.00535517 0.00535517 0.00535517 0.00535517 0.00535517 0.00535517 0.00535517 0.00535517 0.00535517 0.00535517 0.00535517 0.00535517 0.00535517 0.00535517 0.00535517 0.00535517 0.00535517 0.00535517 0.00535517 0.00535517 0.00535517 0.00535517 0.00535517 0.00535517 0.00535517 0.00535517 0.00535517 0.00535517 0.00535517 0.00535517 0.00535517 0.00535517 0.00535517 0.00535517 0.00535517 0.00535517 0.00535517 0.00535517 0.00535517 0.00535517 0.00535517 0.00535517 0.00535517 0.00535517 0.00535517 0.00535517 0.00535517 0.00535517 0.00535517 0.00535517 0.00535517 0.00535517 0.00535517 0.00535517 0.00535517 0.00535517 0.00535517 0.00535517 0.00535517 0.00535517 0.00535517 0.00535517 0.00535517 0.00535517 0.00535517 0.00535517 0.00535517 0.00535517 0.00535517 0.00535517 0.00535517 0.00535517 0.00535517 0.00535517 0.00535517 0.00535517 0.00535517 0.00535517 0.00535517 0.00535517 0.00535517 0.00535518 0.00535521 0.00535526 0.0053554 0.00535571 0.00535636 0.0053577 0.00536032 0.00536521 0.00537394 0.00538875 0.0054126 0.00544894 0.00550099 0.00557037 0.00565452 0.00574212 0.00580535 0.00578868 0.00559865 0.00510709 0.00418415 0.00276263 0.000903003 -0.00119246 -0.00324182 -0.00498705 -0.00626927 -0.00703459 -0.00728685 -0.00703459 -0.00626927 -0.00498705 -0.00324182 -0.00119246 0.000903003 0.00276263 0.00418415 0.00510709 0.00559865 0.00578868 0.00580535 0.00574212 0.00565452 0.00557037 0.00550099 0.00544894 0.0054126 0.00538875 0.00537394 0.00536521 0.00536032 0.0053577 0.00535636 0.00535571 0.0053554 0.00535526 0.00535521 0.00535518 0.00535517 0.00535517 0.00535517 0.00535517 0.00535517 0.00535517 0.00535517 0.00535517 0.00535517 0.00535517 0.00535517 0.00535517 0.00535517 0.00535517 0.00535517 0.00535517 0.00535517 0.00535517 0.00535517 0.00535517 0.00535517 0.00535517 0.00535517 0.00535517 0.00535517 0.00535517 0.00535517 0.00535517 0.00535517 0.00535517 0.00535517 0.00535517 0.00535517 0.00535517 0.00535517 0.00535517 0.00535517 0.00535517 0.00535517 0.00535517 0.00535517 0.00535517 0.00535517 0.00535517 0.00535517 0.00535517 0.00535517 0.00535517 0.00535517 0.00535517 0.00535517 
0.00535517 0.00535517 0.00535517 0.00535517 0.00535517 0.00535517 0.00535517 0.00535517 0.00535517 0.00535517 0.00535517 0.00535517 0.00535517 0.00535517 0.00535517 0.00535517 0.00535517 0.00535517 0.00535517 0.00535517 0.00535517 0.00535517 0.00535517 0.00535517 0.00535517 0.00535517 0.00535517 0.00535517 0.00535517 0.00535517 0.00535517 0.00535517 0.00535517 0.00535517 0.00535517 0.00535517 0.00535517 0.00535517 0.00535517 0.00535517 0.00535517 0.00535517 0.00535517 0.00535517 0.00535517 0.00535517 0.00535517 0.00535517 0.00535517 0.00535517 0.00535517 0.00535517 0.00535517 0.00535517 0.00535517 0.00535517 0.00535517 0.00535517 0.00535517 0.00535517 0.00535517 0.00535517 0.00535517 0.00535517 0.00535517 0.00535517 0.00535517 0.00535517 0.00535517 0.00535517 0.00535517 0.00535517 0.00535517 0.00535517 0.00535517 0.00535517 0.00535517 0.00535517 0.00535517 0.00535517 0.00535517 0.00535517 0.00535517 0.00535517 0.00535517 0.00535517 0.00535517 0.00535517 0.00535517 0.00535517 0.00535518 0.0053552 0.00535526 0.0053554 0.0053557 0.00535636 0.0053577 0.00536031 0.00536521 0.00537394 0.00538875 0.0054126 0.00544893 0.00550099 0.00557037 0.00565452 0.00574212 0.00580534 0.00578867 0.00559864 0.00510709 0.00418415 0.00276263 0.000903006 -0.00119245 -0.00324181 -0.00498704 -0.00626926 -0.00703458 -0.00728683 -0.00703458 -0.00626926 -0.00498704 -0.00324181 -0.00119245 0.000903006 0.00276263 0.00418415 0.00510709 0.00559864 0.00578867 0.00580534 0.00574212 0.00565452 0.00557037 0.00550099 0.00544893 0.0054126 0.00538875 0.00537394 0.00536521 0.00536031 0.0053577 0.00535636 0.0053557 0.0053554 0.00535526 0.0053552 0.00535518 0.00535517 0.00535517 0.00535517 0.00535517 0.00535517 0.00535517 0.00535517 0.00535517 0.00535517 0.00535517 0.00535517 0.00535517 0.00535517 0.00535517 0.00535517 0.00535517 0.00535517 0.00535517 0.00535517 0.00535517 0.00535517 0.00535517 0.00535517 0.00535517 0.00535517 0.00535517 0.00535517 0.00535517 0.00535517 0.00535517 0.00535517 0.00535517 0.00535517 0.00535517 0.00535517 0.00535517 0.00535517 0.00535517 0.00535517 0.00535517 0.00535517 0.00535517 0.00535517 0.00535517 0.00535517 0.00535517 0.00535517 0.00535517 0.00535517 0.00535517 0.00535517 
0.00535516 0.00535516 0.00535516 0.00535516 0.00535516 0.00535516 0.00535516 0.00535516 0.00535516 0.00535516 0.00535516 0.00535516 0.00535516 0.00535516 0.00535516 0.00535516 0.00535516 0.00535516 0.00535516 0.00535516 0.00535516 0.00535516 0.00535516 0.00535516 0.00535516 0.00535516 0.00535516 0.00535516 0.00535516 0.00535516 0.00535516 0.00535516 0.00535516 0.00535516 0.00535516 0.00535516 0.00535516 0.00535516 0.00535516 0.00535516 0.00535516 0.00535516 0.00535516 0.00535516 0.00535516 0.00535516 0.00535516 0.00535516 0.00535516 0.00535516 0.00535516 0.00535516 0.00535516 0.00535516 0.00535516 0.00535516 0.00535516 0.00535516 0.00535516 0.00535516 0.00535516 0.00535516 0.00535516 0.00535516 0.00535516 0.00535516 0.00535516 0.00535516 0.00535516 0.00535516 0.00535516 0.00535516 0.00535516 0.00535516 0.00535516 0.00535516 0.00535516 0.00535516 0.00535516 0.00535516 0.00535516 0.00535516 0.00535516 0.00535516 0.00535516 0.00535516 0.00535516 0.00535516 0.00535516 0.00535517 0.00535518 0.0053552 0.00535526 0.0053554 0.0053557 0.00535636 0.00535769 0.00536031 0.00536521 0.00537394 0.00538875 0.0054126 0.00544893 0.00550098 0.00557037 0.00565452 0.00574212 0.00580534 0.00578867 0.00559864 0.00510708 0.00418415 0.00276263 0.000903007 -0.00119245 -0.00324181 -0.00498703 -0.00626925 -0.00703457 -0.00728683 -0.00703457 -0.00626925 -0.00498703 -0.00324181 -0.00119245 0.000903007 0.00276263 0.00418415 0.00510708 0.00559864 0.00578867 0.00580534 0.00574212 0.00565452 0.00557037 0.00550098 0.00544893 0.0054126 0.00538875 0.00537394 0.00536521 0.00536031 0.00535769 0.00535636 0.0053557 0.0053554 0.00535526 0.0053552 0.00535518 0.00535517 0.00535516 0.00535516 0.00535516 0.00535516 0.00535516 0.00535516 0.00535516 0.00535516 0.00535516 0.00535516 0.00535516 0.00535516 0.00535516 0.00535516 0.00535516 0.00535516 0.00535516 0.00535516 0.00535516 0.00535516 0.00535516 0.00535516 0.00535516 0.00535516 0.00535516 0.00535516 0.00535516 0.00535516 0.00535516 0.00535516 0.00535516 0.00535516 0.00535516 0.00535516 0.00535516 0.00535516 0.00535516 0.00535516 0.00535516 0.00535516 0.00535516 0.00535516 0.00535516 0.00535516 0.00535516 0.00535516 0.00535516 0.00535516 0.00535516 0.00535516 
0.00535516 0.00535516 0.00535516 0.00535516 0.00535516 0.00535516 0.00535516 0.00535516 0.00535516 0.00535516 0.00535516 0.00535516 0.00535516 0.00535516 0.00535516 0.00535516 0.00535516 0.00535516 0.00535516 0.00535516 0.00535516 0.00535516 0.00535516 0.00535516 0.00535516 0.00535516 0.00535516 0.00535516 0.00535516 0.00535516 0.00535516 0.00535516 0.00535516 0.00535516 0.00535516 0.00535516 0.00535516 0.00535516 0.00535516 0.00535516 0.00535516 0.00535516 0.00535516 0.00535516 0.00535516 0.00535516 0.00535516 0.00535516 0.00535516 0.00535516 0.00535516 0.00535516 0.00535516 0.00535516 0.00535516 0.00535516 0.00535516 0.00535516 0.00535516 0.00535516 0.00535516 0.00535516 0.00535516 0.00535516 0.00535516 0.00535516 0.00535516 0.00535516 0.00535516 0.00535516 0.00535516 0.00535516 0.00535516 0.00535516 0.00535516 0.00535516 0.00535516 0.00535516 0.00535516 0.00535516 0.00535516 0.00535516 0.00535516 0.00535516 0.00535516 0.00535516 0.00535516 0.00535516 0.00535516 0.00535517 0.00535518 0.0053552 0.00535526 0.0053554 0.0053557 0.00535636 0.00535769 0.00536031 0.00536521 0.00537394 0.00538875 0.0054126 0.00544893 0.00550098 0.00557037 0.00565452 0.00574212 0.00580534 0.00578867 0.00559864 0.00510708 0.00418415 0.00276263 0.000903008 -0.00119245 -0.00324181 -0.00498703 -0.00626925 -0.00703457 -0.00728682 -0.00703457 -0.00626925 -0.00498703 -0.00324181 -0.00119245 0.000903008 0.00276263 0.00418415 0.00510708 0.00559864 0.00578867 0.00580534 0.00574212 0.00565452 0.00557037 0.00550098 0.00544893 0.0054126 0.00538875 0.00537394 0.00536521 0.00536031 0.00535769 0.00535636 0.0053557 0.0053554 0.00535526 0.0053552 0.00535518 0.00535517 0.00535516 0.00535516 0.00535516 0.00535516 0.00535516 0.00535516 0.00535516 0.00535516 0.00535516 0.00535516 0.00535516 0.00535516 0.00535516 0.00535516 0.00535516 0.00535516 0.00535516 0.00535516 0.00535516 0.00535516 0.00535516 0.00535516 0.00535516 0.00535516 0.00535516 0.00535516 0.00535516 0.00535516 0.00535516 0.00535516 0.00535516 0.00535516 0.00535516 0.00535516 0.00535516 0.00535516 0.00535516 0.00535516 0.00535516 0.00535516 0.00535516 0.00535516 0.00535516 0.00535516 0.00535516 0.00535516 0.00535516 0.00535516 0.00535516 0.00535516 
0.00535516 0.00535516 0.00535516 0.00535516 0.00535516 0.00535516 0.00535516 0.00535516 0.00535516 0.00535516 0.00535516 0.00535516 0.00535516 0.00535516 0.00535516 0.00535516 0.00535516 0.00535516 0.00535516 0.00535516 0.00535516 0.00535516 0.00535516 0.00535516 0.00535516 0.00535516 0.00535516 0.00535516 0.00535516 0.00535516 0.00535516 0.00535516 0.00535516 0.00535516 0.00535516 0.00535516 0.00535516 0.00535516 0.00535516 0.00535516 0.00535516 0.00535516 0.00535516 0.00535516 0.00535516 0.00535516 0.00535516 0.00535516 0.00535516 0.00535516 0.00535516 0.00535516 0.00535516 0.00535516 0.00535516 0.00535516 0.00535516 0.00535516 0.00535516 0.00535516 0.00535516 0.00535516 0.00535516 0.00535516 0.00535516 0.00535516 0.00535516 0.00535516 0.00535516 0.00535516 0.00535516 0.00535516 0.00535516 0.00535516 0.00535516 0.00535516 0.00535516 0.00535516 0.00535516 0.00535516 0.00535516 0.00535516 0.00535516 0.00535516 0.00535516 0.00535516 0.00535516 0.00535516 0.00535516 0.00535517 0.00535518 0.0053552 0.00535526 0.0053554 0.0053557 0.00535636 0.00535769 0.00536031 0.00536521 0.00537394 0.00538875 0.0054126 0.00544893 0.00550098 0.00557037 0.00565452 0.00574212 0.00580534 0.00578867 0.00559864 0.00510708 0.00418415 0.00276263 0.000903008 -0.00119245 -0.00324181 -0.00498703 -0.00626925 -0.00703457 -0.00728682 -0.00703457 -0.00626925 -0.00498703 -0.00324181 -0.00119245 0.000903008 0.00276263 0.00418415 0.00510708 0.00559864 0.00578867 0.00580534 0.00574212 0.00565452 0.00557037 0.00550098 0.00544893 0.0054126 0.00538875 0.00537394 0.00536521 0.00536031 0.00535769 0.00535636 0.0053557 0.0053554 0.00535526 0.0053552 0.00535518 0.00535517 0.00535516 0.00535516 0.00535516 0.00535516 0.00535516 0.00535516 0.00535516 0.00535516 0.00535516 0.00535516 0.00535516 0.00535516 0.00535516 0.00535516 0.00535516 0.00535516 0.00535516 0.00535516 0.00535516 0.00535516 0.00535516 0.00535516 0.00535516 0.00535516 0.00535516 0.00535516 0.00535516 0.00535516 0.00535516 0.00535516 0.00535516 0.00535516 0.00535516 0.00535516 0.00535516 0.00535516 0.00535516 0.00535516 0.00535516 0.00535516 0.00535516 0.00535516 0.00535516 0.00535516 0.00535516 0.00535516 0.00535516 0.00535516 0.00535516 0.00535516 
0.00535516 0.00535516 0.00535516 0.00535516 0.00535516 0.00535516 0.00535516 0.00535516 0.00535516 0.00535516 0.00535516 0.00535516 0.00535516 0.00535516 0.00535516 0.00535516 0.00535516 0.00535516 0.00535516 0.00535516 0.00535516 0.00535516 0.00535516 0.00535516 0.00535516 0.00535516 0.00535516 0.00535516 0.00535516 0.00535516 0.00535516 0.00535516 0.00535516 0.00535516 0.00535516 0.00535516 0.00535516 0.00535516 0.00535516 0.00535516 0.00535516 0.00535516 0.00535516 0.00535516 0.00535516 0.00535516 0.00535516 0.00535516 0.00535516 0.00535516 0.00535516 0.00535516 0.00535516 0.00535516 0.00535516 0.00535516 0.00535516 0.00535516 0.00535516 0.00535516 0.00535516 0.00535516 0.00535516 0.00535516 0.00535516 0.00535516 0.00535516 0.00535516 0.00535516 0.00535516 0.00535516 0.00535516 0.00535516 0.00535516 0.00535516 0.00535516 0.00535516 0.00535516 0.00535516 0.00535516 0.00535516 0.00535516 0.00535516 0.00535516 0.00535516 0.00535516 0.00535516 0.00535516 0.00535516 0.00535517 0.00535518 0.0053552 0.00535526 0.0053554 0.0053557 0.00535636 0.00535769 0.00536031 0.00536521 0.00537394 0.00538875 0.0054126 0.00544893 0.00550098 0.00557037 0.00565452 0.00574212 0.00580534 0.00578867 0.00559864 0.00510708 0.00418415 0.00276263 0.000903008 -0.00119245 -0.00324181 -0.00498703 -0.00626925 -0.00703457 -0.00728682 -0.00703457 -0.00626925 -0.00498703 -0.00324181 -0.00119245 0.000903008 0.00276263 0.00418415 0.00510708 0.00559864 0.00578867 0.00580534 0.00574212 0.00565452 0.00557037 0.00550098 0.00544893 0.0054126 0.00538875 0.00537394 0.00536521 0.00536031 0.00535769 0.00535636 0.0053557 0.0053554 0.00535526 0.0053552 0.00535518 0.00535517 0.00535516 0.00535516 0.00535516 0.00535516 0.00535516 0.00535516 0.00535516 0.00535516 0.00535516 0.00535516 0.00535516 0.00535516 0.00535516 0.00535516 0.00535516 0.00535516 0.00535516 0.00535516 0.00535516 0.00535516 0.00535516 0.00535516 0.00535516 0.00535516 0.00535516 0.00535516 0.00535516 0.00535516 0.00535516 0.00535516 0.00535516 0.00535516 0.00535516 0.00535516 0.00535516 0.00535516 0.00535516 0.00535516 0.00535516 0.00535516 0.00535516 0.00535516 0.00535516 0.00535516 0.00535516 0.00535516 0.00535516 0.00535516 0.00535516 0.00535516 
0.00535516 0.00535516 0.00535516 0.00535516 0.00535516 0.00535516 0.00535516 0.00535516 0.00535516 0.00535516 0.00535516 0.00535516 0.00535516 0.00535516 0.00535516 0.00535516 0.00535516 0.00535516 0.00535516 0.00535516 0.00535516 0.00535516 0.00535516 0.00535516 0.00535516 0.00535516 0.00535516 0.00535516 0.00535516 0.00535516 0.00535516 0.00535516 0.00535516 0.00535516 0.00535516 0.00535516 0.00535516 0.00535516 0.00535516 0.00535516 0.00535516 0.00535516 0.00535516 0.00535516 0.00535516 0.00535516 0.00535516 0.00535516 0.00535516 0.00535516 0.00535516 0.00535516 0.00535516 0.00535516 0.00535516 0.00535516 0.00535516 0.00535516 0.00535516 0.00535516 0.00535516 0.00535516 0.00535516 0.00535516 0.00535516 0.00535516 0.00535516 0.00535516 0.00535516 0.00535516 0.00535516 0.00535516 0.00535516 0.00535516 0.00535516 0.00535516 0.00535516 0.00535516 0.00535516 0.00535516 0.00535516 0.00535516 0.00535516 0.00535516 0.00535516 0.00535516 0.00535516 0.00535516 0.00535516 0.00535517 0.00535518 0.0053552 0.00535526 0.0053554 0.0053557 0.00535636 0.00535769 0.00536031 0.00536521 0.00537394 0.00538875 0.0054126 0.00544893 0.00550098 0.00557037 0.00565452 0.00574212 0.00580534 0.00578867 0.00559864 0.00510708 0.00418415 0.00276263 0.000903008 -0.00119245 -0.00324181 -0.00498703 -0.00626925 -0.00703457 -0.00728682 -0.00703457 -0.00626925 -0.00498703 -0.00324181 -0.00119245 0.000903008 0.00276263 0.00418415 0.00510708 0.00559864 0.00578867 0.00580534 0.00574212 0.00565452 0.00557037 0.00550098 0.00544893 0.0054126 0.00538875 0.00537394 0.00536521 0.00536031 0.00535769 0.00535636 0.0053557 0.0053554 0.00535526 0.0053552 0.00535518 0.00535517 0.00535516 0.00535516 0.00535516 0.00535516 0.00535516 0.00535516 0.00535516 0.00535516 0.00535516 0.00535516 0.00535516 0.00535516 0.00535516 0.00535516 0.00535516 0.00535516 0.00535516 0.00535516 0.00535516 0.00535516 0.00535516 0.00535516 0.00535516 0.00535516 0.00535516 0.00535516 0.00535516 0.00535516 0.00535516 0.00535516 0.00535516 0.00535516 0.00535516 0.00535516 0.00535516 0.00535516 0.00535516 0.00535516 0.00535516 0.00535516 0.00535516 0.00535516 0.00535516 0.00535516 0.00535516 0.00535516 0.00535516 0.00535516 0.00535516 0.00535516 
0.00535516 0.00535516 0.00535516 0.00535516 0.00535516 0.00535516 0.00535516 0.00535516 0.00535516 0.00535516 0.00535516 0.00535516 0.00535516 0.00535516 0.00535516 0.00535516 0.00535516 0.00535516 0.00535516 0.00535516 0.00535516 0.00535516 0.00535516 0.00535516 0.00535516 0.00535516 0.00535516 0.00535516 0.00535516 0.00535516 0.00535516 0.00535516 0.00535516 0.00535516 0.00535516 0.00535516 0.00535516 0.00535516 0.00535516 0.00535516 0.00535516 0.00535516 0.00535516 0.00535516 0.00535516 0.00535516 0.00535516 0.00535516 0.00535516 0.00535516 0.00535516 0.00535516 0.00535516 0.00535516 0.00535516 0.00535516 0.00535516 0.00535516 0.00535516 0.00535516 0.00535516 0.00535516 0.00535516 0.00535516 0.00535516 0.00535516 0.00535516 0.00535516 0.00535516 0.00535516 0.00535516 0.00535516 0.00535516 0.00535516 0.00535516 0.00535516 0.00535516 0.00535516 0.00535516 0.00535516 0.00535516 0.00535516 0.00535516 0.00535516 0.00535516 0.00535516 0.00535516 0.00535516 0.00535516 0.00535517 0.00535518 0.0053552 0.00535526 0.0053554 0.0053557 0.00535636 0.00535769 0.00536031 0.00536521 0.00537394 0.00538875 0.0054126 0.00544893 0.00550098 0.00557037 0.00565452 0.00574212 0.00580534 0.00578867 0.00559864 0.00510708 0.00418415 0.00276263 0.000903008 -0.00119245 -0.00324181 -0.00498703 -0.00626925 -0.00703457 -0.00728682 -0.00703457 -0.00626925 -0.00498703 -0.00324181 -0.00119245 0.000903008 0.00276263 0.00418415 0.00510708 0.00559864 0.00578867 0.00580534 0.00574212 0.00565452 0.00557037 0.00550098 0.00544893 0.0054126 0.00538875 0.00537394 0.00536521 0.00536031 0.00535769 0.00535636 0.0053557 0.0053554 0.00535526 0.0053552 0.00535518 0.00535517 0.00535516 0.00535516 0.00535516 0.00535516 0.00535516 0.00535516 0.00535516 0.00535516 0.00535516 0.00535516 0.00535516 0.00535516 0.00535516 0.00535516 0.00535516 0.00535516 0.00535516 0.00535516 0.00535516 0.00535516 0.00535516 0.00535516 0.00535516 0.00535516 0.00535516 0.00535516 0.00535516 0.00535516 0.00535516 0.00535516 0.00535516 0.00535516 0.00535516 0.00535516 0.00535516 0.00535516 0.00535516 0.00535516 0.00535516 0.00535516 0.00535516 0.00535516 0.00535516 0.00535516 0.00535516 0.00535516 0.00535516 0.00535516 0.00535516 0.00535516 
0.00535516 0.00535516 0.00535516 0.00535516 0.00535516 0.00535516 0.00535516 0.00535516 0.00535516 0.00535516 0.00535516 0.00535516 0.00535516 0.00535516 0.00535516 0.00535516 0.00535516 0.00535516 0.00535516 0.00535516 0.00535516 0.00535516 0.00535516 0.00535516 0.00535516 0.00535516 0.00535516 0.00535516 0.00535516 0.00535516 0.00535516 0.00535516 0.00535516 0.00535516 0.00535516 0.00535516 0.00535516 0.00535516 0.00535516 0.00535516 0.00535516 0.00535516 0.00535516 0.00535516 0.00535516 0.00535516 0.00535516 0.00535516 0.00535516 0.00535516 0.00535516 0.00535516 0.00535516 0.00535516 0.00535516 0.00535516 0.00535516 0.00535516 0.00535516 0.00535516 0.00535516 0.00535516 0.00535516 0.00535516 0.00535516 0.00535516 0.00535516 0.00535516 0.00535516 0.00535516 0.00535516 0.00535516 0.00535516 0.00535516 0.00535516 0.00535516 0.00535516 0.00535516 0.00535516 0.00535516 0.00535516 0.00535516 0.00535516 0.00535516 0.00535516 0.00535516 0.00535516 0.00535516 0.00535516 0.00535517 0.00535518 0.0053552 0.00535526 0.0053554 0.0053557 0.00535636 0.00535769 0.00536031 0.00536521 0.00537394 0.00538875 0.0054126 0.00544893 0.00550098 0.00557037 0.00565452 0.00574212 0.00580534 0.00578867 0.00559864 0.00510708 0.00418415 0.00276263 0.000903008 -0.00119245 -0.00324181 -0.00498703 -0.00626925 -0.00703457 -0.00728682 -0.00703457 -0.00626925 -0.00498703 -0.00324181 -0.00119245 0.000903008 0.00276263 0.00418415 0.00510708 0.00559864 0.00578867 0.00580534 0.00574212 0.00565452 0.00557037 0.00550098 0.00544893 0.0054126 0.00538875 0.00537394 0.00536521 0.00536031 0.00535769 0.00535636 0.0053557 0.0053554 0.00535526 0.0053552 0.00535518 0.00535517 0.00535516 0.00535516 0.00535516 0.00535516 0.00535516 0.00535516 0.00535516 0.00535516 0.00535516 0.00535516 0.00535516 0.00535516 0.00535516 0.00535516 0.00535516 0.00535516 0.00535516 0.00535516 0.00535516 0.00535516 0.00535516 0.00535516 0.00535516 0.00535516 0.00535516 0.00535516 0.00535516 0.00535516 0.00535516 0.00535516 0.00535516 0.00535516 0.00535516 0.00535516 0.00535516 0.00535516 0.00535516 0.00535516 0.00535516 0.00535516 0.00535516 0.00535516 0.00535516 0.00535516 0.00535516 0.00535516 0.00535516 0.00535516 0.00535516 0.00535516 
0.00535516 0.00535516 0.00535516 0.00535516 0.00535516 0.00535516 0.00535516 0.00535516 0.00535516 0.00535516 0.00535516 0.00535516 0.00535516 0.00535516 0.00535516 0.00535516 0.00535516 0.00535516 0.00535516 0.00535516 0.00535516 0.00535516 0.00535516 0.00535516 0.00535516 0.00535516 0.00535516 0.00535516 0.00535516 0.00535516 0.00535516 0.00535516 0.00535516 0.00535516 0.00535516 0.00535516 0.00535516 0.00535516 0.00535516 0.00535516 0.00535516 0.00535516 0.00535516 0.00535516 0.00535516 0.00535516 0.00535516 0.00535516 0.00535516 0.00535516 0.00535516 0.00535516 0.00535516 0.00535516 0.00535516 0.00535516 0.00535516 0.00535516 0.00535516 0.00535516 0.00535516 0.00535516 0.00535516 0.00535516 0.00535516 0.00535516 0.00535516 0.00535516 0.00535516 0.00535516 0.00535516 0.00535516 0.00535516 0.00535516 0.00535516 0.00535516 0.00535516 0.00535516 0.00535516 0.00535516 0.00535516 0.00535516 0.00535516 0.00535516 0.00535516 0.00535516 0.00535516 0.00535516 0.00535516 0.00535517 0.00535518 0.0053552 0.00535526 0.0053554 0.0053557 0.00535636 0.00535769 0.00536031 0.00536521 0.00537394 0.00538875 0.0054126 0.00544893 0.00550098 0.00557037 0.00565452 0.00574212 0.00580534 0.00578867 0.00559864 0.00510708 0.00418415 0.00276263 0.000903008 -0.00119245 -0.00324181 -0.00498703 -0.00626925 -0.00703457 -0.00728682 -0.00703457 -0.00626925 -0.00498703 -0.00324181 -0.00119245 0.000903008 0.00276263 0.00418415 0.00510708 0.00559864 0.00578867 0.00580534 0.00574212 0.00565452 0.00557037 0.00550098 0.00544893 0.0054126 0.00538875 0.00537394 0.00536521 0.00536031 0.00535769 0.00535636 0.0053557 0.0053554 0.00535526 0.0053552 0.00535518 0.00535517 0.00535516 0.00535516 0.00535516 0.00535516 0.00535516 0.00535516 0.00535516 0.00535516 0.00535516 0.00535516 0.00535516 0.00535516 0.00535516 0.00535516 0.00535516 0.00535516 0.00535516 0.00535516 0.00535516 0.00535516 0.00535516 0.00535516 0.00535516 0.00535516 0.00535516 0.00535516 0.00535516 0.00535516 0.00535516 0.00535516 0.00535516 0.00535516 0.00535516 0.00535516 0.00535516 0.00535516 0.00535516 0.00535516 0.00535516 0.00535516 0.00535516 0.00535516 0.00535516 0.00535516 0.00535516 0.00535516 0.00535516 0.00535516 0.00535516 0.00535516 
0.00535516 0.00535516 0.00535516 0.00535516 0.00535516 0.00535516 0.00535516 0.00535516 0.00535516 0.00535516 0.00535516 0.00535516 0.00535516 0.00535516 0.00535516 0.00535516 0.00535516 0.00535516 0.00535516 0.00535516 0.00535516 0.00535516 0.00535516 0.00535516 0.00535516 0.00535516 0.00535516 0.00535516 0.00535516 0.00535516 0.00535516 0.00535516 0.00535516 0.00535516 0.00535516 0.00535516 0.00535516 0.00535516 0.00535516 0.00535516 0.00535516 0.00535516 0.00535516 0.00535516 0.00535516 0.00535516 0.00535516 0.00535516 0.00535516 0.00535516 0.00535516 0.00535516 0.00535516 0.00535516 0.00535516 0.00535516 0.00535516 0.00535516 0.00535516 0.00535516 0.00535516 0.00535516 0.00535516 0.00535516 0.00535516 0.00535516 0.00535516 0.00535516 0.00535516 0.00535516 0.00535516 0.00535516 0.00535516 0.00535516 0.00535516 0.00535516 0.00535516 0.00535516 0.00535516 0.00535516 0.00535516 0.00535516 0.00535516 0.00535516 0.00535516 0.00535516 0.00535516 0.00535516 0.00535516 0.00535517 0.00535518 0.0053552 0.00535526 0.0053554 0.0053557 0.00535636 0.00535769 0.00536031 0.00536521 0.00537394 0.00538875 0.0054126 0.00544893 0.00550098 0.00557037 0.00565452 0.00574212 0.00580534 0.00578867 0.00559864 0.00510708 0.00418415 0.00276263 0.000903008 -0.00119245 -0.00324181 -0.00498703 -0.00626925 -0.00703457 -0.00728682 -0.00703457 -0.00626925 -0.00498703 -0.00324181 -0.00119245 0.000903008 0.00276263 0.00418415 0.00510708 0.00559864 0.00578867 0.00580534 0.00574212 0.00565452 0.00557037 0.00550098 0.00544893 0.0054126 0.00538875 0.00537394 0.00536521 0.00536031 0.00535769 0.00535636 0.0053557 0.0053554 0.00535526 0.0053552 0.00535518 0.00535517 0.00535516 0.00535516 0.00535516 0.00535516 0.00535516 0.00535516 0.00535516 0.00535516 0.00535516 0.00535516 0.00535516 0.00535516 0.00535516 0.00535516 0.00535516 0.00535516 0.00535516 0.00535516 0.00535516 0.00535516 0.00535516 0.00535516 0.00535516 0.00535516 0.00535516 0.00535516 0.00535516 0.00535516 0.00535516 0.00535516 0.00535516 0.00535516 0.00535516 0.00535516 0.00535516 0.00535516 0.00535516 0.00535516 0.00535516 0.00535516 0.00535516 0.00535516 0.00535516 0.00535516 0.00535516 0.00535516 0.00535516 0.00535516 0.00535516 0.00535516 
0.00535516 0.00535516 0.00535516 0.00535516 0.00535516 0.00535516 0.00535516 0.00535516 0.00535516 0.00535516 0.00535516 0.00535516 0.00535516 0.00535516 0.00535516 0.00535516 0.00535516 0.00535516 0.00535516 0.00535516 0.00535516 0.00535516 0.00535516 0.00535516 0.00535516 0.00535516 0.00535516 0.00535516 0.00535516 0.00535516 0.00535516 0.00535516 0.00535516 0.00535516 0.00535516 0.00535516 0.00535516 0.00535516 0.00535516 0.00535516 0.00535516 0.00535516 0.00535516 0.00535516 0.00535516 0.00535516 0.00535516 0.00535516 0.00535516 0.00535516 0.00535516 0.00535516 0.00535516 0.00535516 0.00535516 0.00535516 0.00535516 0.00535516 0.00535516 0.00535516 0.00535516 0.00535516 0.00535516 0.00535516 0.00535516 0.00535516 0.00535516 0.00535516 0.00535516 0.00535516 0.00535516 0.00535516 0.00535516 0.00535516 0.00535516 0.00535516 0.00535516 0.00535516 0.00535516 0.00535516 0.00535516 0.00535516 0.00535516 0.00535516 0.00535516 0.00535516 0.00535516 0.00535516 0.00535516 0.00535517 0.00535518 0.0053552 0.00535526 0.0053554 0.0053557 0.00535636 0.00535769 0.00536031 0.00536521 0.00537394 0.00538875 0.0054126 0.00544893 0.00550098 0.00557037 0.00565452 0.00574212 0.00580534 0.00578867 0.00559864 0.00510708 0.00418415 0.00276263 0.000903008 -0.00119245 -0.00324181 -0.00498703 -0.00626925 -0.00703457 -0.00728682 -0.00703457 -0.00626925 -0.00498703 -0.00324181 -0.00119245 0.000903008 0.00276263 0.00418415 0.00510708 0.00559864 0.00578867 0.00580534 0.00574212 0.00565452 0.00557037 0.00550098 0.00544893 0.0054126 0.00538875 0.00537394 0.00536521 0.00536031 0.00535769 0.00535636 0.0053557 0.0053554 0.00535526 0.0053552 0.00535518 0.00535517 0.00535516 0.00535516 0.00535516 0.00535516 0.00535516 0.00535516 0.00535516 0.00535516 0.00535516 0.00535516 0.00535516 0.00535516 0.00535516 0.00535516 0.00535516 0.00535516 0.00535516 0.00535516 0.00535516 0.00535516 0.00535516 0.00535516 0.00535516 0.00535516 0.00535516 0.00535516 0.00535516 0.00535516 0.00535516 0.00535516 0.00535516 0.00535516 0.00535516 0.00535516 0.00535516 0.00535516 0.00535516 0.00535516 0.00535516 0.00535516 0.00535516 0.00535516 0.00535516 0.00535516 0.00535516 0.00535516 0.00535516 0.00535516 0.00535516 0.00535516 
0.00535516 0.00535516 0.00535516 0.00535516 0.00535516 0.00535516 0.00535516 0.00535516 0.00535516 0.00535516 0.00535516 0.00535516 0.00535516 0.00535516 0.00535516 0.00535516 0.00535516 0.00535516 0.00535516 0.00535516 0.00535516 0.00535516 0.00535516 0.00535516 0.00535516 0.00535516 0.00535516 0.00535516 0.00535516 0.00535516 0.00535516 0.00535516 0.00535516 0.00535516 0.00535516 0.00535516 0.00535516 0.00535516 0.00535516 0.00535516 0.00535516 0.00535516 0.00535516 0.00535516 0.00535516 0.00535516 0.00535516 0.00535516 0.00535516 0.00535516 0.00535516 0.00535516 0.00535516 0.00535516 0.00535516 0.00535516 0.00535516 0.00535516 0.00535516 0.00535516 0.00535516 0.00535516 0.00535516 0.00535516 0.00535516 0.00535516 0.00535516 0.00535516 0.00535516 0.00535516 0.00535516 0.00535516 0.00535516 0.00535516 0.00535516 0.00535516 0.00535516 0.00535516 0.00535516 0.00535516 0.00535516 0.00535516 0.00535516 0.00535516 0.00535516 0.00535516 0.00535516 0.00535516 0.00535516 0.00535517 0.00535518 0.0053552 0.00535526 0.0053554 0.0053557 0.00535636 0.00535769 0.00536031 0.00536521 0.00537394 0.00538875 0.0054126 0.00544893 0.00550098 0.00557037 0.00565452 0.00574212 0.00580534 0.00578867 0.00559864 0.00510708 0.00418415 0.00276263 0.000903008 -0.00119245 -0.00324181 -0.00498703 -0.00626925 -0.00703457 -0.00728682 -0.00703457 -0.00626925 -0.00498703 -0.00324181 -0.00119245 0.000903008 0.00276263 0.00418415 0.00510708 0.00559864 0.00578867 0.00580534 0.00574212 0.00565452 0.00557037 0.00550098 0.00544893 0.0054126 0.00538875 0.00537394 0.00536521 0.00536031 0.00535769 0.00535636 0.0053557 0.0053554 0.00535526 0.0053552 0.00535518 0.00535517 0.00535516 0.00535516 0.00535516 0.00535516 0.00535516 0.00535516 0.00535516 0.00535516 0.00535516 0.00535516 0.00535516 0.00535516 0.00535516 0.00535516 0.00535516 0.00535516 0.00535516 0.00535516 0.00535516 0.00535516 0.00535516 0.00535516 0.00535516 0.00535516 0.00535516 0.00535516 0.00535516 0.00535516 0.00535516 0.00535516 0.00535516 0.00535516 0.00535516 0.00535516 0.00535516 0.00535516 0.00535516 0.00535516 0.00535516 0.00535516 0.00535516 0.00535516 0.00535516 0.00535516 0.00535516 0.00535516 0.00535516 0.00535516 0.00535516 0.00535516 
0.00535516 0.00535516 0.00535516 0.00535516 0.00535516 0.00535516 0.00535516 0.00535516 0.00535516 0.00535516 0.00535516 0.00535516 0.00535516 0.00535516 0.00535516 0.00535516 0.00535516 0.00535516 0.00535516 0.00535516 0.00535516 0.00535516 0.00535516 0.00535516 0.00535516 0.00535516 0.00535516 0.00535516 0.00535516 0.00535516 0.00535516 0.00535516 0.00535516 0.00535516 0.00535516 0.00535516 0.00535516 0.00535516 0.00535516 0.00535516 0.00535516 0.00535516 0.00535516 0.00535516 0.00535516 0.00535516 0.00535516 0.00535516 0.00535516 0.00535516 0.00535516 0.00535516 0.00535516 0.00535516 0.00535516 0.00535516 0.00535516 0.00535516 0.00535516 0.00535516 0.00535516 0.00535516 0.00535516 0.00535516 0.00535516 0.00535516 0.00535516 0.00535516 0.00535516 0.00535516 0.00535516 0.00535516 0.00535516 0.00535516 0.00535516 0.00535516 0.00535516 0.00535516 0.00535516 0.00535516 0.00535516 0.00535516 0.00535516 0.00535516 0.00535516 0.00535516 0.00535516 0.00535516 0.00535516 0.00535517 0.00535518 0.0053552 0.00535526 0.0053554 0.0053557 0.00535636 0.00535769 0.00536031 0.00536521 0.00537394 0.00538875 0.0054126 0.00544893 0.00550098 0.00557037 0.00565452 0.00574212 0.00580534 0.00578867 0.00559864 0.00510708 0.00418415 0.00276263 0.000903008 -0.00119245 -0.00324181 -0.00498703 -0.00626925 -0.00703457 -0.00728682 -0.00703457 -0.00626925 -0.00498703 -0.00324181 -0.00119245 0.000903008 0.00276263 0.00418415 0.00510708 0.00559864 0.00578867 0.00580534 0.00574212 0.00565452 0.00557037 0.00550098 0.00544893 0.0054126 0.00538875 0.00537394 0.00536521 0.00536031 0.00535769 0.00535636 0.0053557 0.0053554 0.00535526 0.0053552 0.00535518 0.00535517 0.00535516 0.00535516 0.00535516 0.00535516 0.00535516 0.00535516 0.00535516 0.00535516 0.00535516 0.00535516 0.00535516 0.00535516 0.00535516 0.00535516 0.00535516 0.00535516 0.00535516 0.00535516 0.00535516 0.00535516 0.00535516 0.00535516 0.00535516 0.00535516 0.00535516 0.00535516 0.00535516 0.00535516 0.00535516 0.00535516 0.00535516 0.00535516 0.00535516 0.00535516 0.00535516 0.00535516 0.00535516 0.00535516 0.00535516 0.00535516 0.00535516 0.00535516 0.00535516 0.00535516 0.00535516 0.00535516 0.00535516 0.00535516 0.00535516 0.00535516 
0.00535516 0.00535516 0.00535516 0.00535516 0.00535516 0.00535516 0.00535516 0.00535516 0.00535516 0.00535516 0.00535516 0.00535516 0.00535516 0.00535516 0.00535516 0.00535516 0.00535516 0.00535516 0.00535516 0.00535516 0.00535516 0.00535516 0.00535516 0.00535516 0.00535516 0.00535516 0.00535516 0.00535516 0.00535516 0.00535516 0.00535516 0.00535516 0.00535516 0.00535516 0.00535516 0.00535516 0.00535516 0.00535516 0.00535516 0.00535516 0.00535516 0.00535516 0.00535516 0.00535516 0.00535516 0.00535516 0.00535516 0.00535516 0.00535516 0.00535516 0.00535516 0.00535516 0.00535516 0.00535516 0.00535516 0.00535516 0.00535516 0.00535516 0.00535516 0.00535516 0.00535516 0.00535516 0.00535516 0.00535516 0.00535516 0.00535516 0.00535516 0.00535516 0.00535516 0.00535516 0.00535516 0.00535516 0.00535516 0.00535516 0.00535516 0.00535516 0.00535516 0.00535516 0.00535516 0.00535516 0.00535516 0.00535516 0.00535516 0.00535516 0.00535516 0.00535516 0.00535516 0.00535516 0.00535516 0.00535517 0.00535518 0.0053552 0.00535526 0.0053554 0.0053557 0.00535636 0.00535769 0.00536031 0.00536521 0.00537394 0.00538875 0.0054126 0.00544893 0.00550098 0.00557037 0.00565452 0.00574212 0.00580534 0.00578867 0.00559864 0.00510708 0.00418415 0.00276263 0.000903008 -0.00119245 -0.00324181 -0.00498703 -0.00626925 -0.00703457 -0.00728682 -0.00703457 -0.00626925 -0.00498703 -0.00324181 -0.00119245 0.000903008 0.00276263 0.00418415 0.00510708 0.00559864 0.00578867 0.00580534 0.00574212 0.00565452 0.00557037 0.00550098 0.00544893 0.0054126 0.00538875 0.00537394 0.00536521 0.00536031 0.00535769 0.00535636 0.0053557 0.0053554 0.00535526 0.0053552 0.00535518 0.00535517 0.00535516 0.00535516 0.00535516 0.00535516 0.00535516 0.00535516 0.00535516 0.00535516 0.00535516 0.00535516 0.00535516 0.00535516 0.00535516 0.00535516 0.00535516 0.00535516 0.00535516 0.00535516 0.00535516 0.00535516 0.00535516 0.00535516 0.00535516 0.00535516 0.00535516 0.00535516 0.00535516 0.00535516 0.00535516 0.00535516 0.00535516 0.00535516 0.00535516 0.00535516 0.00535516 0.00535516 0.00535516 0.00535516 0.00535516 0.00535516 0.00535516 0.00535516 0.00535516 0.00535516 0.00535516 0.00535516 0.00535516 0.00535516 0.00535516 0.00535516 
0.00535516 0.00535516 0.00535516 0.00535516 0.00535516 0.00535516 0.00535516 0.00535516 0.00535516 0.00535516 0.00535516 0.00535516 0.00535516 0.00535516 0.00535516 0.00535516 0.00535516 0.00535516 0.00535516 0.00535516 0.00535516 0.00535516 0.00535516 0.00535516 0.00535516 0.00535516 0.00535516 0.00535516 0.00535516 0.00535516 0.00535516 0.00535516 0.00535516 0.00535516 0.00535516 0.00535516 0.00535516 0.00535516 0.00535516 0.00535516 0.00535516 0.00535516 0.00535516 0.00535516 0.00535516 0.00535516 0.00535516 0.00535516 0.00535516 0.00535516 0.00535516 0.00535516 0.00535516 0.00535516 0.00535516 0.00535516 0.00535516 0.00535516 0.00535516 0.00535516 0.00535516 0.00535516 0.00535516 0.00535516 0.00535516 0.00535516 0.00535516 0.00535516 0.00535516 0.00535516 0.00535516 0.00535516 0.00535516 0.00535516 0.00535516 0.00535516 0.00535516 0.00535516 0.00535516 0.00535516 0.00535516 0.00535516 0.00535516 0.00535516 0.00535516 0.00535516 0.00535516 0.00535516 0.00535516 0.00535517 0.00535518 0.0053552 0.00535526 0.0053554 0.0053557 0.00535636 0.00535769 0.00536031 0.00536521 0.00537394 0.00538875 0.0054126 0.00544893 0.00550098 0.00557037 0.00565452 0.00574212 0.00580534 0.00578867 0.00559864 0.00510708 0.00418415 0.00276263 0.000903008 -0.00119245 -0.00324181 -0.00498703 -0.00626925 -0.00703457 -0.00728682 -0.00703457 -0.00626925 -0.00498703 -0.00324181 -0.00119245 0.000903008 0.00276263 0.00418415 0.00510708 0.00559864 0.00578867 0.00580534 0.00574212 0.00565452 0.00557037 0.00550098 0.00544893 0.0054126 0.00538875 0.00537394 0.00536521 0.00536031 0.00535769 0.00535636 0.0053557 0.0053554 0.00535526 0.0053552 0.00535518 0.00535517 0.00535516 0.00535516 0.00535516 0.00535516 0.00535516 0.00535516 0.00535516 0.00535516 0.00535516 0.00535516 0.00535516 0.00535516 0.00535516 0.00535516 0.00535516 0.00535516 0.00535516 0.00535516 0.00535516 0.00535516 0.00535516 0.00535516 0.00535516 0.00535516 0.00535516 0.00535516 0.00535516 0.00535516 0.00535516 0.00535516 0.00535516 0.00535516 0.00535516 0.00535516 0.00535516 0.00535516 0.00535516 0.00535516 0.00535516 0.00535516 0.00535516 0.00535516 0.00535516 0.00535516 0.00535516 0.00535516 0.00535516 0.00535516 0.00535516 0.00535516 
0.00535516 0.00535516 0.00535516 0.00535516 0.00535516 0.00535516 0.00535516 0.00535516 0.00535516 0.00535516 0.00535516 0.00535516 0.00535516 0.00535516 0.00535516 0.00535516 0.00535516 0.00535516 0.00535516 0.00535516 0.00535516 0.00535516 0.00535516 0.00535516 0.00535516 0.00535516 0.00535516 0.00535516 0.00535516 0.00535516 0.00535516 0.00535516 0.00535516 0.00535516 0.00535516 0.00535516 0.00535516 0.00535516 0.00535516 0.00535516 0.00535516 0.00535516 0.00535516 0.00535516 0.00535516 0.00535516 0.00535516 0.00535516 0.00535516 0.00535516 0.00535516 0.00535516 0.00535516 0.00535516 0.00535516 0.00535516 0.00535516 0.00535516 0.00535516 0.00535516 0.00535516 0.00535516 0.00535516 0.00535516 0.00535516 0.00535516 0.00535516 0.00535516 0.00535516 0.00535516 0.00535516 0.00535516 0.00535516 0.00535516 0.00535516 0.00535516 0.00535516 0.00535516 0.00535516 0.00535516 0.00535516 0.00535516 0.00535516 0.00535516 0.00535516 0.00535516 0.00535516 0.00535516 0.00535516 0.00535517 0.00535518 0.0053552 0.00535526 0.0053554 0.0053557 0.00535636 0.00535769 0.00536031 0.00536521 0.00537394 0.00538875 0.0054126 0.00544893 0.00550098 0.00557037 0.00565452 0.00574212 0.00580534 0.00578867 0.00559864 0.00510708 0.00418415 0.00276263 0.000903008 -0.00119245 -0.00324181 -0.00498703 -0.00626925 -0.00703457 -0.00728682 -0.00703457 -0.00626925 -0.00498703 -0.00324181 -0.00119245 0.000903008 0.00276263 0.00418415 0.00510708 0.00559864 0.00578867 0.00580534 0.00574212 0.00565452 0.00557037 0.00550098 0.00544893 0.0054126 0.00538875 0.00537394 0.00536521 0.00536031 0.00535769 0.00535636 0.0053557 0.0053554 0.00535526 0.0053552 0.00535518 0.00535517 0.00535516 0.00535516 0.00535516 0.00535516 0.00535516 0.00535516 0.00535516 0.00535516 0.00535516 0.00535516 0.00535516 0.00535516 0.00535516 0.00535516 0.00535516 0.00535516 0.00535516 0.00535516 0.00535516 0.00535516 0.00535516 0.00535516 0.00535516 0.00535516 0.00535516 0.00535516 0.00535516 0.00535516 0.00535516 0.00535516 0.00535516 0.00535516 0.00535516 0.00535516 0.00535516 0.00535516 0.00535516 0.00535516 0.00535516 0.00535516 0.00535516 0.00535516 0.00535516 0.00535516 0.00535516 0.00535516 0.00535516 0.00535516 0.00535516 0.00535516 
0.00535516 0.00535516 0.00535516 0.00535516 0.00535516 0.00535516 0.00535516 0.00535516 0.00535516 0.00535516 0.00535516 0.00535516 0.00535516 0.00535516 0.00535516 0.00535516 0.00535516 0.00535516 0.00535516 0.00535516 0.00535516 0.00535516 0.00535516 0.00535516 0.00535516 0.00535516 0.00535516 0.00535516 0.00535516 0.00535516 0.00535516 0.00535516 0.00535516 0.00535516 0.00535516 0.00535516 0.00535516 0.00535516 0.00535516 0.00535516 0.00535516 0.00535516 0.00535516 0.00535516 0.00535516 0.00535516 0.00535516 0.00535516 0.00535516 0.00535516 0.00535516 0.00535516 0.00535516 0.00535516 0.00535516 0.00535516 0.00535516 0.00535516 0.00535516 0.00535516 0.00535516 0.00535516 0.00535516 0.00535516 0.00535516 0.00535516 0.00535516 0.00535516 0.00535516 0.00535516 0.00535516 0.00535516 0.00535516 0.00535516 0.00535516 0.00535516 0.00535516 0.00535516 0.00535516 0.00535516 0.00535516 0.00535516 0.00535516 0.00535516 0.00535516 0.00535516 0.00535516 0.00535516 0.00535516 0.00535517 0.00535518 0.0053552 0.00535526 0.0053554 0.0053557 0.00535636 0.00535769 0.00536031 0.00536521 0.00537394 0.00538875 0.0054126 0.00544893 0.00550098 0.00557037 0.00565452 0.00574212 0.00580534 0.00578867 0.00559864 0.00510708 0.00418415 0.00276263 0.000903008 -0.00119245 -0.00324181 -0.00498703 -0.00626925 -0.00703457 -0.00728682 -0.00703457 -0.00626925 -0.00498703 -0.00324181 -0.00119245 0.000903008 0.00276263 0.00418415 0.00510708 0.00559864 0.00578867 0.00580534 0.00574212 0.00565452 0.00557037 0.00550098 0.00544893 0.0054126 0.00538875 0.00537394 0.00536521 0.00536031 0.00535769 0.00535636 0.0053557 0.0053554 0.00535526 0.0053552 0.00535518 0.00535517 0.00535516 0.00535516 0.00535516 0.00535516 0.00535516 0.00535516 0.00535516 0.00535516 0.00535516 0.00535516 0.00535516 0.00535516 0.00535516 0.00535516 0.00535516 0.00535516 0.00535516 0.00535516 0.00535516 0.00535516 0.00535516 0.00535516 0.00535516 0.00535516 0.00535516 0.00535516 0.00535516 0.00535516 0.00535516 0.00535516 0.00535516 0.00535516 0.00535516 0.00535516 0.00535516 0.00535516 0.00535516 0.00535516 0.00535516 0.00535516 0.00535516 0.00535516 0.00535516 0.00535516 0.00535516 0.00535516 0.00535516 0.00535516 0.00535516 0.00535516 
0.00535516 0.00535516 0.00535516 0.00535516 0.00535516 0.00535516 0.00535516 0.00535516 0.00535516 0.00535516 0.00535516 0.00535516 0.00535516 0.00535516 0.00535516 0.00535516 0.00535516 0.00535516 0.00535516 0.00535516 0.00535516 0.00535516 0.00535516 0.00535516 0.00535516 0.00535516 0.00535516 0.00535516 0.00535516 0.00535516 0.00535516 0.00535516 0.00535516 0.00535516 0.00535516 0.00535516 0.00535516 0.00535516 0.00535516 0.00535516 0.00535516 0.00535516 0.00535516 0.00535516 0.00535516 0.00535516 0.00535516 0.00535516 0.00535516 0.00535516 0.00535516 0.00535516 0.00535516 0.00535516 0.00535516 0.00535516 0.00535516 0.00535516 0.00535516 0.00535516 0.00535516 0.00535516 0.00535516 0.00535516 0.00535516 0.00535516 0.00535516 0.00535516 0.00535516 0.00535516 0.00535516 0.00535516 0.00535516 0.00535516 0.00535516 0.00535516 0.00535516 0.00535516 0.00535516 0.00535516 0.00535516 0.00535516 0.00535516 0.00535516 0.00535516 0.00535516 0.00535516 0.00535516 0.00535516 0.00535517 0.00535518 0.0053552 0.00535526 0.0053554 0.0053557 0.00535636 0.00535769 0.00536031 0.00536521 0.00537394 0.00538875 0.0054126 0.00544893 0.00550098 0.00557037 0.00565452 0.00574212 0.00580534 0.00578867 0.00559864 0.00510708 0.00418415 0.00276263 0.000903008 -0.00119245 -0.00324181 -0.00498703 -0.00626925 -0.00703457 -0.00728682 -0.00703457 -0.00626925 -0.00498703 -0.00324181 -0.00119245 0.000903008 0.00276263 0.00418415 0.00510708 0.00559864 0.00578867 0.00580534 0.00574212 0.00565452 0.00557037 0.00550098 0.00544893 0.0054126 0.00538875 0.00537394 0.00536521 0.00536031 0.00535769 0.00535636 0.0053557 0.0053554 0.00535526 0.0053552 0.00535518 0.00535517 0.00535516 0.00535516 0.00535516 0.00535516 0.00535516 0.00535516 0.00535516 0.00535516 0.00535516 0.00535516 0.00535516 0.00535516 0.00535516 0.00535516 0.00535516 0.00535516 0.00535516 0.00535516 0.00535516 0.00535516 0.00535516 0.00535516 0.00535516 0.00535516 0.00535516 0.00535516 0.00535516 0.00535516 0.00535516 0.00535516 0.00535516 0.00535516 0.00535516 0.00535516 0.00535516 0.00535516 0.00535516 0.00535516 0.00535516 0.00535516 0.00535516 0.00535516 0.00535516 0.00535516 0.00535516 0.00535516 0.00535516 0.00535516 0.00535516 0.00535516 
0.00535516 0.00535516 0.00535516 0.00535516 0.00535516 0.00535516 0.00535516 0.00535516 0.00535516 0.00535516 0.00535516 0.00535516 0.00535516 0.00535516 0.00535516 0.00535516 0.00535516 0.00535516 0.00535516 0.00535516 0.00535516 0.00535516 0.00535516 0.00535516 0.00535516 0.00535516 0.00535516 0.00535516 0.00535516 0.00535516 0.00535516 0.00535516 0.00535516 0.00535516 0.00535516 0.00535516 0.00535516 0.00535516 0.00535516 0.00535516 0.00535516 0.00535516 0.00535516 0.00535516 0.00535516 0.00535516 0.00535516 0.00535516 0.00535516 0.00535516 0.00535516 0.00535516 0.00535516 0.00535516 0.00535516 0.00535516 0.00535516 0.00535516 0.00535516 0.00535516 0.00535516 0.00535516 0.00535516 0.00535516 0.00535516 0.00535516 0.00535516 0.00535516 0.00535516 0.00535516 0.00535516 0.00535516 0.00535516 0.00535516 0.00535516 0.00535516 0.00535516 0.00535516 0.00535516 0.00535516 0.00535516 0.00535516 0.00535516 0.00535516 0.00535516 0.00535516 0.00535516 0.00535516 0.00535516 0.00535517 0.00535518 0.0053552 0.00535526 0.0053554 0.0053557 0.00535636 0.00535769 0.00536031 0.00536521 0.00537394 0.00538875 0.0054126 0.00544893 0.00550098 0.00557037 0.00565452 0.00574212 0.00580534 0.00578867 0.00559864 0.00510708 0.00418415 0.00276263 0.000903008 -0.00119245 -0.00324181 -0.00498703 -0.00626925 -0.00703457 -0.00728682 -0.00703457 -0.00626925 -0.00498703 -0.00324181 -0.00119245 0.000903008 0.00276263 0.00418415 0.00510708 0.00559864 0.00578867 0.00580534 0.00574212 0.00565452 0.00557037 0.00550098 0.00544893 0.0054126 0.00538875 0.00537394 0.00536521 0.00536031 0.00535769 0.00535636 0.0053557 0.0053554 0.00535526 0.0053552 0.00535518 0.00535517 0.00535516 0.00535516 0.00535516 0.00535516 0.00535516 0.00535516 0.00535516 0.00535516 0.00535516 0.00535516 0.00535516 0.00535516 0.00535516 0.00535516 0.00535516 0.00535516 0.00535516 0.00535516 0.00535516 0.00535516 0.00535516 0.00535516 0.00535516 0.00535516 0.00535516 0.00535516 0.00535516 0.00535516 0.00535516 0.00535516 0.00535516 0.00535516 0.00535516 0.00535516 0.00535516 0.00535516 0.00535516 0.00535516 0.00535516 0.00535516 0.00535516 0.00535516 0.00535516 0.00535516 0.00535516 0.00535516 0.00535516 0.00535516 0.00535516 0.00535516 
0.00535516 0.00535516 0.00535516 0.00535516 0.00535516 0.00535516 0.00535516 0.00535516 0.00535516 0.00535516 0.00535516 0.00535516 0.00535516 0.00535516 0.00535516 0.00535516 0.00535516 0.00535516 0.00535516 0.00535516 0.00535516 0.00535516 0.00535516 0.00535516 0.00535516 0.00535516 0.00535516 0.00535516 0.00535516 0.00535516 0.00535516 0.00535516 0.00535516 0.00535516 0.00535516 0.00535516 0.00535516 0.00535516 0.00535516 0.00535516 0.00535516 0.00535516 0.00535516 0.00535516 0.00535516 0.00535516 0.00535516 0.00535516 0.00535516 0.00535516 0.00535516 0.00535516 0.00535516 0.00535516 0.00535516 0.00535516 0.00535516 0.00535516 0.00535516 0.00535516 0.00535516 0.00535516 0.00535516 0.00535516 0.00535516 0.00535516 0.00535516 0.00535516 0.00535516 0.00535516 0.00535516 0.00535516 0.00535516 0.00535516 0.00535516 0.00535516 0.00535516 0.00535516 0.00535516 0.00535516 0.00535516 0.00535516 0.00535516 0.00535516 0.00535516 0.00535516 0.00535516 0.00535516 0.00535516 0.00535517 0.00535518 0.0053552 0.00535526 0.0053554 0.0053557 0.00535636 0.00535769 0.00536031 0.00536521 0.00537394 0.00538875 0.0054126 0.00544893 0.00550098 0.00557037 0.00565452 0.00574212 0.00580534 0.00578867 0.00559864 0.00510708 0.00418415 0.00276263 0.000903008 -0.00119245 -0.00324181 -0.00498703 -0.00626925 -0.00703457 -0.00728682 -0.00703457 -0.00626925 -0.00498703 -0.00324181 -0.00119245 0.000903008 0.00276263 0.00418415 0.00510708 0.00559864 0.00578867 0.00580534 0.00574212 0.00565452 0.00557037 0.00550098 0.00544893 0.0054126 0.00538875 0.00537394 0.00536521 0.00536031 0.00535769 0.00535636 0.0053557 0.0053554 0.00535526 0.0053552 0.00535518 0.00535517 0.00535516 0.00535516 0.00535516 0.00535516 0.00535516 0.00535516 0.00535516 0.00535516 0.00535516 0.00535516 0.00535516 0.00535516 0.00535516 0.00535516 0.00535516 0.00535516 0.00535516 0.00535516 0.00535516 0.00535516 0.00535516 0.00535516 0.00535516 0.00535516 0.00535516 0.00535516 0.00535516 0.00535516 0.00535516 0.00535516 0.00535516 0.00535516 0.00535516 0.00535516 0.00535516 0.00535516 0.00535516 0.00535516 0.00535516 0.00535516 0.00535516 0.00535516 0.00535516 0.00535516 0.00535516 0.00535516 0.00535516 0.00535516 0.00535516 0.00535516 
0.00535516 0.00535516 0.00535516 0.00535516 0.00535516 0.00535516 0.00535516 0.00535516 0.00535516 0.00535516 0.00535516 0.00535516 0.00535516 0.00535516 0.00535516 0.00535516 0.00535516 0.00535516 0.00535516 0.00535516 0.00535516 0.00535516 0.00535516 0.00535516 0.00535516 0.00535516 0.00535516 0.00535516 0.00535516 0.00535516 0.00535516 0.00535516 0.00535516 0.00535516 0.00535516 0.00535516 0.00535516 0.00535516 0.00535516 0.00535516 0.00535516 0.00535516 0.00535516 0.00535516 0.00535516 0.00535516 0.00535516 0.00535516 0.00535516 0.00535516 0.00535516 0.00535516 0.00535516 0.00535516 0.00535516 0.00535516 0.00535516 0.00535516 0.00535516 0.00535516 0.00535516 0.00535516 0.00535516 0.00535516 0.00535516 0.00535516 0.00535516 0.00535516 0.00535516 0.00535516 0.00535516 0.00535516 0.00535516 0.00535516 0.00535516 0.00535516 0.00535516 0.00535516 0.00535516 0.00535516 0.00535516 0.00535516 0.00535516 0.00535516 0.00535516 0.00535516 0.00535516 0.00535516 0.00535516 0.00535517 0.00535518 0.0053552 0.00535526 0.0053554 0.0053557 0.00535636 0.00535769 0.00536031 0.00536521 0.00537394 0.00538875 0.0054126 0.00544893 0.00550098 0.00557037 0.00565452 0.00574212 0.00580534 0.00578867 0.00559864 0.00510708 0.00418415 0.00276263 0.000903008 -0.00119245 -0.00324181 -0.00498703 -0.00626925 -0.00703457 -0.00728682 -0.00703457 -0.00626925 -0.00498703 -0.00324181 -0.00119245 0.000903008 0.00276263 0.00418415 0.00510708 0.00559864 0.00578867 0.00580534 0.00574212 0.00565452 0.00557037 0.00550098 0.00544893 0.0054126 0.00538875 0.00537394 0.00536521 0.00536031 0.00535769 0.00535636 0.0053557 0.0053554 0.00535526 0.0053552 0.00535518 0.00535517 0.00535516 0.00535516 0.00535516 0.00535516 0.00535516 0.00535516 0.00535516 0.00535516 0.00535516 0.00535516 0.00535516 0.00535516 0.00535516 0.00535516 0.00535516 0.00535516 0.00535516 0.00535516 0.00535516 0.00535516 0.00535516 0.00535516 0.00535516 0.00535516 0.00535516 0.00535516 0.00535516 0.00535516 0.00535516 0.00535516 0.00535516 0.00535516 0.00535516 0.00535516 0.00535516 0.00535516 0.00535516 0.00535516 0.00535516 0.00535516 0.00535516 0.00535516 0.00535516 0.00535516 0.00535516 0.00535516 0.00535516 0.00535516 0.00535516 0.00535516 
0.00535516 0.00535516 0.00535516 0.00535516 0.00535516 0.00535516 0.00535516 0.00535516 0.00535516 0.00535516 0.00535516 0.00535516 0.00535516 0.00535516 0.00535516 0.00535516 0.00535516 0.00535516 0.00535516 0.00535516 0.00535516 0.00535516 0.00535516 0.00535516 0.00535516 0.00535516 0.00535516 0.00535516 0.00535516 0.00535516 0.00535516 0.00535516 0.00535516 0.00535516 0.00535516 0.00535516 0.00535516 0.00535516 0.00535516 0.00535516 0.00535516 0.00535516 0.00535516 0.00535516 0.00535516 0.00535516 0.00535516 0.00535516 0.00535516 0.00535516 0.00535516 0.00535516 0.00535516 0.00535516 0.00535516 0.00535516 0.00535516 0.00535516 0.00535516 0.00535516 0.00535516 0.00535516 0.00535516 0.00535516 0.00535516 0.00535516 0.00535516 0.00535516 0.00535516 0.00535516 0.00535516 0.00535516 0.00535516 0.00535516 0.00535516 0.00535516 0.00535516 0.00535516 0.00535516 0.00535516 0.00535516 0.00535516 0.00535516 0.00535516 0.00535516 0.00535516 0.00535516 0.00535516 0.00535516 0.00535517 0.00535518 0.0053552 0.00535526 0.0053554 0.0053557 0.00535636 0.00535769 0.00536031 0.00536521 0.00537394 0.00538875 0.0054126 0.00544893 0.00550098 0.00557037 0.00565452 0.00574212 0.00580534 0.00578867 0.00559864 0.00510708 0.00418415 0.00276263 0.000903008 -0.00119245 -0.00324181 -0.00498703 -0.00626925 -0.00703457 -0.00728682 -0.00703457 -0.00626925 -0.00498703 -0.00324181 -0.00119245 0.000903008 0.00276263 0.00418415 0.00510708 0.00559864 0.00578867 0.00580534 0.00574212 0.00565452 0.00557037 0.00550098 0.00544893 0.0054126 0.00538875 0.00537394 0.00536521 0.00536031 0.00535769 0.00535636 0.0053557 0.0053554 0.00535526 0.0053552 0.00535518 0.00535517 0.00535516 0.00535516 0.00535516 0.00535516 0.00535516 0.00535516 0.00535516 0.00535516 0.00535516 0.00535516 0.00535516 0.00535516 0.00535516 0.00535516 0.00535516 0.00535516 0.00535516 0.00535516 0.00535516 0.00535516 0.00535516 0.00535516 0.00535516 0.00535516 0.00535516 0.00535516 0.00535516 0.00535516 0.00535516 0.00535516 0.00535516 0.00535516 0.00535516 0.00535516 0.00535516 0.00535516 0.00535516 0.00535516 0.00535516 0.00535516 0.00535516 0.00535516 0.00535516 0.00535516 0.00535516 0.00535516 0.00535516 0.00535516 0.00535516 0.00535516 
0.00535516 0.00535516 0.00535516 0.00535516 0.00535516 0.00535516 0.00535516 0.00535516 0.00535516 0.00535516 0.00535516 0.00535516 0.00535516 0.00535516 0.00535516 0.00535516 0.00535516 0.00535516 0.00535516 0.00535516 0.00535516 0.00535516 0.00535516 0.00535516 0.00535516 0.00535516 0.00535516 0.00535516 0.00535516 0.00535516 0.00535516 0.00535516 0.00535516 0.00535516 0.00535516 0.00535516 0.00535516 0.00535516 0.00535516 0.00535516 0.00535516 0.00535516 0.00535516 0.00535516 0.00535516 0.00535516 0.00535516 0.00535516 0.00535516 0.00535516 0.00535516 0.00535516 0.00535516 0.00535516 0.00535516 0.00535516 0.00535516 0.00535516 0.00535516 0.00535516 0.00535516 0.00535516 0.00535516 0.00535516 0.00535516 0.00535516 0.00535516 0.00535516 0.00535516 0.00535516 0.00535516 0.00535516 0.00535516 0.00535516 0.00535516 0.00535516 0.00535516 0.00535516 0.00535516 0.00535516 0.00535516 0.00535516 0.00535516 0.00535516 0.00535516 0.00535516 0.00535516 0.00535516 0.00535516 0.00535517 0.00535518 0.0053552 0.00535526 0.0053554 0.0053557 0.00535636 0.00535769 0.00536031 0.00536521 0.00537394 0.00538875 0.0054126 0.00544893 0.00550098 0.00557037 0.00565452 0.00574212 0.00580534 0.00578867 0.00559864 0.00510708 0.00418415 0.00276263 0.000903008 -0.00119245 -0.00324181 -0.00498703 -0.00626925 -0.00703457 -0.00728682 -0.00703457 -0.00626925 -0.00498703 -0.00324181 -0.00119245 0.000903008 0.00276263 0.00418415 0.00510708 0.00559864 0.00578867 0.00580534 0.00574212 0.00565452 0.00557037 0.00550098 0.00544893 0.0054126 0.00538875 0.00537394 0.00536521 0.00536031 0.00535769 0.00535636 0.0053557 0.0053554 0.00535526 0.0053552 0.00535518 0.00535517 0.00535516 0.00535516 0.00535516 0.00535516 0.00535516 0.00535516 0.00535516 0.00535516 0.00535516 0.00535516 0.00535516 0.00535516 0.00535516 0.00535516 0.00535516 0.00535516 0.00535516 0.00535516 0.00535516 0.00535516 0.00535516 0.00535516 0.00535516 0.00535516 0.00535516 0.00535516 0.00535516 0.00535516 0.00535516 0.00535516 0.00535516 0.00535516 0.00535516 0.00535516 0.00535516 0.00535516 0.00535516 0.00535516 0.00535516 0.00535516 0.00535516 0.00535516 0.00535516 0.00535516 0.00535516 0.00535516 0.00535516 0.00535516 0.00535516 0.00535516 
0.00535516 0.00535516 0.00535516 0.00535516 0.00535516 0.00535516 0.00535516 0.00535516 0.00535516 0.00535516 0.00535516 0.00535516 0.00535516 0.00535516 0.00535516 0.00535516 0.00535516 0.00535516 0.00535516 0.00535516 0.00535516 0.00535516 0.00535516 0.00535516 0.00535516 0.00535516 0.00535516 0.00535516 0.00535516 0.00535516 0.00535516 0.00535516 0.00535516 0.00535516 0.00535516 0.00535516 0.00535516 0.00535516 0.00535516 0.00535516 0.00535516 0.00535516 0.00535516 0.00535516 0.00535516 0.00535516 0.00535516 0.00535516 0.00535516 0.00535516 0.00535516 0.00535516 0.00535516 0.00535516 0.00535516 0.00535516 0.00535516 0.00535516 0.00535516 0.00535516 0.00535516 0.00535516 0.00535516 0.00535516 0.00535516 0.00535516 0.00535516 0.00535516 0.00535516 0.00535516 0.00535516 0.00535516 0.00535516 0.00535516 0.00535516 0.00535516 0.00535516 0.00535516 0.00535516 0.00535516 0.00535516 0.00535516 0.00535516 0.00535516 0.00535516 0.00535516 0.00535516 0.00535516 0.00535516 0.00535517 0.00535518 0.0053552 0.00535526 0.0053554 0.0053557 0.00535636 0.00535769 0.00536031 0.00536521 0.00537394 0.00538875 0.0054126 0.00544893 0.00550098 0.00557037 0.00565452 0.00574212 0.00580534 0.00578867 0.00559864 0.00510708 0.00418415 0.00276263 0.000903008 -0.00119245 -0.00324181 -0.00498703 -0.00626925 -0.00703457 -0.00728682 -0.00703457 -0.00626925 -0.00498703 -0.00324181 -0.00119245 0.000903008 0.00276263 0.00418415 0.00510708 0.00559864 0.00578867 0.00580534 0.00574212 0.00565452 0.00557037 0.00550098 0.00544893 0.0054126 0.00538875 0.00537394 0.00536521 0.00536031 0.00535769 0.00535636 0.0053557 0.0053554 0.00535526 0.0053552 0.00535518 0.00535517 0.00535516 0.00535516 0.00535516 0.00535516 0.00535516 0.00535516 0.00535516 0.00535516 0.00535516 0.00535516 0.00535516 0.00535516 0.00535516 0.00535516 0.00535516 0.00535516 0.00535516 0.00535516 0.00535516 0.00535516 0.00535516 0.00535516 0.00535516 0.00535516 0.00535516 0.00535516 0.00535516 0.00535516 0.00535516 0.00535516 0.00535516 0.00535516 0.00535516 0.00535516 0.00535516 0.00535516 0.00535516 0.00535516 0.00535516 0.00535516 0.00535516 0.00535516 0.00535516 0.00535516 0.00535516 0.00535516 0.00535516 0.00535516 0.00535516 0.00535516 
0.00535516 0.00535516 0.00535516 0.00535516 0.00535516 0.00535516 0.00535516 0.00535516 0.00535516 0.00535516 0.00535516 0.00535516 0.00535516 0.00535516 0.00535516 0.00535516 0.00535516 0.00535516 0.00535516 0.00535516 0.00535516 0.00535516 0.00535516 0.00535516 0.00535516 0.00535516 0.00535516 0.00535516 0.00535516 0.00535516 0.00535516 0.00535516 0.00535516 0.00535516 0.00535516 0.00535516 0.00535516 0.00535516 0.00535516 0.00535516 0.00535516 0.00535516 0.00535516 0.00535516 0.00535516 0.00535516 0.00535516 0.00535516 0.00535516 0.00535516 0.00535516 0.00535516 0.00535516 0.00535516 0.00535516 0.00535516 0.00535516 0.00535516 0.00535516 0.00535516 0.00535516 0.00535516 0.00535516 0.00535516 0.00535516 0.00535516 0.00535516 0.00535516 0.00535516 0.00535516 0.00535516 0.00535516 0.00535516 0.00535516 0.00535516 0.00535516 0.00535516 0.00535516 0.00535516 0.00535516 0.00535516 0.00535516 0.00535516 0.00535516 0.00535516 0.00535516 0.00535516 0.00535516 0.00535516 0.00535517 0.00535518 0.0053552 0.00535526 0.0053554 0.0053557 0.00535636 0.00535769 0.00536031 0.00536521 0.00537394 0.00538875 0.0054126 0.00544893 0.00550098 0.00557037 0.00565452 0.00574212 0.00580534 0.00578867 0.00559864 0.00510708 0.00418415 0.00276263 0.000903008 -0.00119245 -0.00324181 -0.00498703 -0.00626925 -0.00703457 -0.00728682 -0.00703457 -0.00626925 -0.00498703 -0.00324181 -0.00119245 0.000903008 0.00276263 0.00418415 0.00510708 0.00559864 0.00578867 0.00580534 0.00574212 0.00565452 0.00557037 0.00550098 0.00544893 0.0054126 0.00538875 0.00537394 0.00536521 0.00536031 0.00535769 0.00535636 0.0053557 0.0053554 0.00535526 0.0053552 0.00535518 0.00535517 0.00535516 0.00535516 0.00535516 0.00535516 0.00535516 0.00535516 0.00535516 0.00535516 0.00535516 0.00535516 0.00535516 0.00535516 0.00535516 0.00535516 0.00535516 0.00535516 0.00535516 0.00535516 0.00535516 0.00535516 0.00535516 0.00535516 0.00535516 0.00535516 0.00535516 0.00535516 0.00535516 0.00535516 0.00535516 0.00535516 0.00535516 0.00535516 0.00535516 0.00535516 0.00535516 0.00535516 0.00535516 0.00535516 0.00535516 0.00535516 0.00535516 0.00535516 0.00535516 0.00535516 0.00535516 0.00535516 0.00535516 0.00535516 0.00535516 0.00535516 
0.00535516 0.00535516 0.00535516 0.00535516 0.00535516 0.00535516 0.00535516 0.00535516 0.00535516 0.00535516 0.00535516 0.00535516 0.00535516 0.00535516 0.00535516 0.00535516 0.00535516 0.00535516 0.00535516 0.00535516 0.00535516 0.00535516 0.00535516 0.00535516 0.00535516 0.00535516 0.00535516 0.00535516 0.00535516 0.00535516 0.00535516 0.00535516 0.00535516 0.00535516 0.00535516 0.00535516 0.00535516 0.00535516 0.00535516 0.00535516 0.00535516 0.00535516 0.00535516 0.00535516 0.00535516 0.00535516 0.00535516 0.00535516 0.00535516 0.00535516 0.00535516 0.00535516 0.00535516 0.00535516 0.00535516 0.00535516 0.00535516 0.00535516 0.00535516 0.00535516 0.00535516 0.00535516 0.00535516 0.00535516 0.00535516 0.00535516 0.00535516 0.00535516 0.00535516 0.00535516 0.00535516 0.00535516 0.00535516 0.00535516 0.00535516 0.00535516 0.00535516 0.00535516 0.00535516 0.00535516 0.00535516 0.00535516 0.00535516 0.00535516 0.00535516 0.00535516 0.00535516 0.00535516 0.00535516 0.00535517 0.00535518 0.0053552 0.00535526 0.0053554 0.0053557 0.00535636 0.00535769 0.00536031 0.00536521 0.00537394 0.00538875 0.0054126 0.00544893 0.00550098 0.00557037 0.00565452 0.00574212 0.00580534 0.00578867 0.00559864 0.00510708 0.00418415 0.00276263 0.000903008 -0.00119245 -0.00324181 -0.00498703 -0.00626925 -0.00703457 -0.00728682 -0.00703457 -0.00626925 -0.00498703 -0.00324181 -0.00119245 0.000903008 0.00276263 0.00418415 0.00510708 0.00559864 0.00578867 0.00580534 0.00574212 0.00565452 0.00557037 0.00550098 0.00544893 0.0054126 0.00538875 0.00537394 0.00536521 0.00536031 0.00535769 0.00535636 0.0053557 0.0053554 0.00535526 0.0053552 0.00535518 0.00535517 0.00535516 0.00535516 0.00535516 0.00535516 0.00535516 0.00535516 0.00535516 0.00535516 0.00535516 0.00535516 0.00535516 0.00535516 0.00535516 0.00535516 0.00535516 0.00535516 0.00535516 0.00535516 0.00535516 0.00535516 0.00535516 0.00535516 0.00535516 0.00535516 0.00535516 0.00535516 0.00535516 0.00535516 0.00535516 0.00535516 0.00535516 0.00535516 0.00535516 0.00535516 0.00535516 0.00535516 0.00535516 0.00535516 0.00535516 0.00535516 0.00535516 0.00535516 0.00535516 0.00535516 0.00535516 0.00535516 0.00535516 0.00535516 0.00535516 0.00535516 
0.00535516 0.00535516 0.00535516 0.00535516 0.00535516 0.00535516 0.00535516 0.00535516 0.00535516 0.00535516 0.00535516 0.00535516 0.00535516 0.00535516 0.00535516 0.00535516 0.00535516 0.00535516 0.00535516 0.00535516 0.00535516 0.00535516 0.00535516 0.00535516 0.00535516 0.00535516 0.00535516 0.00535516 0.00535516 0.00535516 0.00535516 0.00535516 0.00535516 0.00535516 0.00535516 0.00535516 0.00535516 0.00535516 0.00535516 0.00535516 0.00535516 0.00535516 0.00535516 0.00535516 0.00535516 0.00535516 0.00535516 0.00535516 0.00535516 0.00535516 0.00535516 0.00535516 0.00535516 0.00535516 0.00535516 0.00535516 0.00535516 0.00535516 0.00535516 0.00535516 0.00535516 0.00535516 0.00535516 0.00535516 0.00535516 0.00535516 0.00535516 0.00535516 0.00535516 0.00535516 0.00535516 0.00535516 0.00535516 0.00535516 0.00535516 0.00535516 0.00535516 0.00535516 0.00535516 0.00535516 0.00535516 0.00535516 0.00535516 0.00535516 0.00535516 0.00535516 0.00535516 0.00535516 0.00535516 0.00535517 0.00535518 0.0053552 0.00535526 0.0053554 0.0053557 0.00535636 0.00535769 0.00536031 0.00536521 0.00537394 0.00538875 0.0054126 0.00544893 0.00550098 0.00557037 0.00565452 0.00574212 0.00580534 0.00578867 0.00559864 0.00510708 0.00418415 0.00276263 0.000903008 -0.00119245 -0.00324181 -0.00498703 -0.00626925 -0.00703457 -0.00728682 -0.00703457 -0.00626925 -0.00498703 -0.00324181 -0.00119245 0.000903008 0.00276263 0.00418415 0.00510708 0.00559864 0.00578867 0.00580534 0.00574212 0.00565452 0.00557037 0.00550098 0.00544893 0.0054126 0.00538875 0.00537394 0.00536521 0.00536031 0.00535769 0.00535636 0.0053557 0.0053554 0.00535526 0.0053552 0.00535518 0.00535517 0.00535516 0.00535516 0.00535516 0.00535516 0.00535516 0.00535516 0.00535516 0.00535516 0.00535516 0.00535516 0.00535516 0.00535516 0.00535516 0.00535516 0.00535516 0.00535516 0.00535516 0.00535516 0.00535516 0.00535516 0.00535516 0.00535516 0.00535516 0.00535516 0.00535516 0.00535516 0.00535516 0.00535516 0.00535516 0.00535516 0.00535516 0.00535516 0.00535516 0.00535516 0.00535516 0.00535516 0.00535516 0.00535516 0.00535516 0.00535516 0.00535516 0.00535516 0.00535516 0.00535516 0.00535516 0.00535516 0.00535516 0.00535516 0.00535516 0.00535516 
0.00535516 0.00535516 0.00535516 0.00535516 0.00535516 0.00535516 0.00535516 0.00535516 0.00535516 0.00535516 0.00535516 0.00535516 0.00535516 0.00535516 0.00535516 0.00535516 0.00535516 0.00535516 0.00535516 0.00535516 0.00535516 0.00535516 0.00535516 0.00535516 0.00535516 0.00535516 0.00535516 0.00535516 0.00535516 0.00535516 0.00535516 0.00535516 0.00535516 0.00535516 0.00535516 0.00535516 0.00535516 0.00535516 0.00535516 0.00535516 0.00535516 0.00535516 0.00535516 0.00535516 0.00535516 0.00535516 0.00535516 0.00535516 0.00535516 0.00535516 0.00535516 0.00535516 0.00535516 0.00535516 0.00535516 0.00535516 0.00535516 0.00535516 0.00535516 0.00535516 0.00535516 0.00535516 0.00535516 0.00535516 0.00535516 0.00535516 0.00535516 0.00535516 0.00535516 0.00535516 0.00535516 0.00535516 0.00535516 0.00535516 0.00535516 0.00535516 0.00535516 0.00535516 0.00535516 0.00535516 0.00535516 0.00535516 0.00535516 0.00535516 0.00535516 0.00535516 0.00535516 0.00535516 0.00535516 0.00535517 0.00535518 0.0053552 0.00535526 0.0053554 0.0053557 0.00535636 0.00535769 0.00536031 0.00536521 0.00537394 0.00538875 0.0054126 0.00544893 0.00550098 0.00557037 0.00565452 0.00574212 0.00580534 0.00578867 0.00559864 0.00510708 0.00418415 0.00276263 0.000903008 -0.00119245 -0.00324181 -0.00498703 -0.00626925 -0.00703457 -0.00728682 -0.00703457 -0.00626925 -0.00498703 -0.00324181 -0.00119245 0.000903008 0.00276263 0.00418415 0.00510708 0.00559864 0.00578867 0.00580534 0.00574212 0.00565452 0.00557037 0.00550098 0.00544893 0.0054126 0.00538875 0.00537394 0.00536521 0.00536031 0.00535769 0.00535636 0.0053557 0.0053554 0.00535526 0.0053552 0.00535518 0.00535517 0.00535516 0.00535516 0.00535516 0.00535516 0.00535516 0.00535516 0.00535516 0.00535516 0.00535516 0.00535516 0.00535516 0.00535516 0.00535516 0.00535516 0.00535516 0.00535516 0.00535516 0.00535516 0.00535516 0.00535516 0.00535516 0.00535516 0.00535516 0.00535516 0.00535516 0.00535516 0.00535516 0.00535516 0.00535516 0.00535516 0.00535516 0.00535516 0.00535516 0.00535516 0.00535516 0.00535516 0.00535516 0.00535516 0.00535516 0.00535516 0.00535516 0.00535516 0.00535516 0.00535516 0.00535516 0.00535516 0.00535516 0.00535516 0.00535516 0.00535516 
0.00535516 0.00535516 0.00535516 0.00535516 0.00535516 0.00535516 0.00535516 0.00535516 0.00535516 0.00535516 0.00535516 0.00535516 0.00535516 0.00535516 0.00535516 0.00535516 0.00535516 0.00535516 0.00535516 0.00535516 0.00535516 0.00535516 0.00535516 0.00535516 0.00535516 0.00535516 0.00535516 0.00535516 0.00535516 0.00535516 0.00535516 0.00535516 0.00535516 0.00535516 0.00535516 0.00535516 0.00535516 0.00535516 0.00535516 0.00535516 0.00535516 0.00535516 0.00535516 0.00535516 0.00535516 0.00535516 0.00535516 0.00535516 0.00535516 0.00535516 0.00535516 0.00535516 0.00535516 0.00535516 0.00535516 0.00535516 0.00535516 0.00535516 0.00535516 0.00535516 0.00535516 0.00535516 0.00535516 0.00535516 0.00535516 0.00535516 0.00535516 0.00535516 0.00535516 0.00535516 0.00535516 0.00535516 0.00535516 0.00535516 0.00535516 0.00535516 0.00535516 0.00535516 0.00535516 0.00535516 0.00535516 0.00535516 0.00535516 0.00535516 0.00535516 0.00535516 0.00535516 0.00535516 0.00535516 0.00535517 0.00535518 0.0053552 0.00535526 0.0053554 0.0053557 0.00535636 0.00535769 0.00536031 0.00536521 0.00537394 0.00538875 0.0054126 0.00544893 0.00550098 0.00557037 0.00565452 0.00574212 0.00580534 0.00578867 0.00559864 0.00510708 0.00418415 0.00276263 0.000903008 -0.00119245 -0.00324181 -0.00498703 -0.00626925 -0.00703457 -0.00728682 -0.00703457 -0.00626925 -0.00498703 -0.00324181 -0.00119245 0.000903008 0.00276263 0.00418415 0.00510708 0.00559864 0.00578867 0.00580534 0.00574212 0.00565452 0.00557037 0.00550098 0.00544893 0.0054126 0.00538875 0.00537394 0.00536521 0.00536031 0.00535769 0.00535636 0.0053557 0.0053554 0.00535526 0.0053552 0.00535518 0.00535517 0.00535516 0.00535516 0.00535516 0.00535516 0.00535516 0.00535516 0.00535516 0.00535516 0.00535516 0.00535516 0.00535516 0.00535516 0.00535516 0.00535516 0.00535516 0.00535516 0.00535516 0.00535516 0.00535516 0.00535516 0.00535516 0.00535516 0.00535516 0.00535516 0.00535516 0.00535516 0.00535516 0.00535516 0.00535516 0.00535516 0.00535516 0.00535516 0.00535516 0.00535516 0.00535516 0.00535516 0.00535516 0.00535516 0.00535516 0.00535516 0.00535516 0.00535516 0.00535516 0.00535516 0.00535516 0.00535516 0.00535516 0.00535516 0.00535516 0.00535516 
0.00535516 0.00535516 0.00535516 0.00535516 0.00535516 0.00535516 0.00535516 0.00535516 0.00535516 0.00535516 0.00535516 0.00535516 0.00535516 0.00535516 0.00535516 0.00535516 0.00535516 0.00535516 0.00535516 0.00535516 0.00535516 0.00535516 0.00535516 0.00535516 0.00535516 0.00535516 0.00535516 0.00535516 0.00535516 0.00535516 0.00535516 0.00535516 0.00535516 0.00535516 0.00535516 0.00535516 0.00535516 0.00535516 0.00535516 0.00535516 0.00535516 0.00535516 0.00535516 0.00535516 0.00535516 0.00535516 0.00535516 0.00535516 0.00535516 0.00535516 0.00535516 0.00535516 0.00535516 0.00535516 0.00535516 0.00535516 0.00535516 0.00535516 0.00535516 0.00535516 0.00535516 0.00535516 0.00535516 0.00535516 0.00535516 0.00535516 0.00535516 0.00535516 0.00535516 0.00535516 0.00535516 0.00535516 0.00535516 0.00535516 0.00535516 0.00535516 0.00535516 0.00535516 0.00535516 0.00535516 0.00535516 0.00535516 0.00535516 0.00535516 0.00535516 0.00535516 0.00535516 0.00535516 0.00535516 0.00535517 0.00535518 0.0053552 0.00535526 0.0053554 0.0053557 0.00535636 0.00535769 0.00536031 0.00536521 0.00537394 0.00538875 0.0054126 0.00544893 0.00550098 0.00557037 0.00565452 0.00574212 0.00580534 0.00578867 0.00559864 0.00510708 0.00418415 0.00276263 0.000903008 -0.00119245 -0.00324181 -0.00498703 -0.00626925 -0.00703457 -0.00728682 -0.00703457 -0.00626925 -0.00498703 -0.00324181 -0.00119245 0.000903008 0.00276263 0.00418415 0.00510708 0.00559864 0.00578867 0.00580534 0.00574212 0.00565452 0.00557037 0.00550098 0.00544893 0.0054126 0.00538875 0.00537394 0.00536521 0.00536031 0.00535769 0.00535636 0.0053557 0.0053554 0.00535526 0.0053552 0.00535518 0.00535517 0.00535516 0.00535516 0.00535516 0.00535516 0.00535516 0.00535516 0.00535516 0.00535516 0.00535516 0.00535516 0.00535516 0.00535516 0.00535516 0.00535516 0.00535516 0.00535516 0.00535516 0.00535516 0.00535516 0.00535516 0.00535516 0.00535516 0.00535516 0.00535516 0.00535516 0.00535516 0.00535516 0.00535516 0.00535516 0.00535516 0.00535516 0.00535516 0.00535516 0.00535516 0.00535516 0.00535516 0.00535516 0.00535516 0.00535516 0.00535516 0.00535516 0.00535516 0.00535516 0.00535516 0.00535516 0.00535516 0.00535516 0.00535516 0.00535516 0.00535516 
0.00535516 0.00535516 0.00535516 0.00535516 0.00535516 0.00535516 0.00535516 0.00535516 0.00535516 0.00535516 0.00535516 0.00535516 0.00535516 0.00535516 0.00535516 0.00535516 0.00535516 0.00535516 0.00535516 0.00535516 0.00535516 0.00535516 0.00535516 0.00535516 0.00535516 0.00535516 0.00535516 0.00535516 0.00535516 0.00535516 0.00535516 0.00535516 0.00535516 0.00535516 0.00535516 0.00535516 0.00535516 0.00535516 0.00535516 0.00535516 0.00535516 0.00535516 0.00535516 0.00535516 0.00535516 0.00535516 0.00535516 0.00535516 0.00535516 0.00535516 0.00535516 0.00535516 0.00535516 0.00535516 0.00535516 0.00535516 0.00535516 0.00535516 0.00535516 0.00535516 0.00535516 0.00535516 0.00535516 0.00535516 0.00535516 0.00535516 0.00535516 0.00535516 0.00535516 0.00535516 0.00535516 0.00535516 0.00535516 0.00535516 0.00535516 0.00535516 0.00535516 0.00535516 0.00535516 0.00535516 0.00535516 0.00535516 0.00535516 0.00535516 0.00535516 0.00535516 0.00535516 0.00535516 0.00535516 0.00535517 0.00535518 0.0053552 0.00535526 0.0053554 0.0053557 0.00535636 0.00535769 0.00536031 0.00536521 0.00537394 0.00538875 0.0054126 0.00544893 0.00550098 0.00557037 0.00565452 0.00574212 0.00580534 0.00578867 0.00559864 0.00510708 0.00418415 0.00276263 0.000903008 -0.00119245 -0.00324181 -0.00498703 -0.00626925 -0.00703457 -0.00728682 -0.00703457 -0.00626925 -0.00498703 -0.00324181 -0.00119245 0.000903008 0.00276263 0.00418415 0.00510708 0.00559864 0.00578867 0.00580534 0.00574212 0.00565452 0.00557037 0.00550098 0.00544893 0.0054126 0.00538875 0.00537394 0.00536521 0.00536031 0.00535769 0.00535636 0.0053557 0.0053554 0.00535526 0.0053552 0.00535518 0.00535517 0.00535516 0.00535516 0.00535516 0.00535516 0.00535516 0.00535516 0.00535516 0.00535516 0.00535516 0.00535516 0.00535516 0.00535516 0.00535516 0.00535516 0.00535516 0.00535516 0.00535516 0.00535516 0.00535516 0.00535516 0.00535516 0.00535516 0.00535516 0.00535516 0.00535516 0.00535516 0.00535516 0.00535516 0.00535516 0.00535516 0.00535516 0.00535516 0.00535516 0.00535516 0.00535516 0.00535516 0.00535516 0.00535516 0.00535516 0.00535516 0.00535516 0.00535516 0.00535516 0.00535516 0.00535516 0.00535516 0.00535516 0.00535516 0.00535516 0.00535516 
0.00535516 0.00535516 0.00535516 0.00535516 0.00535516 0.00535516 0.00535516 0.00535516 0.00535516 0.00535516 0.00535516 0.00535516 0.00535516 0.00535516 0.00535516 0.00535516 0.00535516 0.00535516 0.00535516 0.00535516 0.00535516 0.00535516 0.00535516 0.00535516 0.00535516 0.00535516 0.00535516 0.00535516 0.00535516 0.00535516 0.00535516 0.00535516 0.00535516 0.00535516 0.00535516 0.00535516 0.00535516 0.00535516 0.00535516 0.00535516 0.00535516 0.00535516 0.00535516 0.00535516 0.00535516 0.00535516 0.00535516 0.00535516 0.00535516 0.00535516 0.00535516 0.00535516 0.00535516 0.00535516 0.00535516 0.00535516 0.00535516 0.00535516 0.00535516 0.00535516 0.00535516 0.00535516 0.00535516 0.00535516 0.00535516 0.00535516 0.00535516 0.00535516 0.00535516 0.00535516 0.00535516 0.00535516 0.00535516 0.00535516 0.00535516 0.00535516 0.00535516 0.00535516 0.00535516 0.00535516 0.00535516 0.00535516 0.00535516 0.00535516 0.00535516 0.00535516 0.00535516 0.00535516 0.00535516 0.00535517 0.00535518 0.0053552 0.00535526 0.0053554 0.0053557 0.00535636 0.00535769 0.00536031 0.00536521 0.00537394 0.00538875 0.0054126 0.00544893 0.00550098 0.00557037 0.00565452 0.00574212 0.00580534 0.00578867 0.00559864 0.00510708 0.00418415 0.00276263 0.000903008 -0.00119245 -0.00324181 -0.00498703 -0.00626925 -0.00703457 -0.00728682 -0.00703457 -0.00626925 -0.00498703 -0.00324181 -0.00119245 0.000903008 0.00276263 0.00418415 0.00510708 0.00559864 0.00578867 0.00580534 0.00574212 0.00565452 0.00557037 0.00550098 0.00544893 0.0054126 0.00538875 0.00537394 0.00536521 0.00536031 0.00535769 0.00535636 0.0053557 0.0053554 0.00535526 0.0053552 0.00535518 0.00535517 0.00535516 0.00535516 0.00535516 0.00535516 0.00535516 0.00535516 0.00535516 0.00535516 0.00535516 0.00535516 0.00535516 0.00535516 0.00535516 0.00535516 0.00535516 0.00535516 0.00535516 0.00535516 0.00535516 0.00535516 0.00535516 0.00535516 0.00535516 0.00535516 0.00535516 0.00535516 0.00535516 0.00535516 0.00535516 0.00535516 0.00535516 0.00535516 0.00535516 0.00535516 0.00535516 0.00535516 0.00535516 0.00535516 0.00535516 0.00535516 0.00535516 0.00535516 0.00535516 0.00535516 0.00535516 0.00535516 0.00535516 0.00535516 0.00535516 0.00535516 
0.00535516 0.00535516 0.00535516 0.00535516 0.00535516 0.00535516 0.00535516 0.00535516 0.00535516 0.00535516 0.00535516 0.00535516 0.00535516 0.00535516 0.00535516 0.00535516 0.00535516 0.00535516 0.00535516 0.00535516 0.00535516 0.00535516 0.00535516 0.00535516 0.00535516 0.00535516 0.00535516 0.00535516 0.00535516 0.00535516 0.00535516 0.00535516 0.00535516 0.00535516 0.00535516 0.00535516 0.00535516 0.00535516 0.00535516 0.00535516 0.00535516 0.00535516 0.00535516 0.00535516 0.00535516 0.00535516 0.00535516 0.00535516 0.00535516 0.00535516 0.00535516 0.00535516 0.00535516 0.00535516 0.00535516 0.00535516 0.00535516 0.00535516 0.00535516 0.00535516 0.00535516 0.00535516 0.00535516 0.00535516 0.00535516 0.00535516 0.00535516 0.00535516 0.00535516 0.00535516 0.00535516 0.00535516 0.00535516 0.00535516 0.00535516 0.00535516 0.00535516 0.00535516 0.00535516 0.00535516 0.00535516 0.00535516 0.00535516 0.00535516 0.00535516 0.00535516 0.00535516 0.00535516 0.00535516 0.00535517 0.00535518 0.0053552 0.00535526 0.0053554 0.0053557 0.00535636 0.00535769 0.00536031 0.00536521 0.00537394 0.00538875 0.0054126 0.00544893 0.00550098 0.00557037 0.00565452 0.00574212 0.00580534 0.00578867 0.00559864 0.00510708 0.00418415 0.00276263 0.000903008 -0.00119245 -0.00324181 -0.00498703 -0.00626925 -0.00703457 -0.00728682 -0.00703457 -0.00626925 -0.00498703 -0.00324181 -0.00119245 0.000903008 0.00276263 0.00418415 0.00510708 0.00559864 0.00578867 0.00580534 0.00574212 0.00565452 0.00557037 0.00550098 0.00544893 0.0054126 0.00538875 0.00537394 0.00536521 0.00536031 0.00535769 0.00535636 0.0053557 0.0053554 0.00535526 0.0053552 0.00535518 0.00535517 0.00535516 0.00535516 0.00535516 0.00535516 0.00535516 0.00535516 0.00535516 0.00535516 0.00535516 0.00535516 0.00535516 0.00535516 0.00535516 0.00535516 0.00535516 0.00535516 0.00535516 0.00535516 0.00535516 0.00535516 0.00535516 0.00535516 0.00535516 0.00535516 0.00535516 0.00535516 0.00535516 0.00535516 0.00535516 0.00535516 0.00535516 0.00535516 0.00535516 0.00535516 0.00535516 0.00535516 0.00535516 0.00535516 0.00535516 0.00535516 0.00535516 0.00535516 0.00535516 0.00535516 0.00535516 0.00535516 0.00535516 0.00535516 0.00535516 0.00535516 
0.00535516 0.00535516 0.00535516 0.00535516 0.00535516 0.00535516 0.00535516 0.00535516 0.00535516 0.00535516 0.00535516 0.00535516 0.00535516 0.00535516 0.00535516 0.00535516 0.00535516 0.00535516 0.00535516 0.00535516 0.00535516 0.00535516 0.00535516 0.00535516 0.00535516 0.00535516 0.00535516 0.00535516 0.00535516 0.00535516 0.00535516 0.00535516 0.00535516 0.00535516 0.00535516 0.00535516 0.00535516 0.00535516 0.00535516 0.00535516 0.00535516 0.00535516 0.00535516 0.00535516 0.00535516 0.00535516 0.00535516 0.00535516 0.00535516 0.00535516 0.00535516 0.00535516 0.00535516 0.00535516 0.00535516 0.00535516 0.00535516 0.00535516 0.00535516 0.00535516 0.00535516 0.00535516 0.00535516 0.00535516 0.00535516 0.00535516 0.00535516 0.00535516 0.00535516 0.00535516 0.00535516 0.00535516 0.00535516 0.00535516 0.00535516 0.00535516 0.00535516 0.00535516 0.00535516 0.00535516 0.00535516 0.00535516 0.00535516 0.00535516 0.00535516 0.00535516 0.00535516 0.00535516 0.00535516 0.00535517 0.00535518 0.0053552 0.00535526 0.0053554 0.0053557 0.00535636 0.00535769 0.00536031 0.00536521 0.00537394 0.00538875 0.0054126 0.00544893 0.00550098 0.00557037 0.00565452 0.00574212 0.00580534 0.00578867 0.00559864 0.00510708 0.00418415 0.00276263 0.000903008 -0.00119245 -0.00324181 -0.00498703 -0.00626925 -0.00703457 -0.00728682 -0.00703457 -0.00626925 -0.00498703 -0.00324181 -0.00119245 0.000903008 0.00276263 0.00418415 0.00510708 0.00559864 0.00578867 0.00580534 0.00574212 0.00565452 0.00557037 0.00550098 0.00544893 0.0054126 0.00538875 0.00537394 0.00536521 0.00536031 0.00535769 0.00535636 0.0053557 0.0053554 0.00535526 0.0053552 0.00535518 0.00535517 0.00535516 0.00535516 0.00535516 0.00535516 0.00535516 0.00535516 0.00535516 0.00535516 0.00535516 0.00535516 0.00535516 0.00535516 0.00535516 0.00535516 0.00535516 0.00535516 0.00535516 0.00535516 0.00535516 0.00535516 0.00535516 0.00535516 0.00535516 0.00535516 0.00535516 0.00535516 0.00535516 0.00535516 0.00535516 0.00535516 0.00535516 0.00535516 0.00535516 0.00535516 0.00535516 0.00535516 0.00535516 0.00535516 0.00535516 0.00535516 0.00535516 0.00535516 0.00535516 0.00535516 0.00535516 0.00535516 0.00535516 0.00535516 0.00535516 0.00535516 
0.00535516 0.00535516 0.00535516 0.00535516 0.00535516 0.00535516 0.00535516 0.00535516 0.00535516 0.00535516 0.00535516 0.00535516 0.00535516 0.00535516 0.00535516 0.00535516 0.00535516 0.00535516 0.00535516 0.00535516 0.00535516 0.00535516 0.00535516 0.00535516 0.00535516 0.00535516 0.00535516 0.00535516 0.00535516 0.00535516 0.00535516 0.00535516 0.00535516 0.00535516 0.00535516 0.00535516 0.00535516 0.00535516 0.00535516 0.00535516 0.00535516 0.00535516 0.00535516 0.00535516 0.00535516 0.00535516 0.00535516 0.00535516 0.00535516 0.00535516 0.00535516 0.00535516 0.00535516 0.00535516 0.00535516 0.00535516 0.00535516 0.00535516 0.00535516 0.00535516 0.00535516 0.00535516 0.00535516 0.00535516 0.00535516 0.00535516 0.00535516 0.00535516 0.00535516 0.00535516 0.00535516 0.00535516 0.00535516 0.00535516 0.00535516 0.00535516 0.00535516 0.00535516 0.00535516 0.00535516 0.00535516 0.00535516 0.00535516 0.00535516 0.00535516 0.00535516 0.00535516 0.00535516 0.00535516 0.00535517 0.00535518 0.0053552 0.00535526 0.0053554 0.0053557 0.00535636 0.00535769 0.00536031 0.00536521 0.00537394 0.00538875 0.0054126 0.00544893 0.00550098 0.00557037 0.00565452 0.00574212 0.00580534 0.00578867 0.00559864 0.00510708 0.00418415 0.00276263 0.000903008 -0.00119245 -0.00324181 -0.00498703 -0.00626925 -0.00703457 -0.00728682 -0.00703457 -0.00626925 -0.00498703 -0.00324181 -0.00119245 0.000903008 0.00276263 0.00418415 0.00510708 0.00559864 0.00578867 0.00580534 0.00574212 0.00565452 0.00557037 0.00550098 0.00544893 0.0054126 0.00538875 0.00537394 0.00536521 0.00536031 0.00535769 0.00535636 0.0053557 0.0053554 0.00535526 0.0053552 0.00535518 0.00535517 0.00535516 0.00535516 0.00535516 0.00535516 0.00535516 0.00535516 0.00535516 0.00535516 0.00535516 0.00535516 0.00535516 0.00535516 0.00535516 0.00535516 0.00535516 0.00535516 0.00535516 0.00535516 0.00535516 0.00535516 0.00535516 0.00535516 0.00535516 0.00535516 0.00535516 0.00535516 0.00535516 0.00535516 0.00535516 0.00535516 0.00535516 0.00535516 0.00535516 0.00535516 0.00535516 0.00535516 0.00535516 0.00535516 0.00535516 0.00535516 0.00535516 0.00535516 0.00535516 0.00535516 0.00535516 0.00535516 0.00535516 0.00535516 0.00535516 0.00535516 
0.00535516 0.00535516 0.00535516 0.00535516 0.00535516 0.00535516 0.00535516 0.00535516 0.00535516 0.00535516 0.00535516 0.00535516 0.00535516 0.00535516 0.00535516 0.00535516 0.00535516 0.00535516 0.00535516 0.00535516 0.00535516 0.00535516 0.00535516 0.00535516 0.00535516 0.00535516 0.00535516 0.00535516 0.00535516 0.00535516 0.00535516 0.00535516 0.00535516 0.00535516 0.00535516 0.00535516 0.00535516 0.00535516 0.00535516 0.00535516 0.00535516 0.00535516 0.00535516 0.00535516 0.00535516 0.00535516 0.00535516 0.00535516 0.00535516 0.00535516 0.00535516 0.00535516 0.00535516 0.00535516 0.00535516 0.00535516 0.00535516 0.00535516 0.00535516 0.00535516 0.00535516 0.00535516 0.00535516 0.00535516 0.00535516 0.00535516 0.00535516 0.00535516 0.00535516 0.00535516 0.00535516 0.00535516 0.00535516 0.00535516 0.00535516 0.00535516 0.00535516 0.00535516 0.00535516 0.00535516 0.00535516 0.00535516 0.00535516 0.00535516 0.00535516 0.00535516 0.00535516 0.00535516 0.00535516 0.00535517 0.00535518 0.0053552 0.00535526 0.0053554 0.0053557 0.00535636 0.00535769 0.00536031 0.00536521 0.00537394 0.00538875 0.0054126 0.00544893 0.00550098 0.00557037 0.00565452 0.00574212 0.00580534 0.00578867 0.00559864 0.00510708 0.00418415 0.00276263 0.000903008 -0.00119245 -0.00324181 -0.00498703 -0.00626925 -0.00703457 -0.00728682 -0.00703457 -0.00626925 -0.00498703 -0.00324181 -0.00119245 0.000903008 0.00276263 0.00418415 0.00510708 0.00559864 0.00578867 0.00580534 0.00574212 0.00565452 0.00557037 0.00550098 0.00544893 0.0054126 0.00538875 0.00537394 0.00536521 0.00536031 0.00535769 0.00535636 0.0053557 0.0053554 0.00535526 0.0053552 0.00535518 0.00535517 0.00535516 0.00535516 0.00535516 0.00535516 0.00535516 0.00535516 0.00535516 0.00535516 0.00535516 0.00535516 0.00535516 0.00535516 0.00535516 0.00535516 0.00535516 0.00535516 0.00535516 0.00535516 0.00535516 0.00535516 0.00535516 0.00535516 0.00535516 0.00535516 0.00535516 0.00535516 0.00535516 0.00535516 0.00535516 0.00535516 0.00535516 0.00535516 0.00535516 0.00535516 0.00535516 0.00535516 0.00535516 0.00535516 0.00535516 0.00535516 0.00535516 0.00535516 0.00535516 0.00535516 0.00535516 0.00535516 0.00535516 0.00535516 0.00535516 0.00535516 
0.00535516 0.00535516 0.00535516 0.00535516 0.00535516 0.00535516 0.00535516 0.00535516 0.00535516 0.00535516 0.00535516 0.00535516 0.00535516 0.00535516 0.00535516 0.00535516 0.00535516 0.00535516 0.00535516 0.00535516 0.00535516 0.00535516 0.00535516 0.00535516 0.00535516 0.00535516 0.00535516 0.00535516 0.00535516 0.00535516 0.00535516 0.00535516 0.00535516 0.00535516 0.00535516 0.00535516 0.00535516 0.00535516 0.00535516 0.00535516 0.00535516 0.00535516 0.00535516 0.00535516 0.00535516 0.00535516 0.00535516 0.00535516 0.00535516 0.00535516 0.00535516 0.00535516 0.00535516 0.00535516 0.00535516 0.00535516 0.00535516 0.00535516 0.00535516 0.00535516 0.00535516 0.00535516 0.00535516 0.00535516 0.00535516 0.00535516 0.00535516 0.00535516 0.00535516 0.00535516 0.00535516 0.00535516 0.00535516 0.00535516 0.00535516 0.00535516 0.00535516 0.00535516 0.00535516 0.00535516 0.00535516 0.00535516 0.00535516 0.00535516 0.00535516 0.00535516 0.00535516 0.00535516 0.00535516 0.00535517 0.00535518 0.0053552 0.00535526 0.0053554 0.0053557 0.00535636 0.00535769 0.00536031 0.00536521 0.00537394 0.00538875 0.0054126 0.00544893 0.00550098 0.00557037 0.00565452 0.00574212 0.00580534 0.00578867 0.00559864 0.00510708 0.00418415 0.00276263 0.000903008 -0.00119245 -0.00324181 -0.00498703 -0.00626925 -0.00703457 -0.00728682 -0.00703457 -0.00626925 -0.00498703 -0.00324181 -0.00119245 0.000903008 0.00276263 0.00418415 0.00510708 0.00559864 0.00578867 0.00580534 0.00574212 0.00565452 0.00557037 0.00550098 0.00544893 0.0054126 0.00538875 0.00537394 0.00536521 0.00536031 0.00535769 0.00535636 0.0053557 0.0053554 0.00535526 0.0053552 0.00535518 0.00535517 0.00535516 0.00535516 0.00535516 0.00535516 0.00535516 0.00535516 0.00535516 0.00535516 0.00535516 0.00535516 0.00535516 0.00535516 0.00535516 0.00535516 0.00535516 0.00535516 0.00535516 0.00535516 0.00535516 0.00535516 0.00535516 0.00535516 0.00535516 0.00535516 0.00535516 0.00535516 0.00535516 0.00535516 0.00535516 0.00535516 0.00535516 0.00535516 0.00535516 0.00535516 0.00535516 0.00535516 0.00535516 0.00535516 0.00535516 0.00535516 0.00535516 0.00535516 0.00535516 0.00535516 0.00535516 0.00535516 0.00535516 0.00535516 0.00535516 0.00535516 
0.00535516 0.00535516 0.00535516 0.00535516 0.00535516 0.00535516 0.00535516 0.00535516 0.00535516 0.00535516 0.00535516 0.00535516 0.00535516 0.00535516 0.00535516 0.00535516 0.00535516 0.00535516 0.00535516 0.00535516 0.00535516 0.00535516 0.00535516 0.00535516 0.00535516 0.00535516 0.00535516 0.00535516 0.00535516 0.00535516 0.00535516 0.00535516 0.00535516 0.00535516 0.00535516 0.00535516 0.00535516 0.00535516 0.00535516 0.00535516 0.00535516 0.00535516 0.00535516 0.00535516 0.00535516 0.00535516 0.00535516 0.00535516 0.00535516 0.00535516 0.00535516 0.00535516 0.00535516 0.00535516 0.00535516 0.00535516 0.00535516 0.00535516 0.00535516 0.00535516 0.00535516 0.00535516 0.00535516 0.00535516 0.00535516 0.00535516 0.00535516 0.00535516 0.00535516 0.00535516 0.00535516 0.00535516 0.00535516 0.00535516 0.00535516 0.00535516 0.00535516 0.00535516 0.00535516 0.00535516 0.00535516 0.00535516 0.00535516 0.00535516 0.00535516 0.00535516 0.00535516 0.00535516 0.00535516 0.00535517 0.00535518 0.0053552 0.00535526 0.0053554 0.0053557 0.00535636 0.00535769 0.00536031 0.00536521 0.00537394 0.00538875 0.0054126 0.00544893 0.00550098 0.00557037 0.00565452 0.00574212 0.00580534 0.00578867 0.00559864 0.00510708 0.00418415 0.00276263 0.000903008 -0.00119245 -0.00324181 -0.00498703 -0.00626925 -0.00703457 -0.00728682 -0.00703457 -0.00626925 -0.00498703 -0.00324181 -0.00119245 0.000903008 0.00276263 0.00418415 0.00510708 0.00559864 0.00578867 0.00580534 0.00574212 0.00565452 0.00557037 0.00550098 0.00544893 0.0054126 0.00538875 0.00537394 0.00536521 0.00536031 0.00535769 0.00535636 0.0053557 0.0053554 0.00535526 0.0053552 0.00535518 0.00535517 0.00535516 0.00535516 0.00535516 0.00535516 0.00535516 0.00535516 0.00535516 0.00535516 0.00535516 0.00535516 0.00535516 0.00535516 0.00535516 0.00535516 0.00535516 0.00535516 0.00535516 0.00535516 0.00535516 0.00535516 0.00535516 0.00535516 0.00535516 0.00535516 0.00535516 0.00535516 0.00535516 0.00535516 0.00535516 0.00535516 0.00535516 0.00535516 0.00535516 0.00535516 0.00535516 0.00535516 0.00535516 0.00535516 0.00535516 0.00535516 0.00535516 0.00535516 0.00535516 0.00535516 0.00535516 0.00535516 0.00535516 0.00535516 0.00535516 0.00535516 
0.00535516 0.00535516 0.00535516 0.00535516 0.00535516 0.00535516 0.00535516 0.00535516 0.00535516 0.00535516 0.00535516 0.00535516 0.00535516 0.00535516 0.00535516 0.00535516 0.00535516 0.00535516 0.00535516 0.00535516 0.00535516 0.00535516 0.00535516 0.00535516 0.00535516 0.00535516 0.00535516 0.00535516 0.00535516 0.00535516 0.00535516 0.00535516 0.00535516 0.00535516 0.00535516 0.00535516 0.00535516 0.00535516 0.00535516 0.00535516 0.00535516 0.00535516 0.00535516 0.00535516 0.00535516 0.00535516 0.00535516 0.00535516 0.00535516 0.00535516 0.00535516 0.00535516 0.00535516 0.00535516 0.00535516 0.00535516 0.00535516 0.00535516 0.00535516 0.00535516 0.00535516 0.00535516 0.00535516 0.00535516 0.00535516 0.00535516 0.00535516 0.00535516 0.00535516 0.00535516 0.00535516 0.00535516 0.00535516 0.00535516 0.00535516 0.00535516 0.00535516 0.00535516 0.00535516 0.00535516 0.00535516 0.00535516 0.00535516 0.00535516 0.00535516 0.00535516 0.00535516 0.00535516 0.00535516 0.00535517 0.00535518 0.0053552 0.00535526 0.0053554 0.0053557 0.00535636 0.00535769 0.00536031 0.00536521 0.00537394 0.00538875 0.0054126 0.00544893 0.00550098 0.00557037 0.00565452 0.00574212 0.00580534 0.00578867 0.00559864 0.00510708 0.00418415 0.00276263 0.000903008 -0.00119245 -0.00324181 -0.00498703 -0.00626925 -0.00703457 -0.00728682 -0.00703457 -0.00626925 -0.00498703 -0.00324181 -0.00119245 0.000903008 0.00276263 0.00418415 0.00510708 0.00559864 0.00578867 0.00580534 0.00574212 0.00565452 0.00557037 0.00550098 0.00544893 0.0054126 0.00538875 0.00537394 0.00536521 0.00536031 0.00535769 0.00535636 0.0053557 0.0053554 0.00535526 0.0053552 0.00535518 0.00535517 0.00535516 0.00535516 0.00535516 0.00535516 0.00535516 0.00535516 0.00535516 0.00535516 0.00535516 0.00535516 0.00535516 0.00535516 0.00535516 0.00535516 0.00535516 0.00535516 0.00535516 0.00535516 0.00535516 0.00535516 0.00535516 0.00535516 0.00535516 0.00535516 0.00535516 0.00535516 0.00535516 0.00535516 0.00535516 0.00535516 0.00535516 0.00535516 0.00535516 0.00535516 0.00535516 0.00535516 0.00535516 0.00535516 0.00535516 0.00535516 0.00535516 0.00535516 0.00535516 0.00535516 0.00535516 0.00535516 0.00535516 0.00535516 0.00535516 0.00535516 
0.00535516 0.00535516 0.00535516 0.00535516 0.00535516 0.00535516 0.00535516 0.00535516 0.00535516 0.00535516 0.00535516 0.00535516 0.00535516 0.00535516 0.00535516 0.00535516 0.00535516 0.00535516 0.00535516 0.00535516 0.00535516 0.00535516 0.00535516 0.00535516 0.00535516 0.00535516 0.00535516 0.00535516 0.00535516 0.00535516 0.00535516 0.00535516 0.00535516 0.00535516 0.00535516 0.00535516 0.00535516 0.00535516 0.00535516 0.00535516 0.00535516 0.00535516 0.00535516 0.00535516 0.00535516 0.00535516 0.00535516 0.00535516 0.00535516 0.00535516 0.00535516 0.00535516 0.00535516 0.00535516 0.00535516 0.00535516 0.00535516 0.00535516 0.00535516 0.00535516 0.00535516 0.00535516 0.00535516 0.00535516 0.00535516 0.00535516 0.00535516 0.00535516 0.00535516 0.00535516 0.00535516 0.00535516 0.00535516 0.00535516 0.00535516 0.00535516 0.00535516 0.00535516 0.00535516 0.00535516 0.00535516 0.00535516 0.00535516 0.00535516 0.00535516 0.00535516 0.00535516 0.00535516 0.00535516 0.00535517 0.00535518 0.0053552 0.00535526 0.0053554 0.0053557 0.00535636 0.00535769 0.00536031 0.00536521 0.00537394 0.00538875 0.0054126 0.00544893 0.00550098 0.00557037 0.00565452 0.00574212 0.00580534 0.00578867 0.00559864 0.00510708 0.00418415 0.00276263 0.000903008 -0.00119245 -0.00324181 -0.00498703 -0.00626925 -0.00703457 -0.00728682 -0.00703457 -0.00626925 -0.00498703 -0.00324181 -0.00119245 0.000903008 0.00276263 0.00418415 0.00510708 0.00559864 0.00578867 0.00580534 0.00574212 0.00565452 0.00557037 0.00550098 0.00544893 0.0054126 0.00538875 0.00537394 0.00536521 0.00536031 0.00535769 0.00535636 0.0053557 0.0053554 0.00535526 0.0053552 0.00535518 0.00535517 0.00535516 0.00535516 0.00535516 0.00535516 0.00535516 0.00535516 0.00535516 0.00535516 0.00535516 0.00535516 0.00535516 0.00535516 0.00535516 0.00535516 0.00535516 0.00535516 0.00535516 0.00535516 0.00535516 0.00535516 0.00535516 0.00535516 0.00535516 0.00535516 0.00535516 0.00535516 0.00535516 0.00535516 0.00535516 0.00535516 0.00535516 0.00535516 0.00535516 0.00535516 0.00535516 0.00535516 0.00535516 0.00535516 0.00535516 0.00535516 0.00535516 0.00535516 0.00535516 0.00535516 0.00535516 0.00535516 0.00535516 0.00535516 0.00535516 0.00535516 
0.00535516 0.00535516 0.00535516 0.00535516 0.00535516 0.00535516 0.00535516 0.00535516 0.00535516 0.00535516 0.00535516 0.00535516 0.00535516 0.00535516 0.00535516 0.00535516 0.00535516 0.00535516 0.00535516 0.00535516 0.00535516 0.00535516 0.00535516 0.00535516 0.00535516 0.00535516 0.00535516 0.00535516 0.00535516 0.00535516 0.00535516 0.00535516 0.00535516 0.00535516 0.00535516 0.00535516 0.00535516 0.00535516 0.00535516 0.00535516 0.00535516 0.00535516 0.00535516 0.00535516 0.00535516 0.00535516 0.00535516 0.00535516 0.00535516 0.00535516 0.00535516 0.00535516 0.00535516 0.00535516 0.00535516 0.00535516 0.00535516 0.00535516 0.00535516 0.00535516 0.00535516 0.00535516 0.00535516 0.00535516 0.00535516 0.00535516 0.00535516 0.00535516 0.00535516 0.00535516 0.00535516 0.00535516 0.00535516 0.00535516 0.00535516 0.00535516 0.00535516 0.00535516 0.00535516 0.00535516 0.00535516 0.00535516 0.00535516 0.00535516 0.00535516 0.00535516 0.00535516 0.00535516 0.00535516 0.00535517 0.00535518 0.0053552 0.00535526 0.0053554 0.0053557 0.00535636 0.00535769 0.00536031 0.00536521 0.00537394 0.00538875 0.0054126 0.00544893 0.00550098 0.00557037 0.00565452 0.00574212 0.00580534 0.00578867 0.00559864 0.00510708 0.00418415 0.00276263 0.000903008 -0.00119245 -0.00324181 -0.00498703 -0.00626925 -0.00703457 -0.00728682 -0.00703457 -0.00626925 -0.00498703 -0.00324181 -0.00119245 0.000903008 0.00276263 0.00418415 0.00510708 0.00559864 0.00578867 0.00580534 0.00574212 0.00565452 0.00557037 0.00550098 0.00544893 0.0054126 0.00538875 0.00537394 0.00536521 0.00536031 0.00535769 0.00535636 0.0053557 0.0053554 0.00535526 0.0053552 0.00535518 0.00535517 0.00535516 0.00535516 0.00535516 0.00535516 0.00535516 0.00535516 0.00535516 0.00535516 0.00535516 0.00535516 0.00535516 0.00535516 0.00535516 0.00535516 0.00535516 0.00535516 0.00535516 0.00535516 0.00535516 0.00535516 0.00535516 0.00535516 0.00535516 0.00535516 0.00535516 0.00535516 0.00535516 0.00535516 0.00535516 0.00535516 0.00535516 0.00535516 0.00535516 0.00535516 0.00535516 0.00535516 0.00535516 0.00535516 0.00535516 0.00535516 0.00535516 0.00535516 0.00535516 0.00535516 0.00535516 0.00535516 0.00535516 0.00535516 0.00535516 0.00535516 
0.00535516 0.00535516 0.00535516 0.00535516 0.00535516 0.00535516 0.00535516 0.00535516 0.00535516 0.00535516 0.00535516 0.00535516 0.00535516 0.00535516 0.00535516 0.00535516 0.00535516 0.00535516 0.00535516 0.00535516 0.00535516 0.00535516 0.00535516 0.00535516 0.00535516 0.00535516 0.00535516 0.00535516 0.00535516 0.00535516 0.00535516 0.00535516 0.00535516 0.00535516 0.00535516 0.00535516 0.00535516 0.00535516 0.00535516 0.00535516 0.00535516 0.00535516 0.00535516 0.00535516 0.00535516 0.00535516 0.00535516 0.00535516 0.00535516 0.00535516 0.00535516 0.00535516 0.00535516 0.00535516 0.00535516 0.00535516 0.00535516 0.00535516 0.00535516 0.00535516 0.00535516 0.00535516 0.00535516 0.00535516 0.00535516 0.00535516 0.00535516 0.00535516 0.00535516 0.00535516 0.00535516 0.00535516 0.00535516 0.00535516 0.00535516 0.00535516 0.00535516 0.00535516 0.00535516 0.00535516 0.00535516 0.00535516 0.00535516 0.00535516 0.00535516 0.00535516 0.00535516 0.00535516 0.00535516 0.00535517 0.00535518 0.0053552 0.00535526 0.0053554 0.0053557 0.00535636 0.00535769 0.00536031 0.00536521 0.00537394 0.00538875 0.0054126 0.00544893 0.00550098 0.00557037 0.00565452 0.00574212 0.00580534 0.00578867 0.00559864 0.00510708 0.00418415 0.00276263 0.000903008 -0.00119245 -0.00324181 -0.00498703 -0.00626925 -0.00703457 -0.00728682 -0.00703457 -0.00626925 -0.00498703 -0.00324181 -0.00119245 0.000903008 0.00276263 0.00418415 0.00510708 0.00559864 0.00578867 0.00580534 0.00574212 0.00565452 0.00557037 0.00550098 0.00544893 0.0054126 0.00538875 0.00537394 0.00536521 0.00536031 0.00535769 0.00535636 0.0053557 0.0053554 0.00535526 0.0053552 0.00535518 0.00535517 0.00535516 0.00535516 0.00535516 0.00535516 0.00535516 0.00535516 0.00535516 0.00535516 0.00535516 0.00535516 0.00535516 0.00535516 0.00535516 0.00535516 0.00535516 0.00535516 0.00535516 0.00535516 0.00535516 0.00535516 0.00535516 0.00535516 0.00535516 0.00535516 0.00535516 0.00535516 0.00535516 0.00535516 0.00535516 0.00535516 0.00535516 0.00535516 0.00535516 0.00535516 0.00535516 0.00535516 0.00535516 0.00535516 0.00535516 0.00535516 0.00535516 0.00535516 0.00535516 0.00535516 0.00535516 0.00535516 0.00535516 0.00535516 0.00535516 0.00535516 
0.00535516 0.00535516 0.00535516 0.00535516 0.00535516 0.00535516 0.00535516 0.00535516 0.00535516 0.00535516 0.00535516 0.00535516 0.00535516 0.00535516 0.00535516 0.00535516 0.00535516 0.00535516 0.00535516 0.00535516 0.00535516 0.00535516 0.00535516 0.00535516 0.00535516 0.00535516 0.00535516 0.00535516 0.00535516 0.00535516 0.00535516 0.00535516 0.00535516 0.00535516 0.00535516 0.00535516 0.00535516 0.00535516 0.00535516 0.00535516 0.00535516 0.00535516 0.00535516 0.00535516 0.00535516 0.00535516 0.00535516 0.00535516 0.00535516 0.00535516 0.00535516 0.00535516 0.00535516 0.00535516 0.00535516 0.00535516 0.00535516 0.00535516 0.00535516 0.00535516 0.00535516 0.00535516 0.00535516 0.00535516 0.00535516 0.00535516 0.00535516 0.00535516 0.00535516 0.00535516 0.00535516 0.00535516 0.00535516 0.00535516 0.00535516 0.00535516 0.00535516 0.00535516 0.00535516 0.00535516 0.00535516 0.00535516 0.00535516 0.00535516 0.00535516 0.00535516 0.00535516 0.00535516 0.00535516 0.00535517 0.00535518 0.0053552 0.00535526 0.0053554 0.0053557 0.00535636 0.00535769 0.00536031 0.00536521 0.00537394 0.00538875 0.0054126 0.00544893 0.00550098 0.00557037 0.00565452 0.00574212 0.00580534 0.00578867 0.00559864 0.00510708 0.00418415 0.00276263 0.000903008 -0.00119245 -0.00324181 -0.00498703 -0.00626925 -0.00703457 -0.00728682 -0.00703457 -0.00626925 -0.00498703 -0.00324181 -0.00119245 0.000903008 0.00276263 0.00418415 0.00510708 0.00559864 0.00578867 0.00580534 0.00574212 0.00565452 0.00557037 0.00550098 0.00544893 0.0054126 0.00538875 0.00537394 0.00536521 0.00536031 0.00535769 0.00535636 0.0053557 0.0053554 0.00535526 0.0053552 0.00535518 0.00535517 0.00535516 0.00535516 0.00535516 0.00535516 0.00535516 0.00535516 0.00535516 0.00535516 0.00535516 0.00535516 0.00535516 0.00535516 0.00535516 0.00535516 0.00535516 0.00535516 0.00535516 0.00535516 0.00535516 0.00535516 0.00535516 0.00535516 0.00535516 0.00535516 0.00535516 0.00535516 0.00535516 0.00535516 0.00535516 0.00535516 0.00535516 0.00535516 0.00535516 0.00535516 0.00535516 0.00535516 0.00535516 0.00535516 0.00535516 0.00535516 0.00535516 0.00535516 0.00535516 0.00535516 0.00535516 0.00535516 0.00535516 0.00535516 0.00535516 0.00535516 
0.00535516 0.00535516 0.00535516 0.00535516 0.00535516 0.00535516 0.00535516 0.00535516 0.00535516 0.00535516 0.00535516 0.00535516 0.00535516 0.00535516 0.00535516 0.00535516 0.00535516 0.00535516 0.00535516 0.00535516 0.00535516 0.00535516 0.00535516 0.00535516 0.00535516 0.00535516 0.00535516 0.00535516 0.00535516 0.00535516 0.00535516 0.00535516 0.00535516 0.00535516 0.00535516 0.00535516 0.00535516 0.00535516 0.00535516 0.00535516 0.00535516 0.00535516 0.00535516 0.00535516 0.00535516 0.00535516 0.00535516 0.00535516 0.00535516 0.00535516 0.00535516 0.00535516 0.00535516 0.00535516 0.00535516 0.00535516 0.00535516 0.00535516 0.00535516 0.00535516 0.00535516 0.00535516 0.00535516 0.00535516 0.00535516 0.00535516 0.00535516 0.00535516 0.00535516 0.00535516 0.00535516 0.00535516 0.00535516 0.00535516 0.00535516 0.00535516 0.00535516 0.00535516 0.00535516 0.00535516 0.00535516 0.00535516 0.00535516 0.00535516 0.00535516 0.00535516 0.00535516 0.00535516 0.00535516 0.00535517 0.00535518 0.0053552 0.00535526 0.0053554 0.0053557 0.00535636 0.00535769 0.00536031 0.00536521 0.00537394 0.00538875 0.0054126 0.00544893 0.00550098 0.00557037 0.00565452 0.00574212 0.00580534 0.00578867 0.00559864 0.00510708 0.00418415 0.00276263 0.000903008 -0.00119245 -0.00324181 -0.00498703 -0.00626925 -0.00703457 -0.00728682 -0.00703457 -0.00626925 -0.00498703 -0.00324181 -0.00119245 0.000903008 0.00276263 0.00418415 0.00510708 0.00559864 0.00578867 0.00580534 0.00574212 0.00565452 0.00557037 0.00550098 0.00544893 0.0054126 0.00538875 0.00537394 0.00536521 0.00536031 0.00535769 0.00535636 0.0053557 0.0053554 0.00535526 0.0053552 0.00535518 0.00535517 0.00535516 0.00535516 0.00535516 0.00535516 0.00535516 0.00535516 0.00535516 0.00535516 0.00535516 0.00535516 0.00535516 0.00535516 0.00535516 0.00535516 0.00535516 0.00535516 0.00535516 0.00535516 0.00535516 0.00535516 0.00535516 0.00535516 0.00535516 0.00535516 0.00535516 0.00535516 0.00535516 0.00535516 0.00535516 0.00535516 0.00535516 0.00535516 0.00535516 0.00535516 0.00535516 0.00535516 0.00535516 0.00535516 0.00535516 0.00535516 0.00535516 0.00535516 0.00535516 0.00535516 0.00535516 0.00535516 0.00535516 0.00535516 0.00535516 0.00535516 
0.00535516 0.00535516 0.00535516 0.00535516 0.00535516 0.00535516 0.00535516 0.00535516 0.00535516 0.00535516 0.00535516 0.00535516 0.00535516 0.00535516 0.00535516 0.00535516 0.00535516 0.00535516 0.00535516 0.00535516 0.00535516 0.00535516 0.00535516 0.00535516 0.00535516 0.00535516 0.00535516 0.00535516 0.00535516 0.00535516 0.00535516 0.00535516 0.00535516 0.00535516 0.00535516 0.00535516 0.00535516 0.00535516 0.00535516 0.00535516 0.00535516 0.00535516 0.00535516 0.00535516 0.00535516 0.00535516 0.00535516 0.00535516 0.00535516 0.00535516 0.00535516 0.00535516 0.00535516 0.00535516 0.00535516 0.00535516 0.00535516 0.00535516 0.00535516 0.00535516 0.00535516 0.00535516 0.00535516 0.00535516 0.00535516 0.00535516 0.00535516 0.00535516 0.00535516 0.00535516 0.00535516 0.00535516 0.00535516 0.00535516 0.00535516 0.00535516 0.00535516 0.00535516 0.00535516 0.00535516 0.00535516 0.00535516 0.00535516 0.00535516 0.00535516 0.00535516 0.00535516 0.00535516 0.00535516 0.00535517 0.00535518 0.0053552 0.00535526 0.0053554 0.0053557 0.00535636 0.00535769 0.00536031 0.00536521 0.00537394 0.00538875 0.0054126 0.00544893 0.00550098 0.00557037 0.00565452 0.00574212 0.00580534 0.00578867 0.00559864 0.00510708 0.00418415 0.00276263 0.000903008 -0.00119245 -0.00324181 -0.00498703 -0.00626925 -0.00703457 -0.00728682 -0.00703457 -0.00626925 -0.00498703 -0.00324181 -0.00119245 0.000903008 0.00276263 0.00418415 0.00510708 0.00559864 0.00578867 0.00580534 0.00574212 0.00565452 0.00557037 0.00550098 0.00544893 0.0054126 0.00538875 0.00537394 0.00536521 0.00536031 0.00535769 0.00535636 0.0053557 0.0053554 0.00535526 0.0053552 0.00535518 0.00535517 0.00535516 0.00535516 0.00535516 0.00535516 0.00535516 0.00535516 0.00535516 0.00535516 0.00535516 0.00535516 0.00535516 0.00535516 0.00535516 0.00535516 0.00535516 0.00535516 0.00535516 0.00535516 0.00535516 0.00535516 0.00535516 0.00535516 0.00535516 0.00535516 0.00535516 0.00535516 0.00535516 0.00535516 0.00535516 0.00535516 0.00535516 0.00535516 0.00535516 0.00535516 0.00535516 0.00535516 0.00535516 0.00535516 0.00535516 0.00535516 0.00535516 0.00535516 0.00535516 0.00535516 0.00535516 0.00535516 0.00535516 0.00535516 0.00535516 0.00535516 
0.00535516 0.00535516 0.00535516 0.00535516 0.00535516 0.00535516 0.00535516 0.00535516 0.00535516 0.00535516 0.00535516 0.00535516 0.00535516 0.00535516 0.00535516 0.00535516 0.00535516 0.00535516 0.00535516 0.00535516 0.00535516 0.00535516 0.00535516 0.00535516 0.00535516 0.00535516 0.00535516 0.00535516 0.00535516 0.00535516 0.00535516 0.00535516 0.00535516 0.00535516 0.00535516 0.00535516 0.00535516 0.00535516 0.00535516 0.00535516 0.00535516 0.00535516 0.00535516 0.00535516 0.00535516 0.00535516 0.00535516 0.00535516 0.00535516 0.00535516 0.00535516 0.00535516 0.00535516 0.00535516 0.00535516 0.00535516 0.00535516 0.00535516 0.00535516 0.00535516 0.00535516 0.00535516 0.00535516 0.00535516 0.00535516 0.00535516 0.00535516 0.00535516 0.00535516 0.00535516 0.00535516 0.00535516 0.00535516 0.00535516 0.00535516 0.00535516 0.00535516 0.00535516 0.00535516 0.00535516 0.00535516 0.00535516 0.00535516 0.00535516 0.00535516 0.00535516 0.00535516 0.00535516 0.00535516 0.00535517 0.00535518 0.0053552 0.00535526 0.0053554 0.0053557 0.00535636 0.00535769 0.00536031 0.00536521 0.00537394 0.00538875 0.0054126 0.00544893 0.00550098 0.00557037 0.00565452 0.00574212 0.00580534 0.00578867 0.00559864 0.00510708 0.00418415 0.00276263 0.000903008 -0.00119245 -0.00324181 -0.00498703 -0.00626925 -0.00703457 -0.00728682 -0.00703457 -0.00626925 -0.00498703 -0.00324181 -0.00119245 0.000903008 0.00276263 0.00418415 0.00510708 0.00559864 0.00578867 0.00580534 0.00574212 0.00565452 0.00557037 0.00550098 0.00544893 0.0054126 0.00538875 0.00537394 0.00536521 0.00536031 0.00535769 0.00535636 0.0053557 0.0053554 0.00535526 0.0053552 0.00535518 0.00535517 0.00535516 0.00535516 0.00535516 0.00535516 0.00535516 0.00535516 0.00535516 0.00535516 0.00535516 0.00535516 0.00535516 0.00535516 0.00535516 0.00535516 0.00535516 0.00535516 0.00535516 0.00535516 0.00535516 0.00535516 0.00535516 0.00535516 0.00535516 0.00535516 0.00535516 0.00535516 0.00535516 0.00535516 0.00535516 0.00535516 0.00535516 0.00535516 0.00535516 0.00535516 0.00535516 0.00535516 0.00535516 0.00535516 0.00535516 0.00535516 0.00535516 0.00535516 0.00535516 0.00535516 0.00535516 0.00535516 0.00535516 0.00535516 0.00535516 0.00535516 
0.00535516 0.00535516 0.00535516 0.00535516 0.00535516 0.00535516 0.00535516 0.00535516 0.00535516 0.00535516 0.00535516 0.00535516 0.00535516 0.00535516 0.00535516 0.00535516 0.00535516 0.00535516 0.00535516 0.00535516 0.00535516 0.00535516 0.00535516 0.00535516 0.00535516 0.00535516 0.00535516 0.00535516 0.00535516 0.00535516 0.00535516 0.00535516 0.00535516 0.00535516 0.00535516 0.00535516 0.00535516 0.00535516 0.00535516 0.00535516 0.00535516 0.00535516 0.00535516 0.00535516 0.00535516 0.00535516 0.00535516 0.00535516 0.00535516 0.00535516 0.00535516 0.00535516 0.00535516 0.00535516 0.00535516 0.00535516 0.00535516 0.00535516 0.00535516 0.00535516 0.00535516 0.00535516 0.00535516 0.00535516 0.00535516 0.00535516 0.00535516 0.00535516 0.00535516 0.00535516 0.00535516 0.00535516 0.00535516 0.00535516 0.00535516 0.00535516 0.00535516 0.00535516 0.00535516 0.00535516 0.00535516 0.00535516 0.00535516 0.00535516 0.00535516 0.00535516 0.00535516 0.00535516 0.00535516 0.00535517 0.00535518 0.0053552 0.00535526 0.0053554 0.0053557 0.00535636 0.00535769 0.00536031 0.00536521 0.00537394 0.00538875 0.0054126 0.00544893 0.00550098 0.00557037 0.00565452 0.00574212 0.00580534 0.00578867 0.00559864 0.00510708 0.00418415 0.00276263 0.000903008 -0.00119245 -0.00324181 -0.00498703 -0.00626925 -0.00703457 -0.00728682 -0.00703457 -0.00626925 -0.00498703 -0.00324181 -0.00119245 0.000903008 0.00276263 0.00418415 0.00510708 0.00559864 0.00578867 0.00580534 0.00574212 0.00565452 0.00557037 0.00550098 0.00544893 0.0054126 0.00538875 0.00537394 0.00536521 0.00536031 0.00535769 0.00535636 0.0053557 0.0053554 0.00535526 0.0053552 0.00535518 0.00535517 0.00535516 0.00535516 0.00535516 0.00535516 0.00535516 0.00535516 0.00535516 0.00535516 0.00535516 0.00535516 0.00535516 0.00535516 0.00535516 0.00535516 0.00535516 0.00535516 0.00535516 0.00535516 0.00535516 0.00535516 0.00535516 0.00535516 0.00535516 0.00535516 0.00535516 0.00535516 0.00535516 0.00535516 0.00535516 0.00535516 0.00535516 0.00535516 0.00535516 0.00535516 0.00535516 0.00535516 0.00535516 0.00535516 0.00535516 0.00535516 0.00535516 0.00535516 0.00535516 0.00535516 0.00535516 0.00535516 0.00535516 0.00535516 0.00535516 0.00535516 
0.00535516 0.00535516 0.00535516 0.00535516 0.00535516 0.00535516 0.00535516 0.00535516 0.00535516 0.00535516 0.00535516 0.00535516 0.00535516 0.00535516 0.00535516 0.00535516 0.00535516 0.00535516 0.00535516 0.00535516 0.00535516 0.00535516 0.00535516 0.00535516 0.00535516 0.00535516 0.00535516 0.00535516 0.00535516 0.00535516 0.00535516 0.00535516 0.00535516 0.00535516 0.00535516 0.00535516 0.00535516 0.00535516 0.00535516 0.00535516 0.00535516 0.00535516 0.00535516 0.00535516 0.00535516 0.00535516 0.00535516 0.00535516 0.00535516 0.00535516 0.00535516 0.00535516 0.00535516 0.00535516 0.00535516 0.00535516 0.00535516 0.00535516 0.00535516 0.00535516 0.00535516 0.00535516 0.00535516 0.00535516 0.00535516 0.00535516 0.00535516 0.00535516 0.00535516 0.00535516 0.00535516 0.00535516 0.00535516 0.00535516 0.00535516 0.00535516 0.00535516 0.00535516 0.00535516 0.00535516 0.00535516 0.00535516 0.00535516 0.00535516 0.00535516 0.00535516 0.00535516 0.00535516 0.00535516 0.00535517 0.00535518 0.0053552 0.00535526 0.0053554 0.0053557 0.00535636 0.00535769 0.00536031 0.00536521 0.00537394 0.00538875 0.0054126 0.00544893 0.00550098 0.00557037 0.00565452 0.00574212 0.00580534 0.00578867 0.00559864 0.00510708 0.00418415 0.00276263 0.000903008 -0.00119245 -0.00324181 -0.00498703 -0.00626925 -0.00703457 -0.00728682 -0.00703457 -0.00626925 -0.00498703 -0.00324181 -0.00119245 0.000903008 0.00276263 0.00418415 0.00510708 0.00559864 0.00578867 0.00580534 0.00574212 0.00565452 0.00557037 0.00550098 0.00544893 0.0054126 0.00538875 0.00537394 0.00536521 0.00536031 0.00535769 0.00535636 0.0053557 0.0053554 0.00535526 0.0053552 0.00535518 0.00535517 0.00535516 0.00535516 0.00535516 0.00535516 0.00535516 0.00535516 0.00535516 0.00535516 0.00535516 0.00535516 0.00535516 0.00535516 0.00535516 0.00535516 0.00535516 0.00535516 0.00535516 0.00535516 0.00535516 0.00535516 0.00535516 0.00535516 0.00535516 0.00535516 0.00535516 0.00535516 0.00535516 0.00535516 0.00535516 0.00535516 0.00535516 0.00535516 0.00535516 0.00535516 0.00535516 0.00535516 0.00535516 0.00535516 0.00535516 0.00535516 0.00535516 0.00535516 0.00535516 0.00535516 0.00535516 0.00535516 0.00535516 0.00535516 0.00535516 0.00535516 
0.00535516 0.00535516 0.00535516 0.00535516 0.00535516 0.00535516 0.00535516 0.00535516 0.00535516 0.00535516 0.00535516 0.00535516 0.00535516 0.00535516 0.00535516 0.00535516 0.00535516 0.00535516 0.00535516 0.00535516 0.00535516 0.00535516 0.00535516 0.00535516 0.00535516 0.00535516 0.00535516 0.00535516 0.00535516 0.00535516 0.00535516 0.00535516 0.00535516 0.00535516 0.00535516 0.00535516 0.00535516 0.00535516 0.00535516 0.00535516 0.00535516 0.00535516 0.00535516 0.00535516 0.00535516 0.00535516 0.00535516 0.00535516 0.00535516 0.00535516 0.00535516 0.00535516 0.00535516 0.00535516 0.00535516 0.00535516 0.00535516 0.00535516 0.00535516 0.00535516 0.00535516 0.00535516 0.00535516 0.00535516 0.00535516 0.00535516 0.00535516 0.00535516 0.00535516 0.00535516 0.00535516 0.00535516 0.00535516 0.00535516 0.00535516 0.00535516 0.00535516 0.00535516 0.00535516 0.00535516 0.00535516 0.00535516 0.00535516 0.00535516 0.00535516 0.00535516 0.00535516 0.00535516 0.00535516 0.00535517 0.00535518 0.0053552 0.00535526 0.0053554 0.0053557 0.00535636 0.00535769 0.00536031 0.00536521 0.00537394 0.00538875 0.0054126 0.00544893 0.00550098 0.00557037 0.00565452 0.00574212 0.00580534 0.00578867 0.00559864 0.00510708 0.00418415 0.00276263 0.000903008 -0.00119245 -0.00324181 -0.00498703 -0.00626925 -0.00703457 -0.00728682 -0.00703457 -0.00626925 -0.00498703 -0.00324181 -0.00119245 0.000903008 0.00276263 0.00418415 0.00510708 0.00559864 0.00578867 0.00580534 0.00574212 0.00565452 0.00557037 0.00550098 0.00544893 0.0054126 0.00538875 0.00537394 0.00536521 0.00536031 0.00535769 0.00535636 0.0053557 0.0053554 0.00535526 0.0053552 0.00535518 0.00535517 0.00535516 0.00535516 0.00535516 0.00535516 0.00535516 0.00535516 0.00535516 0.00535516 0.00535516 0.00535516 0.00535516 0.00535516 0.00535516 0.00535516 0.00535516 0.00535516 0.00535516 0.00535516 0.00535516 0.00535516 0.00535516 0.00535516 0.00535516 0.00535516 0.00535516 0.00535516 0.00535516 0.00535516 0.00535516 0.00535516 0.00535516 0.00535516 0.00535516 0.00535516 0.00535516 0.00535516 0.00535516 0.00535516 0.00535516 0.00535516 0.00535516 0.00535516 0.00535516 0.00535516 0.00535516 0.00535516 0.00535516 0.00535516 0.00535516 0.00535516 
0.00535516 0.00535516 0.00535516 0.00535516 0.00535516 0.00535516 0.00535516 0.00535516 0.00535516 0.00535516 0.00535516 0.00535516 0.00535516 0.00535516 0.00535516 0.00535516 0.00535516 0.00535516 0.00535516 0.00535516 0.00535516 0.00535516 0.00535516 0.00535516 0.00535516 0.00535516 0.00535516 0.00535516 0.00535516 0.00535516 0.00535516 0.00535516 0.00535516 0.00535516 0.00535516 0.00535516 0.00535516 0.00535516 0.00535516 0.00535516 0.00535516 0.00535516 0.00535516 0.00535516 0.00535516 0.00535516 0.00535516 0.00535516 0.00535516 0.00535516 0.00535516 0.00535516 0.00535516 0.00535516 0.00535516 0.00535516 0.00535516 0.00535516 0.00535516 0.00535516 0.00535516 0.00535516 0.00535516 0.00535516 0.00535516 0.00535516 0.00535516 0.00535516 0.00535516 0.00535516 0.00535516 0.00535516 0.00535516 0.00535516 0.00535516 0.00535516 0.00535516 0.00535516 0.00535516 0.00535516 0.00535516 0.00535516 0.00535516 0.00535516 0.00535516 0.00535516 0.00535516 0.00535516 0.00535516 0.00535517 0.00535518 0.0053552 0.00535526 0.0053554 0.0053557 0.00535636 0.00535769 0.00536031 0.00536521 0.00537394 0.00538875 0.0054126 0.00544893 0.00550098 0.00557037 0.00565452 0.00574212 0.00580534 0.00578867 0.00559864 0.00510708 0.00418415 0.00276263 0.000903008 -0.00119245 -0.00324181 -0.00498703 -0.00626925 -0.00703457 -0.00728682 -0.00703457 -0.00626925 -0.00498703 -0.00324181 -0.00119245 0.000903008 0.00276263 0.00418415 0.00510708 0.00559864 0.00578867 0.00580534 0.00574212 0.00565452 0.00557037 0.00550098 0.00544893 0.0054126 0.00538875 0.00537394 0.00536521 0.00536031 0.00535769 0.00535636 0.0053557 0.0053554 0.00535526 0.0053552 0.00535518 0.00535517 0.00535516 0.00535516 0.00535516 0.00535516 0.00535516 0.00535516 0.00535516 0.00535516 0.00535516 0.00535516 0.00535516 0.00535516 0.00535516 0.00535516 0.00535516 0.00535516 0.00535516 0.00535516 0.00535516 0.00535516 0.00535516 0.00535516 0.00535516 0.00535516 0.00535516 0.00535516 0.00535516 0.00535516 0.00535516 0.00535516 0.00535516 0.00535516 0.00535516 0.00535516 0.00535516 0.00535516 0.00535516 0.00535516 0.00535516 0.00535516 0.00535516 0.00535516 0.00535516 0.00535516 0.00535516 0.00535516 0.00535516 0.00535516 0.00535516 0.00535516 
0.00535516 0.00535516 0.00535516 0.00535516 0.00535516 0.00535516 0.00535516 0.00535516 0.00535516 0.00535516 0.00535516 0.00535516 0.00535516 0.00535516 0.00535516 0.00535516 0.00535516 0.00535516 0.00535516 0.00535516 0.00535516 0.00535516 0.00535516 0.00535516 0.00535516 0.00535516 0.00535516 0.00535516 0.00535516 0.00535516 0.00535516 0.00535516 0.00535516 0.00535516 0.00535516 0.00535516 0.00535516 0.00535516 0.00535516 0.00535516 0.00535516 0.00535516 0.00535516 0.00535516 0.00535516 0.00535516 0.00535516 0.00535516 0.00535516 0.00535516 0.00535516 0.00535516 0.00535516 0.00535516 0.00535516 0.00535516 0.00535516 0.00535516 0.00535516 0.00535516 0.00535516 0.00535516 0.00535516 0.00535516 0.00535516 0.00535516 0.00535516 0.00535516 0.00535516 0.00535516 0.00535516 0.00535516 0.00535516 0.00535516 0.00535516 0.00535516 0.00535516 0.00535516 0.00535516 0.00535516 0.00535516 0.00535516 0.00535516 0.00535516 0.00535516 0.00535516 0.00535516 0.00535516 0.00535516 0.00535517 0.00535518 0.0053552 0.00535526 0.0053554 0.0053557 0.00535636 0.00535769 0.00536031 0.00536521 0.00537394 0.00538875 0.0054126 0.00544893 0.00550098 0.00557037 0.00565452 0.00574212 0.00580534 0.00578867 0.00559864 0.00510708 0.00418415 0.00276263 0.000903008 -0.00119245 -0.00324181 -0.00498703 -0.00626925 -0.00703457 -0.00728682 -0.00703457 -0.00626925 -0.00498703 -0.00324181 -0.00119245 0.000903008 0.00276263 0.00418415 0.00510708 0.00559864 0.00578867 0.00580534 0.00574212 0.00565452 0.00557037 0.00550098 0.00544893 0.0054126 0.00538875 0.00537394 0.00536521 0.00536031 0.00535769 0.00535636 0.0053557 0.0053554 0.00535526 0.0053552 0.00535518 0.00535517 0.00535516 0.00535516 0.00535516 0.00535516 0.00535516 0.00535516 0.00535516 0.00535516 0.00535516 0.00535516 0.00535516 0.00535516 0.00535516 0.00535516 0.00535516 0.00535516 0.00535516 0.00535516 0.00535516 0.00535516 0.00535516 0.00535516 0.00535516 0.00535516 0.00535516 0.00535516 0.00535516 0.00535516 0.00535516 0.00535516 0.00535516 0.00535516 0.00535516 0.00535516 0.00535516 0.00535516 0.00535516 0.00535516 0.00535516 0.00535516 0.00535516 0.00535516 0.00535516 0.00535516 0.00535516 0.00535516 0.00535516 0.00535516 0.00535516 0.00535516 
0.00535516 0.00535516 0.00535516 0.00535516 0.00535516 0.00535516 0.00535516 0.00535516 0.00535516 0.00535516 0.00535516 0.00535516 0.00535516 0.00535516 0.00535516 0.00535516 0.00535516 0.00535516 0.00535516 0.00535516 0.00535516 0.00535516 0.00535516 0.00535516 0.00535516 0.00535516 0.00535516 0.00535516 0.00535516 0.00535516 0.00535516 0.00535516 0.00535516 0.00535516 0.00535516 0.00535516 0.00535516 0.00535516 0.00535516 0.00535516 0.00535516 0.00535516 0.00535516 0.00535516 0.00535516 0.00535516 0.00535516 0.00535516 0.00535516 0.00535516 0.00535516 0.00535516 0.00535516 0.00535516 0.00535516 0.00535516 0.00535516 0.00535516 0.00535516 0.00535516 0.00535516 0.00535516 0.00535516 0.00535516 0.00535516 0.00535516 0.00535516 0.00535516 0.00535516 0.00535516 0.00535516 0.00535516 0.00535516 0.00535516 0.00535516 0.00535516 0.00535516 0.00535516 0.00535516 0.00535516 0.00535516 0.00535516 0.00535516 0.00535516 0.00535516 0.00535516 0.00535516 0.00535516 0.00535516 0.00535517 0.00535518 0.0053552 0.00535526 0.0053554 0.0053557 0.00535636 0.00535769 0.00536031 0.00536521 0.00537394 0.00538875 0.0054126 0.00544893 0.00550098 0.00557037 0.00565452 0.00574212 0.00580534 0.00578867 0.00559864 0.00510708 0.00418415 0.00276263 0.000903008 -0.00119245 -0.00324181 -0.00498703 -0.00626925 -0.00703457 -0.00728682 -0.00703457 -0.00626925 -0.00498703 -0.00324181 -0.00119245 0.000903008 0.00276263 0.00418415 0.00510708 0.00559864 0.00578867 0.00580534 0.00574212 0.00565452 0.00557037 0.00550098 0.00544893 0.0054126 0.00538875 0.00537394 0.00536521 0.00536031 0.00535769 0.00535636 0.0053557 0.0053554 0.00535526 0.0053552 0.00535518 0.00535517 0.00535516 0.00535516 0.00535516 0.00535516 0.00535516 0.00535516 0.00535516 0.00535516 0.00535516 0.00535516 0.00535516 0.00535516 0.00535516 0.00535516 0.00535516 0.00535516 0.00535516 0.00535516 0.00535516 0.00535516 0.00535516 0.00535516 0.00535516 0.00535516 0.00535516 0.00535516 0.00535516 0.00535516 0.00535516 0.00535516 0.00535516 0.00535516 0.00535516 0.00535516 0.00535516 0.00535516 0.00535516 0.00535516 0.00535516 0.00535516 0.00535516 0.00535516 0.00535516 0.00535516 0.00535516 0.00535516 0.00535516 0.00535516 0.00535516 0.00535516 
0.00535516 0.00535516 0.00535516 0.00535516 0.00535516 0.00535516 0.00535516 0.00535516 0.00535516 0.00535516 0.00535516 0.00535516 0.00535516 0.00535516 0.00535516 0.00535516 0.00535516 0.00535516 0.00535516 0.00535516 0.00535516 0.00535516 0.00535516 0.00535516 0.00535516 0.00535516 0.00535516 0.00535516 0.00535516 0.00535516 0.00535516 0.00535516 0.00535516 0.00535516 0.00535516 0.00535516 0.00535516 0.00535516 0.00535516 0.00535516 0.00535516 0.00535516 0.00535516 0.00535516 0.00535516 0.00535516 0.00535516 0.00535516 0.00535516 0.00535516 0.00535516 0.00535516 0.00535516 0.00535516 0.00535516 0.00535516 0.00535516 0.00535516 0.00535516 0.00535516 0.00535516 0.00535516 0.00535516 0.00535516 0.00535516 0.00535516 0.00535516 0.00535516 0.00535516 0.00535516 0.00535516 0.00535516 0.00535516 0.00535516 0.00535516 0.00535516 0.00535516 0.00535516 0.00535516 0.00535516 0.00535516 0.00535516 0.00535516 0.00535516 0.00535516 0.00535516 0.00535516 0.00535516 0.00535516 0.00535517 0.00535518 0.0053552 0.00535526 0.0053554 0.0053557 0.00535636 0.00535769 0.00536031 0.00536521 0.00537394 0.00538875 0.0054126 0.00544893 0.00550098 0.00557037 0.00565452 0.00574212 0.00580534 0.00578867 0.00559864 0.00510708 0.00418415 0.00276263 0.000903008 -0.00119245 -0.00324181 -0.00498703 -0.00626925 -0.00703457 -0.00728682 -0.00703457 -0.00626925 -0.00498703 -0.00324181 -0.00119245 0.000903008 0.00276263 0.00418415 0.00510708 0.00559864 0.00578867 0.00580534 0.00574212 0.00565452 0.00557037 0.00550098 0.00544893 0.0054126 0.00538875 0.00537394 0.00536521 0.00536031 0.00535769 0.00535636 0.0053557 0.0053554 0.00535526 0.0053552 0.00535518 0.00535517 0.00535516 0.00535516 0.00535516 0.00535516 0.00535516 0.00535516 0.00535516 0.00535516 0.00535516 0.00535516 0.00535516 0.00535516 0.00535516 0.00535516 0.00535516 0.00535516 0.00535516 0.00535516 0.00535516 0.00535516 0.00535516 0.00535516 0.00535516 0.00535516 0.00535516 0.00535516 0.00535516 0.00535516 0.00535516 0.00535516 0.00535516 0.00535516 0.00535516 0.00535516 0.00535516 0.00535516 0.00535516 0.00535516 0.00535516 0.00535516 0.00535516 0.00535516 0.00535516 0.00535516 0.00535516 0.00535516 0.00535516 0.00535516 0.00535516 0.00535516 
0.00535516 0.00535516 0.00535516 0.00535516 0.00535516 0.00535516 0.00535516 0.00535516 0.00535516 0.00535516 0.00535516 0.00535516 0.00535516 0.00535516 0.00535516 0.00535516 0.00535516 0.00535516 0.00535516 0.00535516 0.00535516 0.00535516 0.00535516 0.00535516 0.00535516 0.00535516 0.00535516 0.00535516 0.00535516 0.00535516 0.00535516 0.00535516 0.00535516 0.00535516 0.00535516 0.00535516 0.00535516 0.00535516 0.00535516 0.00535516 0.00535516 0.00535516 0.00535516 0.00535516 0.00535516 0.00535516 0.00535516 0.00535516 0.00535516 0.00535516 0.00535516 0.00535516 0.00535516 0.00535516 0.00535516 0.00535516 0.00535516 0.00535516 0.00535516 0.00535516 0.00535516 0.00535516 0.00535516 0.00535516 0.00535516 0.00535516 0.00535516 0.00535516 0.00535516 0.00535516 0.00535516 0.00535516 0.00535516 0.00535516 0.00535516 0.00535516 0.00535516 0.00535516 0.00535516 0.00535516 0.00535516 0.00535516 0.00535516 0.00535516 0.00535516 0.00535516 0.00535516 0.00535516 0.00535516 0.00535517 0.00535518 0.0053552 0.00535526 0.0053554 0.0053557 0.00535636 0.00535769 0.00536031 0.00536521 0.00537394 0.00538875 0.0054126 0.00544893 0.00550098 0.00557037 0.00565452 0.00574212 0.00580534 0.00578867 0.00559864 0.00510708 0.00418415 0.00276263 0.000903008 -0.00119245 -0.00324181 -0.00498703 -0.00626925 -0.00703457 -0.00728682 -0.00703457 -0.00626925 -0.00498703 -0.00324181 -0.00119245 0.000903008 0.00276263 0.00418415 0.00510708 0.00559864 0.00578867 0.00580534 0.00574212 0.00565452 0.00557037 0.00550098 0.00544893 0.0054126 0.00538875 0.00537394 0.00536521 0.00536031 0.00535769 0.00535636 0.0053557 0.0053554 0.00535526 0.0053552 0.00535518 0.00535517 0.00535516 0.00535516 0.00535516 0.00535516 0.00535516 0.00535516 0.00535516 0.00535516 0.00535516 0.00535516 0.00535516 0.00535516 0.00535516 0.00535516 0.00535516 0.00535516 0.00535516 0.00535516 0.00535516 0.00535516 0.00535516 0.00535516 0.00535516 0.00535516 0.00535516 0.00535516 0.00535516 0.00535516 0.00535516 0.00535516 0.00535516 0.00535516 0.00535516 0.00535516 0.00535516 0.00535516 0.00535516 0.00535516 0.00535516 0.00535516 0.00535516 0.00535516 0.00535516 0.00535516 0.00535516 0.00535516 0.00535516 0.00535516 0.00535516 0.00535516 
0.00535516 0.00535516 0.00535516 0.00535516 0.00535516 0.00535516 0.00535516 0.00535516 0.00535516 0.00535516 0.00535516 0.00535516 0.00535516 0.00535516 0.00535516 0.00535516 0.00535516 0.00535516 0.00535516 0.00535516 0.00535516 0.00535516 0.00535516 0.00535516 0.00535516 0.00535516 0.00535516 0.00535516 0.00535516 0.00535516 0.00535516 0.00535516 0.00535516 0.00535516 0.00535516 0.00535516 0.00535516 0.00535516 0.00535516 0.00535516 0.00535516 0.00535516 0.00535516 0.00535516 0.00535516 0.00535516 0.00535516 0.00535516 0.00535516 0.00535516 0.00535516 0.00535516 0.00535516 0.00535516 0.00535516 0.00535516 0.00535516 0.00535516 0.00535516 0.00535516 0.00535516 0.00535516 0.00535516 0.00535516 0.00535516 0.00535516 0.00535516 0.00535516 0.00535516 0.00535516 0.00535516 0.00535516 0.00535516 0.00535516 0.00535516 0.00535516 0.00535516 0.00535516 0.00535516 0.00535516 0.00535516 0.00535516 0.00535516 0.00535516 0.00535516 0.00535516 0.00535516 0.00535516 0.00535516 0.00535517 0.00535518 0.0053552 0.00535526 0.0053554 0.0053557 0.00535636 0.00535769 0.00536031 0.00536521 0.00537394 0.00538875 0.0054126 0.00544893 0.00550098 0.00557037 0.00565452 0.00574212 0.00580534 0.00578867 0.00559864 0.00510708 0.00418415 0.00276263 0.000903008 -0.00119245 -0.00324181 -0.00498703 -0.00626925 -0.00703457 -0.00728682 -0.00703457 -0.00626925 -0.00498703 -0.00324181 -0.00119245 0.000903008 0.00276263 0.00418415 0.00510708 0.00559864 0.00578867 0.00580534 0.00574212 0.00565452 0.00557037 0.00550098 0.00544893 0.0054126 0.00538875 0.00537394 0.00536521 0.00536031 0.00535769 0.00535636 0.0053557 0.0053554 0.00535526 0.0053552 0.00535518 0.00535517 0.00535516 0.00535516 0.00535516 0.00535516 0.00535516 0.00535516 0.00535516 0.00535516 0.00535516 0.00535516 0.00535516 0.00535516 0.00535516 0.00535516 0.00535516 0.00535516 0.00535516 0.00535516 0.00535516 0.00535516 0.00535516 0.00535516 0.00535516 0.00535516 0.00535516 0.00535516 0.00535516 0.00535516 0.00535516 0.00535516 0.00535516 0.00535516 0.00535516 0.00535516 0.00535516 0.00535516 0.00535516 0.00535516 0.00535516 0.00535516 0.00535516 0.00535516 0.00535516 0.00535516 0.00535516 0.00535516 0.00535516 0.00535516 0.00535516 0.00535516 
0.00535516 0.00535516 0.00535516 0.00535516 0.00535516 0.00535516 0.00535516 0.00535516 0.00535516 0.00535516 0.00535516 0.00535516 0.00535516 0.00535516 0.00535516 0.00535516 0.00535516 0.00535516 0.00535516 0.00535516 0.00535516 0.00535516 0.00535516 0.00535516 0.00535516 0.00535516 0.00535516 0.00535516 0.00535516 0.00535516 0.00535516 0.00535516 0.00535516 0.00535516 0.00535516 0.00535516 0.00535516 0.00535516 0.00535516 0.00535516 0.00535516 0.00535516 0.00535516 0.00535516 0.00535516 0.00535516 0.00535516 0.00535516 0.00535516 0.00535516 0.00535516 0.00535516 0.00535516 0.00535516 0.00535516 0.00535516 0.00535516 0.00535516 0.00535516 0.00535516 0.00535516 0.00535516 0.00535516 0.00535516 0.00535516 0.00535516 0.00535516 0.00535516 0.00535516 0.00535516 0.00535516 0.00535516 0.00535516 0.00535516 0.00535516 0.00535516 0.00535516 0.00535516 0.00535516 0.00535516 0.00535516 0.00535516 0.00535516 0.00535516 0.00535516 0.00535516 0.00535516 0.00535516 0.00535516 0.00535517 0.00535518 0.0053552 0.00535526 0.0053554 0.0053557 0.00535636 0.00535769 0.00536031 0.00536521 0.00537394 0.00538875 0.0054126 0.00544893 0.00550098 0.00557037 0.00565452 0.00574212 0.00580534 0.00578867 0.00559864 0.00510708 0.00418415 0.00276263 0.000903008 -0.00119245 -0.00324181 -0.00498703 -0.00626925 -0.00703457 -0.00728682 -0.00703457 -0.00626925 -0.00498703 -0.00324181 -0.00119245 0.000903008 0.00276263 0.00418415 0.00510708 0.00559864 0.00578867 0.00580534 0.00574212 0.00565452 0.00557037 0.00550098 0.00544893 0.0054126 0.00538875 0.00537394 0.00536521 0.00536031 0.00535769 0.00535636 0.0053557 0.0053554 0.00535526 0.0053552 0.00535518 0.00535517 0.00535516 0.00535516 0.00535516 0.00535516 0.00535516 0.00535516 0.00535516 0.00535516 0.00535516 0.00535516 0.00535516 0.00535516 0.00535516 0.00535516 0.00535516 0.00535516 0.00535516 0.00535516 0.00535516 0.00535516 0.00535516 0.00535516 0.00535516 0.00535516 0.00535516 0.00535516 0.00535516 0.00535516 0.00535516 0.00535516 0.00535516 0.00535516 0.00535516 0.00535516 0.00535516 0.00535516 0.00535516 0.00535516 0.00535516 0.00535516 0.00535516 0.00535516 0.00535516 0.00535516 0.00535516 0.00535516 0.00535516 0.00535516 0.00535516 0.00535516 
0.00535516 0.00535516 0.00535516 0.00535516 0.00535516 0.00535516 0.00535516 0.00535516 0.00535516 0.00535516 0.00535516 0.00535516 0.00535516 0.00535516 0.00535516 0.00535516 0.00535516 0.00535516 0.00535516 0.00535516 0.00535516 0.00535516 0.00535516 0.00535516 0.00535516 0.00535516 0.00535516 0.00535516 0.00535516 0.00535516 0.00535516 0.00535516 0.00535516 0.00535516 0.00535516 0.00535516 0.00535516 0.00535516 0.00535516 0.00535516 0.00535516 0.00535516 0.00535516 0.00535516 0.00535516 0.00535516 0.00535516 0.00535516 0.00535516 0.00535516 0.00535516 0.00535516 0.00535516 0.00535516 0.00535516 0.00535516 0.00535516 0.00535516 0.00535516 0.00535516 0.00535516 0.00535516 0.00535516 0.00535516 0.00535516 0.00535516 0.00535516 0.00535516 0.00535516 0.00535516 0.00535516 0.00535516 0.00535516 0.00535516 0.00535516 0.00535516 0.00535516 0.00535516 0.00535516 0.00535516 0.00535516 0.00535516 0.00535516 0.00535516 0.00535516 0.00535516 0.00535516 0.00535516 0.00535516 0.00535517 0.00535518 0.0053552 0.00535526 0.0053554 0.0053557 0.00535636 0.00535769 0.00536031 0.00536521 0.00537394 0.00538875 0.0054126 0.00544893 0.00550098 0.00557037 0.00565452 0.00574212 0.00580534 0.00578867 0.00559864 0.00510708 0.00418415 0.00276263 0.000903008 -0.00119245 -0.00324181 -0.00498703 -0.00626925 -0.00703457 -0.00728682 -0.00703457 -0.00626925 -0.00498703 -0.00324181 -0.00119245 0.000903008 0.00276263 0.00418415 0.00510708 0.00559864 0.00578867 0.00580534 0.00574212 0.00565452 0.00557037 0.00550098 0.00544893 0.0054126 0.00538875 0.00537394 0.00536521 0.00536031 0.00535769 0.00535636 0.0053557 0.0053554 0.00535526 0.0053552 0.00535518 0.00535517 0.00535516 0.00535516 0.00535516 0.00535516 0.00535516 0.00535516 0.00535516 0.00535516 0.00535516 0.00535516 0.00535516 0.00535516 0.00535516 0.00535516 0.00535516 0.00535516 0.00535516 0.00535516 0.00535516 0.00535516 0.00535516 0.00535516 0.00535516 0.00535516 0.00535516 0.00535516 0.00535516 0.00535516 0.00535516 0.00535516 0.00535516 0.00535516 0.00535516 0.00535516 0.00535516 0.00535516 0.00535516 0.00535516 0.00535516 0.00535516 0.00535516 0.00535516 0.00535516 0.00535516 0.00535516 0.00535516 0.00535516 0.00535516 0.00535516 0.00535516 
0.00535516 0.00535516 0.00535516 0.00535516 0.00535516 0.00535516 0.00535516 0.00535516 0.00535516 0.00535516 0.00535516 0.00535516 0.00535516 0.00535516 0.00535516 0.00535516 0.00535516 0.00535516 0.00535516 0.00535516 0.00535516 0.00535516 0.00535516 0.00535516 0.00535516 0.00535516 0.00535516 0.00535516 0.00535516 0.00535516 0.00535516 0.00535516 0.00535516 0.00535516 0.00535516 0.00535516 0.00535516 0.00535516 0.00535516 0.00535516 0.00535516 0.00535516 0.00535516 0.00535516 0.00535516 0.00535516 0.00535516 0.00535516 0.00535516 0.00535516 0.00535516 0.00535516 0.00535516 0.00535516 0.00535516 0.00535516 0.00535516 0.00535516 0.00535516 0.00535516 0.00535516 0.00535516 0.00535516 0.00535516 0.00535516 0.00535516 0.00535516 0.00535516 0.00535516 0.00535516 0.00535516 0.00535516 0.00535516 0.00535516 0.00535516 0.00535516 0.00535516 0.00535516 0.00535516 0.00535516 0.00535516 0.00535516 0.00535516 0.00535516 0.00535516 0.00535516 0.00535516 0.00535516 0.00535516 0.00535517 0.00535518 0.0053552 0.00535526 0.0053554 0.0053557 0.00535636 0.00535769 0.00536031 0.00536521 0.00537394 0.00538875 0.0054126 0.00544893 0.00550098 0.00557037 0.00565452 0.00574212 0.00580534 0.00578867 0.00559864 0.00510708 0.00418415 0.00276263 0.000903008 -0.00119245 -0.00324181 -0.00498703 -0.00626925 -0.00703457 -0.00728682 -0.00703457 -0.00626925 -0.00498703 -0.00324181 -0.00119245 0.000903008 0.00276263 0.00418415 0.00510708 0.00559864 0.00578867 0.00580534 0.00574212 0.00565452 0.00557037 0.00550098 0.00544893 0.0054126 0.00538875 0.00537394 0.00536521 0.00536031 0.00535769 0.00535636 0.0053557 0.0053554 0.00535526 0.0053552 0.00535518 0.00535517 0.00535516 0.00535516 0.00535516 0.00535516 0.00535516 0.00535516 0.00535516 0.00535516 0.00535516 0.00535516 0.00535516 0.00535516 0.00535516 0.00535516 0.00535516 0.00535516 0.00535516 0.00535516 0.00535516 0.00535516 0.00535516 0.00535516 0.00535516 0.00535516 0.00535516 0.00535516 0.00535516 0.00535516 0.00535516 0.00535516 0.00535516 0.00535516 0.00535516 0.00535516 0.00535516 0.00535516 0.00535516 0.00535516 0.00535516 0.00535516 0.00535516 0.00535516 0.00535516 0.00535516 0.00535516 0.00535516 0.00535516 0.00535516 0.00535516 0.00535516 
0.00535516 0.00535516 0.00535516 0.00535516 0.00535516 0.00535516 0.00535516 0.00535516 0.00535516 0.00535516 0.00535516 0.00535516 0.00535516 0.00535516 0.00535516 0.00535516 0.00535516 0.00535516 0.00535516 0.00535516 0.00535516 0.00535516 0.00535516 0.00535516 0.00535516 0.00535516 0.00535516 0.00535516 0.00535516 0.00535516 0.00535516 0.00535516 0.00535516 0.00535516 0.00535516 0.00535516 0.00535516 0.00535516 0.00535516 0.00535516 0.00535516 0.00535516 0.00535516 0.00535516 0.00535516 0.00535516 0.00535516 0.00535516 0.00535516 0.00535516 0.00535516 0.00535516 0.00535516 0.00535516 0.00535516 0.00535516 0.00535516 0.00535516 0.00535516 0.00535516 0.00535516 0.00535516 0.00535516 0.00535516 0.00535516 0.00535516 0.00535516 0.00535516 0.00535516 0.00535516 0.00535516 0.00535516 0.00535516 0.00535516 0.00535516 0.00535516 0.00535516 0.00535516 0.00535516 0.00535516 0.00535516 0.00535516 0.00535516 0.00535516 0.00535516 0.00535516 0.00535516 0.00535516 0.00535516 0.00535517 0.00535518 0.0053552 0.00535526 0.0053554 0.0053557 0.00535636 0.00535769 0.00536031 0.00536521 0.00537394 0.00538875 0.0054126 0.00544893 0.00550098 0.00557037 0.00565452 0.00574212 0.00580534 0.00578867 0.00559864 0.00510708 0.00418415 0.00276263 0.000903008 -0.00119245 -0.00324181 -0.00498703 -0.00626925 -0.00703457 -0.00728682 -0.00703457 -0.00626925 -0.00498703 -0.00324181 -0.00119245 0.000903008 0.00276263 0.00418415 0.00510708 0.00559864 0.00578867 0.00580534 0.00574212 0.00565452 0.00557037 0.00550098 0.00544893 0.0054126 0.00538875 0.00537394 0.00536521 0.00536031 0.00535769 0.00535636 0.0053557 0.0053554 0.00535526 0.0053552 0.00535518 0.00535517 0.00535516 0.00535516 0.00535516 0.00535516 0.00535516 0.00535516 0.00535516 0.00535516 0.00535516 0.00535516 0.00535516 0.00535516 0.00535516 0.00535516 0.00535516 0.00535516 0.00535516 0.00535516 0.00535516 0.00535516 0.00535516 0.00535516 0.00535516 0.00535516 0.00535516 0.00535516 0.00535516 0.00535516 0.00535516 0.00535516 0.00535516 0.00535516 0.00535516 0.00535516 0.00535516 0.00535516 0.00535516 0.00535516 0.00535516 0.00535516 0.00535516 0.00535516 0.00535516 0.00535516 0.00535516 0.00535516 0.00535516 0.00535516 0.00535516 0.00535516 
0.00535516 0.00535516 0.00535516 0.00535516 0.00535516 0.00535516 0.00535516 0.00535516 0.00535516 0.00535516 0.00535516 0.00535516 0.00535516 0.00535516 0.00535516 0.00535516 0.00535516 0.00535516 0.00535516 0.00535516 0.00535516 0.00535516 0.00535516 0.00535516 0.00535516 0.00535516 0.00535516 0.00535516 0.00535516 0.00535516 0.00535516 0.00535516 0.00535516 0.00535516 0.00535516 0.00535516 0.00535516 0.00535516 0.00535516 0.00535516 0.00535516 0.00535516 0.00535516 0.00535516 0.00535516 0.00535516 0.00535516 0.00535516 0.00535516 0.00535516 0.00535516 0.00535516 0.00535516 0.00535516 0.00535516 0.00535516 0.00535516 0.00535516 0.00535516 0.00535516 0.00535516 0.00535516 0.00535516 0.00535516 0.00535516 0.00535516 0.00535516 0.00535516 0.00535516 0.00535516 0.00535516 0.00535516 0.00535516 0.00535516 0.00535516 0.00535516 0.00535516 0.00535516 0.00535516 0.00535516 0.00535516 0.00535516 0.00535516 0.00535516 0.00535516 0.00535516 0.00535516 0.00535516 0.00535516 0.00535517 0.00535518 0.0053552 0.00535526 0.0053554 0.0053557 0.00535636 0.00535769 0.00536031 0.00536521 0.00537394 0.00538875 0.0054126 0.00544893 0.00550098 0.00557037 0.00565452 0.00574212 0.00580534 0.00578867 0.00559864 0.00510708 0.00418415 0.00276263 0.000903008 -0.00119245 -0.00324181 -0.00498703 -0.00626925 -0.00703457 -0.00728682 -0.00703457 -0.00626925 -0.00498703 -0.00324181 -0.00119245 0.000903008 0.00276263 0.00418415 0.00510708 0.00559864 0.00578867 0.00580534 0.00574212 0.00565452 0.00557037 0.00550098 0.00544893 0.0054126 0.00538875 0.00537394 0.00536521 0.00536031 0.00535769 0.00535636 0.0053557 0.0053554 0.00535526 0.0053552 0.00535518 0.00535517 0.00535516 0.00535516 0.00535516 0.00535516 0.00535516 0.00535516 0.00535516 0.00535516 0.00535516 0.00535516 0.00535516 0.00535516 0.00535516 0.00535516 0.00535516 0.00535516 0.00535516 0.00535516 0.00535516 0.00535516 0.00535516 0.00535516 0.00535516 0.00535516 0.00535516 0.00535516 0.00535516 0.00535516 0.00535516 0.00535516 0.00535516 0.00535516 0.00535516 0.00535516 0.00535516 0.00535516 0.00535516 0.00535516 0.00535516 0.00535516 0.00535516 0.00535516 0.00535516 0.00535516 0.00535516 0.00535516 0.00535516 0.00535516 0.00535516 0.00535516 
0.00535516 0.00535516 0.00535516 0.00535516 0.00535516 0.00535516 0.00535516 0.00535516 0.00535516 0.00535516 0.00535516 0.00535516 0.00535516 0.00535516 0.00535516 0.00535516 0.00535516 0.00535516 0.00535516 0.00535516 0.00535516 0.00535516 0.00535516 0.00535516 0.00535516 0.00535516 0.00535516 0.00535516 0.00535516 0.00535516 0.00535516 0.00535516 0.00535516 0.00535516 0.00535516 0.00535516 0.00535516 0.00535516 0.00535516 0.00535516 0.00535516 0.00535516 0.00535516 0.00535516 0.00535516 0.00535516 0.00535516 0.00535516 0.00535516 0.00535516 0.00535516 0.00535516 0.00535516 0.00535516 0.00535516 0.00535516 0.00535516 0.00535516 0.00535516 0.00535516 0.00535516 0.00535516 0.00535516 0.00535516 0.00535516 0.00535516 0.00535516 0.00535516 0.00535516 0.00535516 0.00535516 0.00535516 0.00535516 0.00535516 0.00535516 0.00535516 0.00535516 0.00535516 0.00535516 0.00535516 0.00535516 0.00535516 0.00535516 0.00535516 0.00535516 0.00535516 0.00535516 0.00535516 0.00535516 0.00535517 0.00535518 0.0053552 0.00535526 0.0053554 0.0053557 0.00535636 0.00535769 0.00536031 0.00536521 0.00537394 0.00538875 0.0054126 0.00544893 0.00550098 0.00557037 0.00565452 0.00574212 0.00580534 0.00578867 0.00559864 0.00510708 0.00418415 0.00276263 0.000903008 -0.00119245 -0.00324181 -0.00498703 -0.00626925 -0.00703457 -0.00728682 -0.00703457 -0.00626925 -0.00498703 -0.00324181 -0.00119245 0.000903008 0.00276263 0.00418415 0.00510708 0.00559864 0.00578867 0.00580534 0.00574212 0.00565452 0.00557037 0.00550098 0.00544893 0.0054126 0.00538875 0.00537394 0.00536521 0.00536031 0.00535769 0.00535636 0.0053557 0.0053554 0.00535526 0.0053552 0.00535518 0.00535517 0.00535516 0.00535516 0.00535516 0.00535516 0.00535516 0.00535516 0.00535516 0.00535516 0.00535516 0.00535516 0.00535516 0.00535516 0.00535516 0.00535516 0.00535516 0.00535516 0.00535516 0.00535516 0.00535516 0.00535516 0.00535516 0.00535516 0.00535516 0.00535516 0.00535516 0.00535516 0.00535516 0.00535516 0.00535516 0.00535516 0.00535516 0.00535516 0.00535516 0.00535516 0.00535516 0.00535516 0.00535516 0.00535516 0.00535516 0.00535516 0.00535516 0.00535516 0.00535516 0.00535516 0.00535516 0.00535516 0.00535516 0.00535516 0.00535516 0.00535516 
0.00535516 0.00535516 0.00535516 0.00535516 0.00535516 0.00535516 0.00535516 0.00535516 0.00535516 0.00535516 0.00535516 0.00535516 0.00535516 0.00535516 0.00535516 0.00535516 0.00535516 0.00535516 0.00535516 0.00535516 0.00535516 0.00535516 0.00535516 0.00535516 0.00535516 0.00535516 0.00535516 0.00535516 0.00535516 0.00535516 0.00535516 0.00535516 0.00535516 0.00535516 0.00535516 0.00535516 0.00535516 0.00535516 0.00535516 0.00535516 0.00535516 0.00535516 0.00535516 0.00535516 0.00535516 0.00535516 0.00535516 0.00535516 0.00535516 0.00535516 0.00535516 0.00535516 0.00535516 0.00535516 0.00535516 0.00535516 0.00535516 0.00535516 0.00535516 0.00535516 0.00535516 0.00535516 0.00535516 0.00535516 0.00535516 0.00535516 0.00535516 0.00535516 0.00535516 0.00535516 0.00535516 0.00535516 0.00535516 0.00535516 0.00535516 0.00535516 0.00535516 0.00535516 0.00535516 0.00535516 0.00535516 0.00535516 0.00535516 0.00535516 0.00535516 0.00535516 0.00535516 0.00535516 0.00535516 0.00535517 0.00535518 0.0053552 0.00535526 0.0053554 0.0053557 0.00535636 0.00535769 0.00536031 0.00536521 0.00537394 0.00538875 0.0054126 0.00544893 0.00550098 0.00557037 0.00565452 0.00574212 0.00580534 0.00578867 0.00559864 0.00510708 0.00418415 0.00276263 0.000903008 -0.00119245 -0.00324181 -0.00498703 -0.00626925 -0.00703457 -0.00728682 -0.00703457 -0.00626925 -0.00498703 -0.00324181 -0.00119245 0.000903008 0.00276263 0.00418415 0.00510708 0.00559864 0.00578867 0.00580534 0.00574212 0.00565452 0.00557037 0.00550098 0.00544893 0.0054126 0.00538875 0.00537394 0.00536521 0.00536031 0.00535769 0.00535636 0.0053557 0.0053554 0.00535526 0.0053552 0.00535518 0.00535517 0.00535516 0.00535516 0.00535516 0.00535516 0.00535516 0.00535516 0.00535516 0.00535516 0.00535516 0.00535516 0.00535516 0.00535516 0.00535516 0.00535516 0.00535516 0.00535516 0.00535516 0.00535516 0.00535516 0.00535516 0.00535516 0.00535516 0.00535516 0.00535516 0.00535516 0.00535516 0.00535516 0.00535516 0.00535516 0.00535516 0.00535516 0.00535516 0.00535516 0.00535516 0.00535516 0.00535516 0.00535516 0.00535516 0.00535516 0.00535516 0.00535516 0.00535516 0.00535516 0.00535516 0.00535516 0.00535516 0.00535516 0.00535516 0.00535516 0.00535516 
0.00535516 0.00535516 0.00535516 0.00535516 0.00535516 0.00535516 0.00535516 0.00535516 0.00535516 0.00535516 0.00535516 0.00535516 0.00535516 0.00535516 0.00535516 0.00535516 0.00535516 0.00535516 0.00535516 0.00535516 0.00535516 0.00535516 0.00535516 0.00535516 0.00535516 0.00535516 0.00535516 0.00535516 0.00535516 0.00535516 0.00535516 0.00535516 0.00535516 0.00535516 0.00535516 0.00535516 0.00535516 0.00535516 0.00535516 0.00535516 0.00535516 0.00535516 0.00535516 0.00535516 0.00535516 0.00535516 0.00535516 0.00535516 0.00535516 0.00535516 0.00535516 0.00535516 0.00535516 0.00535516 0.00535516 0.00535516 0.00535516 0.00535516 0.00535516 0.00535516 0.00535516 0.00535516 0.00535516 0.00535516 0.00535516 0.00535516 0.00535516 0.00535516 0.00535516 0.00535516 0.00535516 0.00535516 0.00535516 0.00535516 0.00535516 0.00535516 0.00535516 0.00535516 0.00535516 0.00535516 0.00535516 0.00535516 0.00535516 0.00535516 0.00535516 0.00535516 0.00535516 0.00535516 0.00535516 0.00535517 0.00535518 0.0053552 0.00535526 0.0053554 0.0053557 0.00535636 0.00535769 0.00536031 0.00536521 0.00537394 0.00538875 0.0054126 0.00544893 0.00550098 0.00557037 0.00565452 0.00574212 0.00580534 0.00578867 0.00559864 0.00510708 0.00418415 0.00276263 0.000903008 -0.00119245 -0.00324181 -0.00498703 -0.00626925 -0.00703457 -0.00728682 -0.00703457 -0.00626925 -0.00498703 -0.00324181 -0.00119245 0.000903008 0.00276263 0.00418415 0.00510708 0.00559864 0.00578867 0.00580534 0.00574212 0.00565452 0.00557037 0.00550098 0.00544893 0.0054126 0.00538875 0.00537394 0.00536521 0.00536031 0.00535769 0.00535636 0.0053557 0.0053554 0.00535526 0.0053552 0.00535518 0.00535517 0.00535516 0.00535516 0.00535516 0.00535516 0.00535516 0.00535516 0.00535516 0.00535516 0.00535516 0.00535516 0.00535516 0.00535516 0.00535516 0.00535516 0.00535516 0.00535516 0.00535516 0.00535516 0.00535516 0.00535516 0.00535516 0.00535516 0.00535516 0.00535516 0.00535516 0.00535516 0.00535516 0.00535516 0.00535516 0.00535516 0.00535516 0.00535516 0.00535516 0.00535516 0.00535516 0.00535516 0.00535516 0.00535516 0.00535516 0.00535516 0.00535516 0.00535516 0.00535516 0.00535516 0.00535516 0.00535516 0.00535516 0.00535516 0.00535516 0.00535516 
0.00535516 0.00535516 0.00535516 0.00535516 0.00535516 0.00535516 0.00535516 0.00535516 0.00535516 0.00535516 0.00535516 0.00535516 0.00535516 0.00535516 0.00535516 0.00535516 0.00535516 0.00535516 0.00535516 0.00535516 0.00535516 0.00535516 0.00535516 0.00535516 0.00535516 0.00535516 0.00535516 0.00535516 0.00535516 0.00535516 0.00535516 0.00535516 0.00535516 0.00535516 0.00535516 0.00535516 0.00535516 0.00535516 0.00535516 0.00535516 0.00535516 0.00535516 0.00535516 0.00535516 0.00535516 0.00535516 0.00535516 0.00535516 0.00535516 0.00535516 0.00535516 0.00535516 0.00535516 0.00535516 0.00535516 0.00535516 0.00535516 0.00535516 0.00535516 0.00535516 0.00535516 0.00535516 0.00535516 0.00535516 0.00535516 0.00535516 0.00535516 0.00535516 0.00535516 0.00535516 0.00535516 0.00535516 0.00535516 0.00535516 0.00535516 0.00535516 0.00535516 0.00535516 0.00535516 0.00535516 0.00535516 0.00535516 0.00535516 0.00535516 0.00535516 0.00535516 0.00535516 0.00535516 0.00535516 0.00535517 0.00535518 0.0053552 0.00535526 0.0053554 0.0053557 0.00535636 0.00535769 0.00536031 0.00536521 0.00537394 0.00538875 0.0054126 0.00544893 0.00550098 0.00557037 0.00565452 0.00574212 0.00580534 0.00578867 0.00559864 0.00510708 0.00418415 0.00276263 0.000903008 -0.00119245 -0.00324181 -0.00498703 -0.00626925 -0.00703457 -0.00728682 -0.00703457 -0.00626925 -0.00498703 -0.00324181 -0.00119245 0.000903008 0.00276263 0.00418415 0.00510708 0.00559864 0.00578867 0.00580534 0.00574212 0.00565452 0.00557037 0.00550098 0.00544893 0.0054126 0.00538875 0.00537394 0.00536521 0.00536031 0.00535769 0.00535636 0.0053557 0.0053554 0.00535526 0.0053552 0.00535518 0.00535517 0.00535516 0.00535516 0.00535516 0.00535516 0.00535516 0.00535516 0.00535516 0.00535516 0.00535516 0.00535516 0.00535516 0.00535516 0.00535516 0.00535516 0.00535516 0.00535516 0.00535516 0.00535516 0.00535516 0.00535516 0.00535516 0.00535516 0.00535516 0.00535516 0.00535516 0.00535516 0.00535516 0.00535516 0.00535516 0.00535516 0.00535516 0.00535516 0.00535516 0.00535516 0.00535516 0.00535516 0.00535516 0.00535516 0.00535516 0.00535516 0.00535516 0.00535516 0.00535516 0.00535516 0.00535516 0.00535516 0.00535516 0.00535516 0.00535516 0.00535516 
0.00535516 0.00535516 0.00535516 0.00535516 0.00535516 0.00535516 0.00535516 0.00535516 0.00535516 0.00535516 0.00535516 0.00535516 0.00535516 0.00535516 0.00535516 0.00535516 0.00535516 0.00535516 0.00535516 0.00535516 0.00535516 0.00535516 0.00535516 0.00535516 0.00535516 0.00535516 0.00535516 0.00535516 0.00535516 0.00535516 0.00535516 0.00535516 0.00535516 0.00535516 0.00535516 0.00535516 0.00535516 0.00535516 0.00535516 0.00535516 0.00535516 0.00535516 0.00535516 0.00535516 0.00535516 0.00535516 0.00535516 0.00535516 0.00535516 0.00535516 0.00535516 0.00535516 0.00535516 0.00535516 0.00535516 0.00535516 0.00535516 0.00535516 0.00535516 0.00535516 0.00535516 0.00535516 0.00535516 0.00535516 0.00535516 0.00535516 0.00535516 0.00535516 0.00535516 0.00535516 0.00535516 0.00535516 0.00535516 0.00535516 0.00535516 0.00535516 0.00535516 0.00535516 0.00535516 0.00535516 0.00535516 0.00535516 0.00535516 0.00535516 0.00535516 0.00535516 0.00535516 0.00535516 0.00535516 0.00535517 0.00535518 0.0053552 0.00535526 0.0053554 0.0053557 0.00535636 0.00535769 0.00536031 0.00536521 0.00537394 0.00538875 0.0054126 0.00544893 0.00550098 0.00557037 0.00565452 0.00574212 0.00580534 0.00578867 0.00559864 0.00510708 0.00418415 0.00276263 0.000903008 -0.00119245 -0.00324181 -0.00498703 -0.00626925 -0.00703457 -0.00728682 -0.00703457 -0.00626925 -0.00498703 -0.00324181 -0.00119245 0.000903008 0.00276263 0.00418415 0.00510708 0.00559864 0.00578867 0.00580534 0.00574212 0.00565452 0.00557037 0.00550098 0.00544893 0.0054126 0.00538875 0.00537394 0.00536521 0.00536031 0.00535769 0.00535636 0.0053557 0.0053554 0.00535526 0.0053552 0.00535518 0.00535517 0.00535516 0.00535516 0.00535516 0.00535516 0.00535516 0.00535516 0.00535516 0.00535516 0.00535516 0.00535516 0.00535516 0.00535516 0.00535516 0.00535516 0.00535516 0.00535516 0.00535516 0.00535516 0.00535516 0.00535516 0.00535516 0.00535516 0.00535516 0.00535516 0.00535516 0.00535516 0.00535516 0.00535516 0.00535516 0.00535516 0.00535516 0.00535516 0.00535516 0.00535516 0.00535516 0.00535516 0.00535516 0.00535516 0.00535516 0.00535516 0.00535516 0.00535516 0.00535516 0.00535516 0.00535516 0.00535516 0.00535516 0.00535516 0.00535516 0.00535516 
0.00535516 0.00535516 0.00535516 0.00535516 0.00535516 0.00535516 0.00535516 0.00535516 0.00535516 0.00535516 0.00535516 0.00535516 0.00535516 0.00535516 0.00535516 0.00535516 0.00535516 0.00535516 0.00535516 0.00535516 0.00535516 0.00535516 0.00535516 0.00535516 0.00535516 0.00535516 0.00535516 0.00535516 0.00535516 0.00535516 0.00535516 0.00535516 0.00535516 0.00535516 0.00535516 0.00535516 0.00535516 0.00535516 0.00535516 0.00535516 0.00535516 0.00535516 0.00535516 0.00535516 0.00535516 0.00535516 0.00535516 0.00535516 0.00535516 0.00535516 0.00535516 0.00535516 0.00535516 0.00535516 0.00535516 0.00535516 0.00535516 0.00535516 0.00535516 0.00535516 0.00535516 0.00535516 0.00535516 0.00535516 0.00535516 0.00535516 0.00535516 0.00535516 0.00535516 0.00535516 0.00535516 0.00535516 0.00535516 0.00535516 0.00535516 0.00535516 0.00535516 0.00535516 0.00535516 0.00535516 0.00535516 0.00535516 0.00535516 0.00535516 0.00535516 0.00535516 0.00535516 0.00535516 0.00535516 0.00535517 0.00535518 0.0053552 0.00535526 0.0053554 0.0053557 0.00535636 0.00535769 0.00536031 0.00536521 0.00537394 0.00538875 0.0054126 0.00544893 0.00550098 0.00557037 0.00565452 0.00574212 0.00580534 0.00578867 0.00559864 0.00510708 0.00418415 0.00276263 0.000903008 -0.00119245 -0.00324181 -0.00498703 -0.00626925 -0.00703457 -0.00728682 -0.00703457 -0.00626925 -0.00498703 -0.00324181 -0.00119245 0.000903008 0.00276263 0.00418415 0.00510708 0.00559864 0.00578867 0.00580534 0.00574212 0.00565452 0.00557037 0.00550098 0.00544893 0.0054126 0.00538875 0.00537394 0.00536521 0.00536031 0.00535769 0.00535636 0.0053557 0.0053554 0.00535526 0.0053552 0.00535518 0.00535517 0.00535516 0.00535516 0.00535516 0.00535516 0.00535516 0.00535516 0.00535516 0.00535516 0.00535516 0.00535516 0.00535516 0.00535516 0.00535516 0.00535516 0.00535516 0.00535516 0.00535516 0.00535516 0.00535516 0.00535516 0.00535516 0.00535516 0.00535516 0.00535516 0.00535516 0.00535516 0.00535516 0.00535516 0.00535516 0.00535516 0.00535516 0.00535516 0.00535516 0.00535516 0.00535516 0.00535516 0.00535516 0.00535516 0.00535516 0.00535516 0.00535516 0.00535516 0.00535516 0.00535516 0.00535516 0.00535516 0.00535516 0.00535516 0.00535516 0.00535516 
0.00535516 0.00535516 0.00535516 0.00535516 0.00535516 0.00535516 0.00535516 0.00535516 0.00535516 0.00535516 0.00535516 0.00535516 0.00535516 0.00535516 0.00535516 0.00535516 0.00535516 0.00535516 0.00535516 0.00535516 0.00535516 0.00535516 0.00535516 0.00535516 0.00535516 0.00535516 0.00535516 0.00535516 0.00535516 0.00535516 0.00535516 0.00535516 0.00535516 0.00535516 0.00535516 0.00535516 0.00535516 0.00535516 0.00535516 0.00535516 0.00535516 0.00535516 0.00535516 0.00535516 0.00535516 0.00535516 0.00535516 0.00535516 0.00535516 0.00535516 0.00535516 0.00535516 0.00535516 0.00535516 0.00535516 0.00535516 0.00535516 0.00535516 0.00535516 0.00535516 0.00535516 0.00535516 0.00535516 0.00535516 0.00535516 0.00535516 0.00535516 0.00535516 0.00535516 0.00535516 0.00535516 0.00535516 0.00535516 0.00535516 0.00535516 0.00535516 0.00535516 0.00535516 0.00535516 0.00535516 0.00535516 0.00535516 0.00535516 0.00535516 0.00535516 0.00535516 0.00535516 0.00535516 0.00535516 0.00535517 0.00535518 0.0053552 0.00535526 0.0053554 0.0053557 0.00535636 0.00535769 0.00536031 0.00536521 0.00537394 0.00538875 0.0054126 0.00544893 0.00550098 0.00557037 0.00565452 0.00574212 0.00580534 0.00578867 0.00559864 0.00510708 0.00418415 0.00276263 0.000903008 -0.00119245 -0.00324181 -0.00498703 -0.00626925 -0.00703457 -0.00728682 -0.00703457 -0.00626925 -0.00498703 -0.00324181 -0.00119245 0.000903008 0.00276263 0.00418415 0.00510708 0.00559864 0.00578867 0.00580534 0.00574212 0.00565452 0.00557037 0.00550098 0.00544893 0.0054126 0.00538875 0.00537394 0.00536521 0.00536031 0.00535769 0.00535636 0.0053557 0.0053554 0.00535526 0.0053552 0.00535518 0.00535517 0.00535516 0.00535516 0.00535516 0.00535516 0.00535516 0.00535516 0.00535516 0.00535516 0.00535516 0.00535516 0.00535516 0.00535516 0.00535516 0.00535516 0.00535516 0.00535516 0.00535516 0.00535516 0.00535516 0.00535516 0.00535516 0.00535516 0.00535516 0.00535516 0.00535516 0.00535516 0.00535516 0.00535516 0.00535516 0.00535516 0.00535516 0.00535516 0.00535516 0.00535516 0.00535516 0.00535516 0.00535516 0.00535516 0.00535516 0.00535516 0.00535516 0.00535516 0.00535516 0.00535516 0.00535516 0.00535516 0.00535516 0.00535516 0.00535516 0.00535516 
0.00535516 0.00535516 0.00535516 0.00535516 0.00535516 0.00535516 0.00535516 0.00535516 0.00535516 0.00535516 0.00535516 0.00535516 0.00535516 0.00535516 0.00535516 0.00535516 0.00535516 0.00535516 0.00535516 0.00535516 0.00535516 0.00535516 0.00535516 0.00535516 0.00535516 0.00535516 0.00535516 0.00535516 0.00535516 0.00535516 0.00535516 0.00535516 0.00535516 0.00535516 0.00535516 0.00535516 0.00535516 0.00535516 0.00535516 0.00535516 0.00535516 0.00535516 0.00535516 0.00535516 0.00535516 0.00535516 0.00535516 0.00535516 0.00535516 0.00535516 0.00535516 0.00535516 0.00535516 0.00535516 0.00535516 0.00535516 0.00535516 0.00535516 0.00535516 0.00535516 0.00535516 0.00535516 0.00535516 0.00535516 0.00535516 0.00535516 0.00535516 0.00535516 0.00535516 0.00535516 0.00535516 0.00535516 0.00535516 0.00535516 0.00535516 0.00535516 0.00535516 0.00535516 0.00535516 0.00535516 0.00535516 0.00535516 0.00535516 0.00535516 0.00535516 0.00535516 0.00535516 0.00535516 0.00535516 0.00535517 0.00535518 0.0053552 0.00535526 0.0053554 0.0053557 0.00535636 0.00535769 0.00536031 0.00536521 0.00537394 0.00538875 0.0054126 0.00544893 0.00550098 0.00557037 0.00565452 0.00574212 0.00580534 0.00578867 0.00559864 0.00510708 0.00418415 0.00276263 0.000903008 -0.00119245 -0.00324181 -0.00498703 -0.00626925 -0.00703457 -0.00728682 -0.00703457 -0.00626925 -0.00498703 -0.00324181 -0.00119245 0.000903008 0.00276263 0.00418415 0.00510708 0.00559864 0.00578867 0.00580534 0.00574212 0.00565452 0.00557037 0.00550098 0.00544893 0.0054126 0.00538875 0.00537394 0.00536521 0.00536031 0.00535769 0.00535636 0.0053557 0.0053554 0.00535526 0.0053552 0.00535518 0.00535517 0.00535516 0.00535516 0.00535516 0.00535516 0.00535516 0.00535516 0.00535516 0.00535516 0.00535516 0.00535516 0.00535516 0.00535516 0.00535516 0.00535516 0.00535516 0.00535516 0.00535516 0.00535516 0.00535516 0.00535516 0.00535516 0.00535516 0.00535516 0.00535516 0.00535516 0.00535516 0.00535516 0.00535516 0.00535516 0.00535516 0.00535516 0.00535516 0.00535516 0.00535516 0.00535516 0.00535516 0.00535516 0.00535516 0.00535516 0.00535516 0.00535516 0.00535516 0.00535516 0.00535516 0.00535516 0.00535516 0.00535516 0.00535516 0.00535516 0.00535516 
0.00535516 0.00535516 0.00535516 0.00535516 0.00535516 0.00535516 0.00535516 0.00535516 0.00535516 0.00535516 0.00535516 0.00535516 0.00535516 0.00535516 0.00535516 0.00535516 0.00535516 0.00535516 0.00535516 0.00535516 0.00535516 0.00535516 0.00535516 0.00535516 0.00535516 0.00535516 0.00535516 0.00535516 0.00535516 0.00535516 0.00535516 0.00535516 0.00535516 0.00535516 0.00535516 0.00535516 0.00535516 0.00535516 0.00535516 0.00535516 0.00535516 0.00535516 0.00535516 0.00535516 0.00535516 0.00535516 0.00535516 0.00535516 0.00535516 0.00535516 0.00535516 0.00535516 0.00535516 0.00535516 0.00535516 0.00535516 0.00535516 0.00535516 0.00535516 0.00535516 0.00535516 0.00535516 0.00535516 0.00535516 0.00535516 0.00535516 0.00535516 0.00535516 0.00535516 0.00535516 0.00535516 0.00535516 0.00535516 0.00535516 0.00535516 0.00535516 0.00535516 0.00535516 0.00535516 0.00535516 0.00535516 0.00535516 0.00535516 0.00535516 0.00535516 0.00535516 0.00535516 0.00535516 0.00535516 0.00535517 0.00535518 0.0053552 0.00535526 0.0053554 0.0053557 0.00535636 0.00535769 0.00536031 0.00536521 0.00537394 0.00538875 0.0054126 0.00544893 0.00550098 0.00557037 0.00565452 0.00574212 0.00580534 0.00578867 0.00559864 0.00510708 0.00418415 0.00276263 0.000903008 -0.00119245 -0.00324181 -0.00498703 -0.00626925 -0.00703457 -0.00728682 -0.00703457 -0.00626925 -0.00498703 -0.00324181 -0.00119245 0.000903008 0.00276263 0.00418415 0.00510708 0.00559864 0.00578867 0.00580534 0.00574212 0.00565452 0.00557037 0.00550098 0.00544893 0.0054126 0.00538875 0.00537394 0.00536521 0.00536031 0.00535769 0.00535636 0.0053557 0.0053554 0.00535526 0.0053552 0.00535518 0.00535517 0.00535516 0.00535516 0.00535516 0.00535516 0.00535516 0.00535516 0.00535516 0.00535516 0.00535516 0.00535516 0.00535516 0.00535516 0.00535516 0.00535516 0.00535516 0.00535516 0.00535516 0.00535516 0.00535516 0.00535516 0.00535516 0.00535516 0.00535516 0.00535516 0.00535516 0.00535516 0.00535516 0.00535516 0.00535516 0.00535516 0.00535516 0.00535516 0.00535516 0.00535516 0.00535516 0.00535516 0.00535516 0.00535516 0.00535516 0.00535516 0.00535516 0.00535516 0.00535516 0.00535516 0.00535516 0.00535516 0.00535516 0.00535516 0.00535516 0.00535516 
0.00535516 0.00535516 0.00535516 0.00535516 0.00535516 0.00535516 0.00535516 0.00535516 0.00535516 0.00535516 0.00535516 0.00535516 0.00535516 0.00535516 0.00535516 0.00535516 0.00535516 0.00535516 0.00535516 0.00535516 0.00535516 0.00535516 0.00535516 0.00535516 0.00535516 0.00535516 0.00535516 0.00535516 0.00535516 0.00535516 0.00535516 0.00535516 0.00535516 0.00535516 0.00535516 0.00535516 0.00535516 0.00535516 0.00535516 0.00535516 0.00535516 0.00535516 0.00535516 0.00535516 0.00535516 0.00535516 0.00535516 0.00535516 0.00535516 0.00535516 0.00535516 0.00535516 0.00535516 0.00535516 0.00535516 0.00535516 0.00535516 0.00535516 0.00535516 0.00535516 0.00535516 0.00535516 0.00535516 0.00535516 0.00535516 0.00535516 0.00535516 0.00535516 0.00535516 0.00535516 0.00535516 0.00535516 0.00535516 0.00535516 0.00535516 0.00535516 0.00535516 0.00535516 0.00535516 0.00535516 0.00535516 0.00535516 0.00535516 0.00535516 0.00535516 0.00535516 0.00535516 0.00535516 0.00535516 0.00535517 0.00535518 0.0053552 0.00535526 0.0053554 0.0053557 0.00535636 0.00535769 0.00536031 0.00536521 0.00537394 0.00538875 0.0054126 0.00544893 0.00550098 0.00557037 0.00565452 0.00574212 0.00580534 0.00578867 0.00559864 0.00510708 0.00418415 0.00276263 0.000903008 -0.00119245 -0.00324181 -0.00498703 -0.00626925 -0.00703457 -0.00728682 -0.00703457 -0.00626925 -0.00498703 -0.00324181 -0.00119245 0.000903008 0.00276263 0.00418415 0.00510708 0.00559864 0.00578867 0.00580534 0.00574212 0.00565452 0.00557037 0.00550098 0.00544893 0.0054126 0.00538875 0.00537394 0.00536521 0.00536031 0.00535769 0.00535636 0.0053557 0.0053554 0.00535526 0.0053552 0.00535518 0.00535517 0.00535516 0.00535516 0.00535516 0.00535516 0.00535516 0.00535516 0.00535516 0.00535516 0.00535516 0.00535516 0.00535516 0.00535516 0.00535516 0.00535516 0.00535516 0.00535516 0.00535516 0.00535516 0.00535516 0.00535516 0.00535516 0.00535516 0.00535516 0.00535516 0.00535516 0.00535516 0.00535516 0.00535516 0.00535516 0.00535516 0.00535516 0.00535516 0.00535516 0.00535516 0.00535516 0.00535516 0.00535516 0.00535516 0.00535516 0.00535516 0.00535516 0.00535516 0.00535516 0.00535516 0.00535516 0.00535516 0.00535516 0.00535516 0.00535516 0.00535516 
0.00535516 0.00535516 0.00535516 0.00535516 0.00535516 0.00535516 0.00535516 0.00535516 0.00535516 0.00535516 0.00535516 0.00535516 0.00535516 0.00535516 0.00535516 0.00535516 0.00535516 0.00535516 0.00535516 0.00535516 0.00535516 0.00535516 0.00535516 0.00535516 0.00535516 0.00535516 0.00535516 0.00535516 0.00535516 0.00535516 0.00535516 0.00535516 0.00535516 0.00535516 0.00535516 0.00535516 0.00535516 0.00535516 0.00535516 0.00535516 0.00535516 0.00535516 0.00535516 0.00535516 0.00535516 0.00535516 0.00535516 0.00535516 0.00535516 0.00535516 0.00535516 0.00535516 0.00535516 0.00535516 0.00535516 0.00535516 0.00535516 0.00535516 0.00535516 0.00535516 0.00535516 0.00535516 0.00535516 0.00535516 0.00535516 0.00535516 0.00535516 0.00535516 0.00535516 0.00535516 0.00535516 0.00535516 0.00535516 0.00535516 0.00535516 0.00535516 0.00535516 0.00535516 0.00535516 0.00535516 0.00535516 0.00535516 0.00535516 0.00535516 0.00535516 0.00535516 0.00535516 0.00535516 0.00535516 0.00535517 0.00535518 0.0053552 0.00535526 0.0053554 0.0053557 0.00535636 0.00535769 0.00536031 0.00536521 0.00537394 0.00538875 0.0054126 0.00544893 0.00550098 0.00557037 0.00565452 0.00574212 0.00580534 0.00578867 0.00559864 0.00510708 0.00418415 0.00276263 0.000903008 -0.00119245 -0.00324181 -0.00498703 -0.00626925 -0.00703457 -0.00728682 -0.00703457 -0.00626925 -0.00498703 -0.00324181 -0.00119245 0.000903008 0.00276263 0.00418415 0.00510708 0.00559864 0.00578867 0.00580534 0.00574212 0.00565452 0.00557037 0.00550098 0.00544893 0.0054126 0.00538875 0.00537394 0.00536521 0.00536031 0.00535769 0.00535636 0.0053557 0.0053554 0.00535526 0.0053552 0.00535518 0.00535517 0.00535516 0.00535516 0.00535516 0.00535516 0.00535516 0.00535516 0.00535516 0.00535516 0.00535516 0.00535516 0.00535516 0.00535516 0.00535516 0.00535516 0.00535516 0.00535516 0.00535516 0.00535516 0.00535516 0.00535516 0.00535516 0.00535516 0.00535516 0.00535516 0.00535516 0.00535516 0.00535516 0.00535516 0.00535516 0.00535516 0.00535516 0.00535516 0.00535516 0.00535516 0.00535516 0.00535516 0.00535516 0.00535516 0.00535516 0.00535516 0.00535516 0.00535516 0.00535516 0.00535516 0.00535516 0.00535516 0.00535516 0.00535516 0.00535516 0.00535516 
0.00535516 0.00535516 0.00535516 0.00535516 0.00535516 0.00535516 0.00535516 0.00535516 0.00535516 0.00535516 0.00535516 0.00535516 0.00535516 0.00535516 0.00535516 0.00535516 0.00535516 0.00535516 0.00535516 0.00535516 0.00535516 0.00535516 0.00535516 0.00535516 0.00535516 0.00535516 0.00535516 0.00535516 0.00535516 0.00535516 0.00535516 0.00535516 0.00535516 0.00535516 0.00535516 0.00535516 0.00535516 0.00535516 0.00535516 0.00535516 0.00535516 0.00535516 0.00535516 0.00535516 0.00535516 0.00535516 0.00535516 0.00535516 0.00535516 0.00535516 0.00535516 0.00535516 0.00535516 0.00535516 0.00535516 0.00535516 0.00535516 0.00535516 0.00535516 0.00535516 0.00535516 0.00535516 0.00535516 0.00535516 0.00535516 0.00535516 0.00535516 0.00535516 0.00535516 0.00535516 0.00535516 0.00535516 0.00535516 0.00535516 0.00535516 0.00535516 0.00535516 0.00535516 0.00535516 0.00535516 0.00535516 0.00535516 0.00535516 0.00535516 0.00535516 0.00535516 0.00535516 0.00535516 0.00535516 0.00535517 0.00535518 0.0053552 0.00535526 0.0053554 0.0053557 0.00535636 0.00535769 0.00536031 0.00536521 0.00537394 0.00538875 0.0054126 0.00544893 0.00550098 0.00557037 0.00565452 0.00574212 0.00580534 0.00578867 0.00559864 0.00510708 0.00418415 0.00276263 0.000903008 -0.00119245 -0.00324181 -0.00498703 -0.00626925 -0.00703457 -0.00728682 -0.00703457 -0.00626925 -0.00498703 -0.00324181 -0.00119245 0.000903008 0.00276263 0.00418415 0.00510708 0.00559864 0.00578867 0.00580534 0.00574212 0.00565452 0.00557037 0.00550098 0.00544893 0.0054126 0.00538875 0.00537394 0.00536521 0.00536031 0.00535769 0.00535636 0.0053557 0.0053554 0.00535526 0.0053552 0.00535518 0.00535517 0.00535516 0.00535516 0.00535516 0.00535516 0.00535516 0.00535516 0.00535516 0.00535516 0.00535516 0.00535516 0.00535516 0.00535516 0.00535516 0.00535516 0.00535516 0.00535516 0.00535516 0.00535516 0.00535516 0.00535516 0.00535516 0.00535516 0.00535516 0.00535516 0.00535516 0.00535516 0.00535516 0.00535516 0.00535516 0.00535516 0.00535516 0.00535516 0.00535516 0.00535516 0.00535516 0.00535516 0.00535516 0.00535516 0.00535516 0.00535516 0.00535516 0.00535516 0.00535516 0.00535516 0.00535516 0.00535516 0.00535516 0.00535516 0.00535516 0.00535516 
0.00535516 0.00535516 0.00535516 0.00535516 0.00535516 0.00535516 0.00535516 0.00535516 0.00535516 0.00535516 0.00535516 0.00535516 0.00535516 0.00535516 0.00535516 0.00535516 0.00535516 0.00535516 0.00535516 0.00535516 0.00535516 0.00535516 0.00535516 0.00535516 0.00535516 0.00535516 0.00535516 0.00535516 0.00535516 0.00535516 0.00535516 0.00535516 0.00535516 0.00535516 0.00535516 0.00535516 0.00535516 0.00535516 0.00535516 0.00535516 0.00535516 0.00535516 0.00535516 0.00535516 0.00535516 0.00535516 0.00535516 0.00535516 0.00535516 0.00535516 0.00535516 0.00535516 0.00535516 0.00535516 0.00535516 0.00535516 0.00535516 0.00535516 0.00535516 0.00535516 0.00535516 0.00535516 0.00535516 0.00535516 0.00535516 0.00535516 0.00535516 0.00535516 0.00535516 0.00535516 0.00535516 0.00535516 0.00535516 0.00535516 0.00535516 0.00535516 0.00535516 0.00535516 0.00535516 0.00535516 0.00535516 0.00535516 0.00535516 0.00535516 0.00535516 0.00535516 0.00535516 0.00535516 0.00535516 0.00535517 0.00535518 0.0053552 0.00535526 0.0053554 0.0053557 0.00535636 0.00535769 0.00536031 0.00536521 0.00537394 0.00538875 0.0054126 0.00544893 0.00550098 0.00557037 0.00565452 0.00574212 0.00580534 0.00578867 0.00559864 0.00510708 0.00418415 0.00276263 0.000903008 -0.00119245 -0.00324181 -0.00498703 -0.00626925 -0.00703457 -0.00728682 -0.00703457 -0.00626925 -0.00498703 -0.00324181 -0.00119245 0.000903008 0.00276263 0.00418415 0.00510708 0.00559864 0.00578867 0.00580534 0.00574212 0.00565452 0.00557037 0.00550098 0.00544893 0.0054126 0.00538875 0.00537394 0.00536521 0.00536031 0.00535769 0.00535636 0.0053557 0.0053554 0.00535526 0.0053552 0.00535518 0.00535517 0.00535516 0.00535516 0.00535516 0.00535516 0.00535516 0.00535516 0.00535516 0.00535516 0.00535516 0.00535516 0.00535516 0.00535516 0.00535516 0.00535516 0.00535516 0.00535516 0.00535516 0.00535516 0.00535516 0.00535516 0.00535516 0.00535516 0.00535516 0.00535516 0.00535516 0.00535516 0.00535516 0.00535516 0.00535516 0.00535516 0.00535516 0.00535516 0.00535516 0.00535516 0.00535516 0.00535516 0.00535516 0.00535516 0.00535516 0.00535516 0.00535516 0.00535516 0.00535516 0.00535516 0.00535516 0.00535516 0.00535516 0.00535516 0.00535516 0.00535516 
0.00535516 0.00535516 0.00535516 0.00535516 0.00535516 0.00535516 0.00535516 0.00535516 0.00535516 0.00535516 0.00535516 0.00535516 0.00535516 0.00535516 0.00535516 0.00535516 0.00535516 0.00535516 0.00535516 0.00535516 0.00535516 0.00535516 0.00535516 0.00535516 0.00535516 0.00535516 0.00535516 0.00535516 0.00535516 0.00535516 0.00535516 0.00535516 0.00535516 0.00535516 0.00535516 0.00535516 0.00535516 0.00535516 0.00535516 0.00535516 0.00535516 0.00535516 0.00535516 0.00535516 0.00535516 0.00535516 0.00535516 0.00535516 0.00535516 0.00535516 0.00535516 0.00535516 0.00535516 0.00535516 0.00535516 0.00535516 0.00535516 0.00535516 0.00535516 0.00535516 0.00535516 0.00535516 0.00535516 0.00535516 0.00535516 0.00535516 0.00535516 0.00535516 0.00535516 0.00535516 0.00535516 0.00535516 0.00535516 0.00535516 0.00535516 0.00535516 0.00535516 0.00535516 0.00535516 0.00535516 0.00535516 0.00535516 0.00535516 0.00535516 0.00535516 0.00535516 0.00535516 0.00535516 0.00535516 0.00535517 0.00535518 0.0053552 0.00535526 0.0053554 0.0053557 0.00535636 0.00535769 0.00536031 0.00536521 0.00537394 0.00538875 0.0054126 0.00544893 0.00550098 0.00557037 0.00565452 0.00574212 0.00580534 0.00578867 0.00559864 0.00510708 0.00418415 0.00276263 0.000903008 -0.00119245 -0.00324181 -0.00498703 -0.00626925 -0.00703457 -0.00728682 -0.00703457 -0.00626925 -0.00498703 -0.00324181 -0.00119245 0.000903008 0.00276263 0.00418415 0.00510708 0.00559864 0.00578867 0.00580534 0.00574212 0.00565452 0.00557037 0.00550098 0.00544893 0.0054126 0.00538875 0.00537394 0.00536521 0.00536031 0.00535769 0.00535636 0.0053557 0.0053554 0.00535526 0.0053552 0.00535518 0.00535517 0.00535516 0.00535516 0.00535516 0.00535516 0.00535516 0.00535516 0.00535516 0.00535516 0.00535516 0.00535516 0.00535516 0.00535516 0.00535516 0.00535516 0.00535516 0.00535516 0.00535516 0.00535516 0.00535516 0.00535516 0.00535516 0.00535516 0.00535516 0.00535516 0.00535516 0.00535516 0.00535516 0.00535516 0.00535516 0.00535516 0.00535516 0.00535516 0.00535516 0.00535516 0.00535516 0.00535516 0.00535516 0.00535516 0.00535516 0.00535516 0.00535516 0.00535516 0.00535516 0.00535516 0.00535516 0.00535516 0.00535516 0.00535516 0.00535516 0.00535516 
0.00535516 0.00535516 0.00535516 0.00535516 0.00535516 0.00535516 0.00535516 0.00535516 0.00535516 0.00535516 0.00535516 0.00535516 0.00535516 0.00535516 0.00535516 0.00535516 0.00535516 0.00535516 0.00535516 0.00535516 0.00535516 0.00535516 0.00535516 0.00535516 0.00535516 0.00535516 0.00535516 0.00535516 0.00535516 0.00535516 0.00535516 0.00535516 0.00535516 0.00535516 0.00535516 0.00535516 0.00535516 0.00535516 0.00535516 0.00535516 0.00535516 0.00535516 0.00535516 0.00535516 0.00535516 0.00535516 0.00535516 0.00535516 0.00535516 0.00535516 0.00535516 0.00535516 0.00535516 0.00535516 0.00535516 0.00535516 0.00535516 0.00535516 0.00535516 0.00535516 0.00535516 0.00535516 0.00535516 0.00535516 0.00535516 0.00535516 0.00535516 0.00535516 0.00535516 0.00535516 0.00535516 0.00535516 0.00535516 0.00535516 0.00535516 0.00535516 0.00535516 0.00535516 0.00535516 0.00535516 0.00535516 0.00535516 0.00535516 0.00535516 0.00535516 0.00535516 0.00535516 0.00535516 0.00535516 0.00535517 0.00535518 0.0053552 0.00535526 0.0053554 0.0053557 0.00535636 0.00535769 0.00536031 0.00536521 0.00537394 0.00538875 0.0054126 0.00544893 0.00550098 0.00557037 0.00565452 0.00574212 0.00580534 0.00578867 0.00559864 0.00510708 0.00418415 0.00276263 0.000903008 -0.00119245 -0.00324181 -0.00498703 -0.00626925 -0.00703457 -0.00728682 -0.00703457 -0.00626925 -0.00498703 -0.00324181 -0.00119245 0.000903008 0.00276263 0.00418415 0.00510708 0.00559864 0.00578867 0.00580534 0.00574212 0.00565452 0.00557037 0.00550098 0.00544893 0.0054126 0.00538875 0.00537394 0.00536521 0.00536031 0.00535769 0.00535636 0.0053557 0.0053554 0.00535526 0.0053552 0.00535518 0.00535517 0.00535516 0.00535516 0.00535516 0.00535516 0.00535516 0.00535516 0.00535516 0.00535516 0.00535516 0.00535516 0.00535516 0.00535516 0.00535516 0.00535516 0.00535516 0.00535516 0.00535516 0.00535516 0.00535516 0.00535516 0.00535516 0.00535516 0.00535516 0.00535516 0.00535516 0.00535516 0.00535516 0.00535516 0.00535516 0.00535516 0.00535516 0.00535516 0.00535516 0.00535516 0.00535516 0.00535516 0.00535516 0.00535516 0.00535516 0.00535516 0.00535516 0.00535516 0.00535516 0.00535516 0.00535516 0.00535516 0.00535516 0.00535516 0.00535516 0.00535516 
0.00535516 0.00535516 0.00535516 0.00535516 0.00535516 0.00535516 0.00535516 0.00535516 0.00535516 0.00535516 0.00535516 0.00535516 0.00535516 0.00535516 0.00535516 0.00535516 0.00535516 0.00535516 0.00535516 0.00535516 0.00535516 0.00535516 0.00535516 0.00535516 0.00535516 0.00535516 0.00535516 0.00535516 0.00535516 0.00535516 0.00535516 0.00535516 0.00535516 0.00535516 0.00535516 0.00535516 0.00535516 0.00535516 0.00535516 0.00535516 0.00535516 0.00535516 0.00535516 0.00535516 0.00535516 0.00535516 0.00535516 0.00535516 0.00535516 0.00535516 0.00535516 0.00535516 0.00535516 0.00535516 0.00535516 0.00535516 0.00535516 0.00535516 0.00535516 0.00535516 0.00535516 0.00535516 0.00535516 0.00535516 0.00535516 0.00535516 0.00535516 0.00535516 0.00535516 0.00535516 0.00535516 0.00535516 0.00535516 0.00535516 0.00535516 0.00535516 0.00535516 0.00535516 0.00535516 0.00535516 0.00535516 0.00535516 0.00535516 0.00535516 0.00535516 0.00535516 0.00535516 0.00535516 0.00535516 0.00535517 0.00535518 0.0053552 0.00535526 0.0053554 0.0053557 0.00535636 0.00535769 0.00536031 0.00536521 0.00537394 0.00538875 0.0054126 0.00544893 0.00550098 0.00557037 0.00565452 0.00574212 0.00580534 0.00578867 0.00559864 0.00510708 0.00418415 0.00276263 0.000903008 -0.00119245 -0.00324181 -0.00498703 -0.00626925 -0.00703457 -0.00728682 -0.00703457 -0.00626925 -0.00498703 -0.00324181 -0.00119245 0.000903008 0.00276263 0.00418415 0.00510708 0.00559864 0.00578867 0.00580534 0.00574212 0.00565452 0.00557037 0.00550098 0.00544893 0.0054126 0.00538875 0.00537394 0.00536521 0.00536031 0.00535769 0.00535636 0.0053557 0.0053554 0.00535526 0.0053552 0.00535518 0.00535517 0.00535516 0.00535516 0.00535516 0.00535516 0.00535516 0.00535516 0.00535516 0.00535516 0.00535516 0.00535516 0.00535516 0.00535516 0.00535516 0.00535516 0.00535516 0.00535516 0.00535516 0.00535516 0.00535516 0.00535516 0.00535516 0.00535516 0.00535516 0.00535516 0.00535516 0.00535516 0.00535516 0.00535516 0.00535516 0.00535516 0.00535516 0.00535516 0.00535516 0.00535516 0.00535516 0.00535516 0.00535516 0.00535516 0.00535516 0.00535516 0.00535516 0.00535516 0.00535516 0.00535516 0.00535516 0.00535516 0.00535516 0.00535516 0.00535516 0.00535516 
0.00535516 0.00535516 0.00535516 0.00535516 0.00535516 0.00535516 0.00535516 0.00535516 0.00535516 0.00535516 0.00535516 0.00535516 0.00535516 0.00535516 0.00535516 0.00535516 0.00535516 0.00535516 0.00535516 0.00535516 0.00535516 0.00535516 0.00535516 0.00535516 0.00535516 0.00535516 0.00535516 0.00535516 0.00535516 0.00535516 0.00535516 0.00535516 0.00535516 0.00535516 0.00535516 0.00535516 0.00535516 0.00535516 0.00535516 0.00535516 0.00535516 0.00535516 0.00535516 0.00535516 0.00535516 0.00535516 0.00535516 0.00535516 0.00535516 0.00535516 0.00535516 0.00535516 0.00535516 0.00535516 0.00535516 0.00535516 0.00535516 0.00535516 0.00535516 0.00535516 0.00535516 0.00535516 0.00535516 0.00535516 0.00535516 0.00535516 0.00535516 0.00535516 0.00535516 0.00535516 0.00535516 0.00535516 0.00535516 0.00535516 0.00535516 0.00535516 0.00535516 0.00535516 0.00535516 0.00535516 0.00535516 0.00535516 0.00535516 0.00535516 0.00535516 0.00535516 0.00535516 0.00535516 0.00535516 0.00535517 0.00535518 0.0053552 0.00535526 0.0053554 0.0053557 0.00535636 0.00535769 0.00536031 0.00536521 0.00537394 0.00538875 0.0054126 0.00544893 0.00550098 0.00557037 0.00565452 0.00574212 0.00580534 0.00578867 0.00559864 0.00510708 0.00418415 0.00276263 0.000903008 -0.00119245 -0.00324181 -0.00498703 -0.00626925 -0.00703457 -0.00728682 -0.00703457 -0.00626925 -0.00498703 -0.00324181 -0.00119245 0.000903008 0.00276263 0.00418415 0.00510708 0.00559864 0.00578867 0.00580534 0.00574212 0.00565452 0.00557037 0.00550098 0.00544893 0.0054126 0.00538875 0.00537394 0.00536521 0.00536031 0.00535769 0.00535636 0.0053557 0.0053554 0.00535526 0.0053552 0.00535518 0.00535517 0.00535516 0.00535516 0.00535516 0.00535516 0.00535516 0.00535516 0.00535516 0.00535516 0.00535516 0.00535516 0.00535516 0.00535516 0.00535516 0.00535516 0.00535516 0.00535516 0.00535516 0.00535516 0.00535516 0.00535516 0.00535516 0.00535516 0.00535516 0.00535516 0.00535516 0.00535516 0.00535516 0.00535516 0.00535516 0.00535516 0.00535516 0.00535516 0.00535516 0.00535516 0.00535516 0.00535516 0.00535516 0.00535516 0.00535516 0.00535516 0.00535516 0.00535516 0.00535516 0.00535516 0.00535516 0.00535516 0.00535516 0.00535516 0.00535516 0.00535516 
0.00535516 0.00535516 0.00535516 0.00535516 0.00535516 0.00535516 0.00535516 0.00535516 0.00535516 0.00535516 0.00535516 0.00535516 0.00535516 0.00535516 0.00535516 0.00535516 0.00535516 0.00535516 0.00535516 0.00535516 0.00535516 0.00535516 0.00535516 0.00535516 0.00535516 0.00535516 0.00535516 0.00535516 0.00535516 0.00535516 0.00535516 0.00535516 0.00535516 0.00535516 0.00535516 0.00535516 0.00535516 0.00535516 0.00535516 0.00535516 0.00535516 0.00535516 0.00535516 0.00535516 0.00535516 0.00535516 0.00535516 0.00535516 0.00535516 0.00535516 0.00535516 0.00535516 0.00535516 0.00535516 0.00535516 0.00535516 0.00535516 0.00535516 0.00535516 0.00535516 0.00535516 0.00535516 0.00535516 0.00535516 0.00535516 0.00535516 0.00535516 0.00535516 0.00535516 0.00535516 0.00535516 0.00535516 0.00535516 0.00535516 0.00535516 0.00535516 0.00535516 0.00535516 0.00535516 0.00535516 0.00535516 0.00535516 0.00535516 0.00535516 0.00535516 0.00535516 0.00535516 0.00535516 0.00535516 0.00535517 0.00535518 0.0053552 0.00535526 0.0053554 0.0053557 0.00535636 0.00535769 0.00536031 0.00536521 0.00537394 0.00538875 0.0054126 0.00544893 0.00550098 0.00557037 0.00565452 0.00574212 0.00580534 0.00578867 0.00559864 0.00510708 0.00418415 0.00276263 0.000903008 -0.00119245 -0.00324181 -0.00498703 -0.00626925 -0.00703457 -0.00728682 -0.00703457 -0.00626925 -0.00498703 -0.00324181 -0.00119245 0.000903008 0.00276263 0.00418415 0.00510708 0.00559864 0.00578867 0.00580534 0.00574212 0.00565452 0.00557037 0.00550098 0.00544893 0.0054126 0.00538875 0.00537394 0.00536521 0.00536031 0.00535769 0.00535636 0.0053557 0.0053554 0.00535526 0.0053552 0.00535518 0.00535517 0.00535516 0.00535516 0.00535516 0.00535516 0.00535516 0.00535516 0.00535516 0.00535516 0.00535516 0.00535516 0.00535516 0.00535516 0.00535516 0.00535516 0.00535516 0.00535516 0.00535516 0.00535516 0.00535516 0.00535516 0.00535516 0.00535516 0.00535516 0.00535516 0.00535516 0.00535516 0.00535516 0.00535516 0.00535516 0.00535516 0.00535516 0.00535516 0.00535516 0.00535516 0.00535516 0.00535516 0.00535516 0.00535516 0.00535516 0.00535516 0.00535516 0.00535516 0.00535516 0.00535516 0.00535516 0.00535516 0.00535516 0.00535516 0.00535516 0.00535516 
0.00535516 0.00535516 0.00535516 0.00535516 0.00535516 0.00535516 0.00535516 0.00535516 0.00535516 0.00535516 0.00535516 0.00535516 0.00535516 0.00535516 0.00535516 0.00535516 0.00535516 0.00535516 0.00535516 0.00535516 0.00535516 0.00535516 0.00535516 0.00535516 0.00535516 0.00535516 0.00535516 0.00535516 0.00535516 0.00535516 0.00535516 0.00535516 0.00535516 0.00535516 0.00535516 0.00535516 0.00535516 0.00535516 0.00535516 0.00535516 0.00535516 0.00535516 0.00535516 0.00535516 0.00535516 0.00535516 0.00535516 0.00535516 0.00535516 0.00535516 0.00535516 0.00535516 0.00535516 0.00535516 0.00535516 0.00535516 0.00535516 0.00535516 0.00535516 0.00535516 0.00535516 0.00535516 0.00535516 0.00535516 0.00535516 0.00535516 0.00535516 0.00535516 0.00535516 0.00535516 0.00535516 0.00535516 0.00535516 0.00535516 0.00535516 0.00535516 0.00535516 0.00535516 0.00535516 0.00535516 0.00535516 0.00535516 0.00535516 0.00535516 0.00535516 0.00535516 0.00535516 0.00535516 0.00535516 0.00535517 0.00535518 0.0053552 0.00535526 0.0053554 0.0053557 0.00535636 0.00535769 0.00536031 0.00536521 0.00537394 0.00538875 0.0054126 0.00544893 0.00550098 0.00557037 0.00565452 0.00574212 0.00580534 0.00578867 0.00559864 0.00510708 0.00418415 0.00276263 0.000903008 -0.00119245 -0.00324181 -0.00498703 -0.00626925 -0.00703457 -0.00728682 -0.00703457 -0.00626925 -0.00498703 -0.00324181 -0.00119245 0.000903008 0.00276263 0.00418415 0.00510708 0.00559864 0.00578867 0.00580534 0.00574212 0.00565452 0.00557037 0.00550098 0.00544893 0.0054126 0.00538875 0.00537394 0.00536521 0.00536031 0.00535769 0.00535636 0.0053557 0.0053554 0.00535526 0.0053552 0.00535518 0.00535517 0.00535516 0.00535516 0.00535516 0.00535516 0.00535516 0.00535516 0.00535516 0.00535516 0.00535516 0.00535516 0.00535516 0.00535516 0.00535516 0.00535516 0.00535516 0.00535516 0.00535516 0.00535516 0.00535516 0.00535516 0.00535516 0.00535516 0.00535516 0.00535516 0.00535516 0.00535516 0.00535516 0.00535516 0.00535516 0.00535516 0.00535516 0.00535516 0.00535516 0.00535516 0.00535516 0.00535516 0.00535516 0.00535516 0.00535516 0.00535516 0.00535516 0.00535516 0.00535516 0.00535516 0.00535516 0.00535516 0.00535516 0.00535516 0.00535516 0.00535516 
0.00535516 0.00535516 0.00535516 0.00535516 0.00535516 0.00535516 0.00535516 0.00535516 0.00535516 0.00535516 0.00535516 0.00535516 0.00535516 0.00535516 0.00535516 0.00535516 0.00535516 0.00535516 0.00535516 0.00535516 0.00535516 0.00535516 0.00535516 0.00535516 0.00535516 0.00535516 0.00535516 0.00535516 0.00535516 0.00535516 0.00535516 0.00535516 0.00535516 0.00535516 0.00535516 0.00535516 0.00535516 0.00535516 0.00535516 0.00535516 0.00535516 0.00535516 0.00535516 0.00535516 0.00535516 0.00535516 0.00535516 0.00535516 0.00535516 0.00535516 0.00535516 0.00535516 0.00535516 0.00535516 0.00535516 0.00535516 0.00535516 0.00535516 0.00535516 0.00535516 0.00535516 0.00535516 0.00535516 0.00535516 0.00535516 0.00535516 0.00535516 0.00535516 0.00535516 0.00535516 0.00535516 0.00535516 0.00535516 0.00535516 0.00535516 0.00535516 0.00535516 0.00535516 0.00535516 0.00535516 0.00535516 0.00535516 0.00535516 0.00535516 0.00535516 0.00535516 0.00535516 0.00535516 0.00535516 0.00535517 0.00535518 0.0053552 0.00535526 0.0053554 0.0053557 0.00535636 0.00535769 0.00536031 0.00536521 0.00537394 0.00538875 0.0054126 0.00544893 0.00550098 0.00557037 0.00565452 0.00574212 0.00580534 0.00578867 0.00559864 0.00510708 0.00418415 0.00276263 0.000903008 -0.00119245 -0.00324181 -0.00498703 -0.00626925 -0.00703457 -0.00728682 -0.00703457 -0.00626925 -0.00498703 -0.00324181 -0.00119245 0.000903008 0.00276263 0.00418415 0.00510708 0.00559864 0.00578867 0.00580534 0.00574212 0.00565452 0.00557037 0.00550098 0.00544893 0.0054126 0.00538875 0.00537394 0.00536521 0.00536031 0.00535769 0.00535636 0.0053557 0.0053554 0.00535526 0.0053552 0.00535518 0.00535517 0.00535516 0.00535516 0.00535516 0.00535516 0.00535516 0.00535516 0.00535516 0.00535516 0.00535516 0.00535516 0.00535516 0.00535516 0.00535516 0.00535516 0.00535516 0.00535516 0.00535516 0.00535516 0.00535516 0.00535516 0.00535516 0.00535516 0.00535516 0.00535516 0.00535516 0.00535516 0.00535516 0.00535516 0.00535516 0.00535516 0.00535516 0.00535516 0.00535516 0.00535516 0.00535516 0.00535516 0.00535516 0.00535516 0.00535516 0.00535516 0.00535516 0.00535516 0.00535516 0.00535516 0.00535516 0.00535516 0.00535516 0.00535516 0.00535516 0.00535516 
0.00535516 0.00535516 0.00535516 0.00535516 0.00535516 0.00535516 0.00535516 0.00535516 0.00535516 0.00535516 0.00535516 0.00535516 0.00535516 0.00535516 0.00535516 0.00535516 0.00535516 0.00535516 0.00535516 0.00535516 0.00535516 0.00535516 0.00535516 0.00535516 0.00535516 0.00535516 0.00535516 0.00535516 0.00535516 0.00535516 0.00535516 0.00535516 0.00535516 0.00535516 0.00535516 0.00535516 0.00535516 0.00535516 0.00535516 0.00535516 0.00535516 0.00535516 0.00535516 0.00535516 0.00535516 0.00535516 0.00535516 0.00535516 0.00535516 0.00535516 0.00535516 0.00535516 0.00535516 0.00535516 0.00535516 0.00535516 0.00535516 0.00535516 0.00535516 0.00535516 0.00535516 0.00535516 0.00535516 0.00535516 0.00535516 0.00535516 0.00535516 0.00535516 0.00535516 0.00535516 0.00535516 0.00535516 0.00535516 0.00535516 0.00535516 0.00535516 0.00535516 0.00535516 0.00535516 0.00535516 0.00535516 0.00535516 0.00535516 0.00535516 0.00535516 0.00535516 0.00535516 0.00535516 0.00535516 0.00535517 0.00535518 0.0053552 0.00535526 0.0053554 0.0053557 0.00535636 0.00535769 0.00536031 0.00536521 0.00537394 0.00538875 0.0054126 0.00544893 0.00550098 0.00557037 0.00565452 0.00574212 0.00580534 0.00578867 0.00559864 0.00510708 0.00418415 0.00276263 0.000903008 -0.00119245 -0.00324181 -0.00498703 -0.00626925 -0.00703457 -0.00728682 -0.00703457 -0.00626925 -0.00498703 -0.00324181 -0.00119245 0.000903008 0.00276263 0.00418415 0.00510708 0.00559864 0.00578867 0.00580534 0.00574212 0.00565452 0.00557037 0.00550098 0.00544893 0.0054126 0.00538875 0.00537394 0.00536521 0.00536031 0.00535769 0.00535636 0.0053557 0.0053554 0.00535526 0.0053552 0.00535518 0.00535517 0.00535516 0.00535516 0.00535516 0.00535516 0.00535516 0.00535516 0.00535516 0.00535516 0.00535516 0.00535516 0.00535516 0.00535516 0.00535516 0.00535516 0.00535516 0.00535516 0.00535516 0.00535516 0.00535516 0.00535516 0.00535516 0.00535516 0.00535516 0.00535516 0.00535516 0.00535516 0.00535516 0.00535516 0.00535516 0.00535516 0.00535516 0.00535516 0.00535516 0.00535516 0.00535516 0.00535516 0.00535516 0.00535516 0.00535516 0.00535516 0.00535516 0.00535516 0.00535516 0.00535516 0.00535516 0.00535516 0.00535516 0.00535516 0.00535516 0.00535516 
0.00535516 0.00535516 0.00535516 0.00535516 0.00535516 0.00535516 0.00535516 0.00535516 0.00535516 0.00535516 0.00535516 0.00535516 0.00535516 0.00535516 0.00535516 0.00535516 0.00535516 0.00535516 0.00535516 0.00535516 0.00535516 0.00535516 0.00535516 0.00535516 0.00535516 0.00535516 0.00535516 0.00535516 0.00535516 0.00535516 0.00535516 0.00535516 0.00535516 0.00535516 0.00535516 0.00535516 0.00535516 0.00535516 0.00535516 0.00535516 0.00535516 0.00535516 0.00535516 0.00535516 0.00535516 0.00535516 0.00535516 0.00535516 0.00535516 0.00535516 0.00535516 0.00535516 0.00535516 0.00535516 0.00535516 0.00535516 0.00535516 0.00535516 0.00535516 0.00535516 0.00535516 0.00535516 0.00535516 0.00535516 0.00535516 0.00535516 0.00535516 0.00535516 0.00535516 0.00535516 0.00535516 0.00535516 0.00535516 0.00535516 0.00535516 0.00535516 0.00535516 0.00535516 0.00535516 0.00535516 0.00535516 0.00535516 0.00535516 0.00535516 0.00535516 0.00535516 0.00535516 0.00535516 0.00535516 0.00535517 0.00535518 0.0053552 0.00535526 0.0053554 0.0053557 0.00535636 0.00535769 0.00536031 0.00536521 0.00537394 0.00538875 0.0054126 0.00544893 0.00550098 0.00557037 0.00565452 0.00574212 0.00580534 0.00578867 0.00559864 0.00510708 0.00418415 0.00276263 0.000903008 -0.00119245 -0.00324181 -0.00498703 -0.00626925 -0.00703457 -0.00728682 -0.00703457 -0.00626925 -0.00498703 -0.00324181 -0.00119245 0.000903008 0.00276263 0.00418415 0.00510708 0.00559864 0.00578867 0.00580534 0.00574212 0.00565452 0.00557037 0.00550098 0.00544893 0.0054126 0.00538875 0.00537394 0.00536521 0.00536031 0.00535769 0.00535636 0.0053557 0.0053554 0.00535526 0.0053552 0.00535518 0.00535517 0.00535516 0.00535516 0.00535516 0.00535516 0.00535516 0.00535516 0.00535516 0.00535516 0.00535516 0.00535516 0.00535516 0.00535516 0.00535516 0.00535516 0.00535516 0.00535516 0.00535516 0.00535516 0.00535516 0.00535516 0.00535516 0.00535516 0.00535516 0.00535516 0.00535516 0.00535516 0.00535516 0.00535516 0.00535516 0.00535516 0.00535516 0.00535516 0.00535516 0.00535516 0.00535516 0.00535516 0.00535516 0.00535516 0.00535516 0.00535516 0.00535516 0.00535516 0.00535516 0.00535516 0.00535516 0.00535516 0.00535516 0.00535516 0.00535516 0.00535516 
0.00535516 0.00535516 0.00535516 0.00535516 0.00535516 0.00535516 0.00535516 0.00535516 0.00535516 0.00535516 0.00535516 0.00535516 0.00535516 0.00535516 0.00535516 0.00535516 0.00535516 0.00535516 0.00535516 0.00535516 0.00535516 0.00535516 0.00535516 0.00535516 0.00535516 0.00535516 0.00535516 0.00535516 0.00535516 0.00535516 0.00535516 0.00535516 0.00535516 0.00535516 0.00535516 0.00535516 0.00535516 0.00535516 0.00535516 0.00535516 0.00535516 0.00535516 0.00535516 0.00535516 0.00535516 0.00535516 0.00535516 0.00535516 0.00535516 0.00535516 0.00535516 0.00535516 0.00535516 0.00535516 0.00535516 0.00535516 0.00535516 0.00535516 0.00535516 0.00535516 0.00535516 0.00535516 0.00535516 0.00535516 0.00535516 0.00535516 0.00535516 0.00535516 0.00535516 0.00535516 0.00535516 0.00535516 0.00535516 0.00535516 0.00535516 0.00535516 0.00535516 0.00535516 0.00535516 0.00535516 0.00535516 0.00535516 0.00535516 0.00535516 0.00535516 0.00535516 0.00535516 0.00535516 0.00535516 0.00535517 0.00535518 0.0053552 0.00535526 0.0053554 0.0053557 0.00535636 0.00535769 0.00536031 0.00536521 0.00537394 0.00538875 0.0054126 0.00544893 0.00550098 0.00557037 0.00565452 0.00574212 0.00580534 0.00578867 0.00559864 0.00510708 0.00418415 0.00276263 0.000903008 -0.00119245 -0.00324181 -0.00498703 -0.00626925 -0.00703457 -0.00728682 -0.00703457 -0.00626925 -0.00498703 -0.00324181 -0.00119245 0.000903008 0.00276263 0.00418415 0.00510708 0.00559864 0.00578867 0.00580534 0.00574212 0.00565452 0.00557037 0.00550098 0.00544893 0.0054126 0.00538875 0.00537394 0.00536521 0.00536031 0.00535769 0.00535636 0.0053557 0.0053554 0.00535526 0.0053552 0.00535518 0.00535517 0.00535516 0.00535516 0.00535516 0.00535516 0.00535516 0.00535516 0.00535516 0.00535516 0.00535516 0.00535516 0.00535516 0.00535516 0.00535516 0.00535516 0.00535516 0.00535516 0.00535516 0.00535516 0.00535516 0.00535516 0.00535516 0.00535516 0.00535516 0.00535516 0.00535516 0.00535516 0.00535516 0.00535516 0.00535516 0.00535516 0.00535516 0.00535516 0.00535516 0.00535516 0.00535516 0.00535516 0.00535516 0.00535516 0.00535516 0.00535516 0.00535516 0.00535516 0.00535516 0.00535516 0.00535516 0.00535516 0.00535516 0.00535516 0.00535516 0.00535516 
0.00535516 0.00535516 0.00535516 0.00535516 0.00535516 0.00535516 0.00535516 0.00535516 0.00535516 0.00535516 0.00535516 0.00535516 0.00535516 0.00535516 0.00535516 0.00535516 0.00535516 0.00535516 0.00535516 0.00535516 0.00535516 0.00535516 0.00535516 0.00535516 0.00535516 0.00535516 0.00535516 0.00535516 0.00535516 0.00535516 0.00535516 0.00535516 0.00535516 0.00535516 0.00535516 0.00535516 0.00535516 0.00535516 0.00535516 0.00535516 0.00535516 0.00535516 0.00535516 0.00535516 0.00535516 0.00535516 0.00535516 0.00535516 0.00535516 0.00535516 0.00535516 0.00535516 0.00535516 0.00535516 0.00535516 0.00535516 0.00535516 0.00535516 0.00535516 0.00535516 0.00535516 0.00535516 0.00535516 0.00535516 0.00535516 0.00535516 0.00535516 0.00535516 0.00535516 0.00535516 0.00535516 0.00535516 0.00535516 0.00535516 0.00535516 0.00535516 0.00535516 0.00535516 0.00535516 0.00535516 0.00535516 0.00535516 0.00535516 0.00535516 0.00535516 0.00535516 0.00535516 0.00535516 0.00535516 0.00535517 0.00535518 0.0053552 0.00535526 0.0053554 0.0053557 0.00535636 0.00535769 0.00536031 0.00536521 0.00537394 0.00538875 0.0054126 0.00544893 0.00550098 0.00557037 0.00565452 0.00574212 0.00580534 0.00578867 0.00559864 0.00510708 0.00418415 0.00276263 0.000903008 -0.00119245 -0.00324181 -0.00498703 -0.00626925 -0.00703457 -0.00728682 -0.00703457 -0.00626925 -0.00498703 -0.00324181 -0.00119245 0.000903008 0.00276263 0.00418415 0.00510708 0.00559864 0.00578867 0.00580534 0.00574212 0.00565452 0.00557037 0.00550098 0.00544893 0.0054126 0.00538875 0.00537394 0.00536521 0.00536031 0.00535769 0.00535636 0.0053557 0.0053554 0.00535526 0.0053552 0.00535518 0.00535517 0.00535516 0.00535516 0.00535516 0.00535516 0.00535516 0.00535516 0.00535516 0.00535516 0.00535516 0.00535516 0.00535516 0.00535516 0.00535516 0.00535516 0.00535516 0.00535516 0.00535516 0.00535516 0.00535516 0.00535516 0.00535516 0.00535516 0.00535516 0.00535516 0.00535516 0.00535516 0.00535516 0.00535516 0.00535516 0.00535516 0.00535516 0.00535516 0.00535516 0.00535516 0.00535516 0.00535516 0.00535516 0.00535516 0.00535516 0.00535516 0.00535516 0.00535516 0.00535516 0.00535516 0.00535516 0.00535516 0.00535516 0.00535516 0.00535516 0.00535516 
0.00535516 0.00535516 0.00535516 0.00535516 0.00535516 0.00535516 0.00535516 0.00535516 0.00535516 0.00535516 0.00535516 0.00535516 0.00535516 0.00535516 0.00535516 0.00535516 0.00535516 0.00535516 0.00535516 0.00535516 0.00535516 0.00535516 0.00535516 0.00535516 0.00535516 0.00535516 0.00535516 0.00535516 0.00535516 0.00535516 0.00535516 0.00535516 0.00535516 0.00535516 0.00535516 0.00535516 0.00535516 0.00535516 0.00535516 0.00535516 0.00535516 0.00535516 0.00535516 0.00535516 0.00535516 0.00535516 0.00535516 0.00535516 0.00535516 0.00535516 0.00535516 0.00535516 0.00535516 0.00535516 0.00535516 0.00535516 0.00535516 0.00535516 0.00535516 0.00535516 0.00535516 0.00535516 0.00535516 0.00535516 0.00535516 0.00535516 0.00535516 0.00535516 0.00535516 0.00535516 0.00535516 0.00535516 0.00535516 0.00535516 0.00535516 0.00535516 0.00535516 0.00535516 0.00535516 0.00535516 0.00535516 0.00535516 0.00535516 0.00535516 0.00535516 0.00535516 0.00535516 0.00535516 0.00535516 0.00535517 0.00535518 0.0053552 0.00535526 0.0053554 0.0053557 0.00535636 0.00535769 0.00536031 0.00536521 0.00537394 0.00538875 0.0054126 0.00544893 0.00550098 0.00557037 0.00565452 0.00574212 0.00580534 0.00578867 0.00559864 0.00510708 0.00418415 0.00276263 0.000903008 -0.00119245 -0.00324181 -0.00498703 -0.00626925 -0.00703457 -0.00728682 -0.00703457 -0.00626925 -0.00498703 -0.00324181 -0.00119245 0.000903008 0.00276263 0.00418415 0.00510708 0.00559864 0.00578867 0.00580534 0.00574212 0.00565452 0.00557037 0.00550098 0.00544893 0.0054126 0.00538875 0.00537394 0.00536521 0.00536031 0.00535769 0.00535636 0.0053557 0.0053554 0.00535526 0.0053552 0.00535518 0.00535517 0.00535516 0.00535516 0.00535516 0.00535516 0.00535516 0.00535516 0.00535516 0.00535516 0.00535516 0.00535516 0.00535516 0.00535516 0.00535516 0.00535516 0.00535516 0.00535516 0.00535516 0.00535516 0.00535516 0.00535516 0.00535516 0.00535516 0.00535516 0.00535516 0.00535516 0.00535516 0.00535516 0.00535516 0.00535516 0.00535516 0.00535516 0.00535516 0.00535516 0.00535516 0.00535516 0.00535516 0.00535516 0.00535516 0.00535516 0.00535516 0.00535516 0.00535516 0.00535516 0.00535516 0.00535516 0.00535516 0.00535516 0.00535516 0.00535516 0.00535516 
0.00535516 0.00535516 0.00535516 0.00535516 0.00535516 0.00535516 0.00535516 0.00535516 0.00535516 0.00535516 0.00535516 0.00535516 0.00535516 0.00535516 0.00535516 0.00535516 0.00535516 0.00535516 0.00535516 0.00535516 0.00535516 0.00535516 0.00535516 0.00535516 0.00535516 0.00535516 0.00535516 0.00535516 0.00535516 0.00535516 0.00535516 0.00535516 0.00535516 0.00535516 0.00535516 0.00535516 0.00535516 0.00535516 0.00535516 0.00535516 0.00535516 0.00535516 0.00535516 0.00535516 0.00535516 0.00535516 0.00535516 0.00535516 0.00535516 0.00535516 0.00535516 0.00535516 0.00535516 0.00535516 0.00535516 0.00535516 0.00535516 0.00535516 0.00535516 0.00535516 0.00535516 0.00535516 0.00535516 0.00535516 0.00535516 0.00535516 0.00535516 0.00535516 0.00535516 0.00535516 0.00535516 0.00535516 0.00535516 0.00535516 0.00535516 0.00535516 0.00535516 0.00535516 0.00535516 0.00535516 0.00535516 0.00535516 0.00535516 0.00535516 0.00535516 0.00535516 0.00535516 0.00535516 0.00535516 0.00535517 0.00535518 0.0053552 0.00535526 0.0053554 0.0053557 0.00535636 0.00535769 0.00536031 0.00536521 0.00537394 0.00538875 0.0054126 0.00544893 0.00550098 0.00557037 0.00565452 0.00574212 0.00580534 0.00578867 0.00559864 0.00510708 0.00418415 0.00276263 0.000903008 -0.00119245 -0.00324181 -0.00498703 -0.00626925 -0.00703457 -0.00728682 -0.00703457 -0.00626925 -0.00498703 -0.00324181 -0.00119245 0.000903008 0.00276263 0.00418415 0.00510708 0.00559864 0.00578867 0.00580534 0.00574212 0.00565452 0.00557037 0.00550098 0.00544893 0.0054126 0.00538875 0.00537394 0.00536521 0.00536031 0.00535769 0.00535636 0.0053557 0.0053554 0.00535526 0.0053552 0.00535518 0.00535517 0.00535516 0.00535516 0.00535516 0.00535516 0.00535516 0.00535516 0.00535516 0.00535516 0.00535516 0.00535516 0.00535516 0.00535516 0.00535516 0.00535516 0.00535516 0.00535516 0.00535516 0.00535516 0.00535516 0.00535516 0.00535516 0.00535516 0.00535516 0.00535516 0.00535516 0.00535516 0.00535516 0.00535516 0.00535516 0.00535516 0.00535516 0.00535516 0.00535516 0.00535516 0.00535516 0.00535516 0.00535516 0.00535516 0.00535516 0.00535516 0.00535516 0.00535516 0.00535516 0.00535516 0.00535516 0.00535516 0.00535516 0.00535516 0.00535516 0.00535516 
0.00535516 0.00535516 0.00535516 0.00535516 0.00535516 0.00535516 0.00535516 0.00535516 0.00535516 0.00535516 0.00535516 0.00535516 0.00535516 0.00535516 0.00535516 0.00535516 0.00535516 0.00535516 0.00535516 0.00535516 0.00535516 0.00535516 0.00535516 0.00535516 0.00535516 0.00535516 0.00535516 0.00535516 0.00535516 0.00535516 0.00535516 0.00535516 0.00535516 0.00535516 0.00535516 0.00535516 0.00535516 0.00535516 0.00535516 0.00535516 0.00535516 0.00535516 0.00535516 0.00535516 0.00535516 0.00535516 0.00535516 0.00535516 0.00535516 0.00535516 0.00535516 0.00535516 0.00535516 0.00535516 0.00535516 0.00535516 0.00535516 0.00535516 0.00535516 0.00535516 0.00535516 0.00535516 0.00535516 0.00535516 0.00535516 0.00535516 0.00535516 0.00535516 0.00535516 0.00535516 0.00535516 0.00535516 0.00535516 0.00535516 0.00535516 0.00535516 0.00535516 0.00535516 0.00535516 0.00535516 0.00535516 0.00535516 0.00535516 0.00535516 0.00535516 0.00535516 0.00535516 0.00535516 0.00535516 0.00535517 0.00535518 0.0053552 0.00535526 0.0053554 0.0053557 0.00535636 0.00535769 0.00536031 0.00536521 0.00537394 0.00538875 0.0054126 0.00544893 0.00550098 0.00557037 0.00565452 0.00574212 0.00580534 0.00578867 0.00559864 0.00510708 0.00418415 0.00276263 0.000903008 -0.00119245 -0.00324181 -0.00498703 -0.00626925 -0.00703457 -0.00728682 -0.00703457 -0.00626925 -0.00498703 -0.00324181 -0.00119245 0.000903008 0.00276263 0.00418415 0.00510708 0.00559864 0.00578867 0.00580534 0.00574212 0.00565452 0.00557037 0.00550098 0.00544893 0.0054126 0.00538875 0.00537394 0.00536521 0.00536031 0.00535769 0.00535636 0.0053557 0.0053554 0.00535526 0.0053552 0.00535518 0.00535517 0.00535516 0.00535516 0.00535516 0.00535516 0.00535516 0.00535516 0.00535516 0.00535516 0.00535516 0.00535516 0.00535516 0.00535516 0.00535516 0.00535516 0.00535516 0.00535516 0.00535516 0.00535516 0.00535516 0.00535516 0.00535516 0.00535516 0.00535516 0.00535516 0.00535516 0.00535516 0.00535516 0.00535516 0.00535516 0.00535516 0.00535516 0.00535516 0.00535516 0.00535516 0.00535516 0.00535516 0.00535516 0.00535516 0.00535516 0.00535516 0.00535516 0.00535516 0.00535516 0.00535516 0.00535516 0.00535516 0.00535516 0.00535516 0.00535516 0.00535516 
0.00535516 0.00535516 0.00535516 0.00535516 0.00535516 0.00535516 0.00535516 0.00535516 0.00535516 0.00535516 0.00535516 0.00535516 0.00535516 0.00535516 0.00535516 0.00535516 0.00535516 0.00535516 0.00535516 0.00535516 0.00535516 0.00535516 0.00535516 0.00535516 0.00535516 0.00535516 0.00535516 0.00535516 0.00535516 0.00535516 0.00535516 0.00535516 0.00535516 0.00535516 0.00535516 0.00535516 0.00535516 0.00535516 0.00535516 0.00535516 0.00535516 0.00535516 0.00535516 0.00535516 0.00535516 0.00535516 0.00535516 0.00535516 0.00535516 0.00535516 0.00535516 0.00535516 0.00535516 0.00535516 0.00535516 0.00535516 0.00535516 0.00535516 0.00535516 0.00535516 0.00535516 0.00535516 0.00535516 0.00535516 0.00535516 0.00535516 0.00535516 0.00535516 0.00535516 0.00535516 0.00535516 0.00535516 0.00535516 0.00535516 0.00535516 0.00535516 0.00535516 0.00535516 0.00535516 0.00535516 0.00535516 0.00535516 0.00535516 0.00535516 0.00535516 0.00535516 0.00535516 0.00535516 0.00535516 0.00535517 0.00535518 0.0053552 0.00535526 0.0053554 0.0053557 0.00535636 0.00535769 0.00536031 0.00536521 0.00537394 0.00538875 0.0054126 0.00544893 0.00550098 0.00557037 0.00565452 0.00574212 0.00580534 0.00578867 0.00559864 0.00510708 0.00418415 0.00276263 0.000903008 -0.00119245 -0.00324181 -0.00498703 -0.00626925 -0.00703457 -0.00728682 -0.00703457 -0.00626925 -0.00498703 -0.00324181 -0.00119245 0.000903008 0.00276263 0.00418415 0.00510708 0.00559864 0.00578867 0.00580534 0.00574212 0.00565452 0.00557037 0.00550098 0.00544893 0.0054126 0.00538875 0.00537394 0.00536521 0.00536031 0.00535769 0.00535636 0.0053557 0.0053554 0.00535526 0.0053552 0.00535518 0.00535517 0.00535516 0.00535516 0.00535516 0.00535516 0.00535516 0.00535516 0.00535516 0.00535516 0.00535516 0.00535516 0.00535516 0.00535516 0.00535516 0.00535516 0.00535516 0.00535516 0.00535516 0.00535516 0.00535516 0.00535516 0.00535516 0.00535516 0.00535516 0.00535516 0.00535516 0.00535516 0.00535516 0.00535516 0.00535516 0.00535516 0.00535516 0.00535516 0.00535516 0.00535516 0.00535516 0.00535516 0.00535516 0.00535516 0.00535516 0.00535516 0.00535516 0.00535516 0.00535516 0.00535516 0.00535516 0.00535516 0.00535516 0.00535516 0.00535516 0.00535516 
0.00535516 0.00535516 0.00535516 0.00535516 0.00535516 0.00535516 0.00535516 0.00535516 0.00535516 0.00535516 0.00535516 0.00535516 0.00535516 0.00535516 0.00535516 0.00535516 0.00535516 0.00535516 0.00535516 0.00535516 0.00535516 0.00535516 0.00535516 0.00535516 0.00535516 0.00535516 0.00535516 0.00535516 0.00535516 0.00535516 0.00535516 0.00535516 0.00535516 0.00535516 0.00535516 0.00535516 0.00535516 0.00535516 0.00535516 0.00535516 0.00535516 0.00535516 0.00535516 0.00535516 0.00535516 0.00535516 0.00535516 0.00535516 0.00535516 0.00535516 0.00535516 0.00535516 0.00535516 0.00535516 0.00535516 0.00535516 0.00535516 0.00535516 0.00535516 0.00535516 0.00535516 0.00535516 0.00535516 0.00535516 0.00535516 0.00535516 0.00535516 0.00535516 0.00535516 0.00535516 0.00535516 0.00535516 0.00535516 0.00535516 0.00535516 0.00535516 0.00535516 0.00535516 0.00535516 0.00535516 0.00535516 0.00535516 0.00535516 0.00535516 0.00535516 0.00535516 0.00535516 0.00535516 0.00535516 0.00535517 0.00535518 0.0053552 0.00535526 0.0053554 0.0053557 0.00535636 0.00535769 0.00536031 0.00536521 0.00537394 0.00538875 0.0054126 0.00544893 0.00550098 0.00557037 0.00565452 0.00574212 0.00580534 0.00578867 0.00559864 0.00510708 0.00418415 0.00276263 0.000903008 -0.00119245 -0.00324181 -0.00498703 -0.00626925 -0.00703457 -0.00728682 -0.00703457 -0.00626925 -0.00498703 -0.00324181 -0.00119245 0.000903008 0.00276263 0.00418415 0.00510708 0.00559864 0.00578867 0.00580534 0.00574212 0.00565452 0.00557037 0.00550098 0.00544893 0.0054126 0.00538875 0.00537394 0.00536521 0.00536031 0.00535769 0.00535636 0.0053557 0.0053554 0.00535526 0.0053552 0.00535518 0.00535517 0.00535516 0.00535516 0.00535516 0.00535516 0.00535516 0.00535516 0.00535516 0.00535516 0.00535516 0.00535516 0.00535516 0.00535516 0.00535516 0.00535516 0.00535516 0.00535516 0.00535516 0.00535516 0.00535516 0.00535516 0.00535516 0.00535516 0.00535516 0.00535516 0.00535516 0.00535516 0.00535516 0.00535516 0.00535516 0.00535516 0.00535516 0.00535516 0.00535516 0.00535516 0.00535516 0.00535516 0.00535516 0.00535516 0.00535516 0.00535516 0.00535516 0.00535516 0.00535516 0.00535516 0.00535516 0.00535516 0.00535516 0.00535516 0.00535516 0.00535516 
0.00535516 0.00535516 0.00535516 0.00535516 0.00535516 0.00535516 0.00535516 0.00535516 0.00535516 0.00535516 0.00535516 0.00535516 0.00535516 0.00535516 0.00535516 0.00535516 0.00535516 0.00535516 0.00535516 0.00535516 0.00535516 0.00535516 0.00535516 0.00535516 0.00535516 0.00535516 0.00535516 0.00535516 0.00535516 0.00535516 0.00535516 0.00535516 0.00535516 0.00535516 0.00535516 0.00535516 0.00535516 0.00535516 0.00535516 0.00535516 0.00535516 0.00535516 0.00535516 0.00535516 0.00535516 0.00535516 0.00535516 0.00535516 0.00535516 0.00535516 0.00535516 0.00535516 0.00535516 0.00535516 0.00535516 0.00535516 0.00535516 0.00535516 0.00535516 0.00535516 0.00535516 0.00535516 0.00535516 0.00535516 0.00535516 0.00535516 0.00535516 0.00535516 0.00535516 0.00535516 0.00535516 0.00535516 0.00535516 0.00535516 0.00535516 0.00535516 0.00535516 0.00535516 0.00535516 0.00535516 0.00535516 0.00535516 0.00535516 0.00535516 0.00535516 0.00535516 0.00535516 0.00535516 0.00535516 0.00535517 0.00535518 0.0053552 0.00535526 0.0053554 0.0053557 0.00535636 0.00535769 0.00536031 0.00536521 0.00537394 0.00538875 0.0054126 0.00544893 0.00550098 0.00557037 0.00565452 0.00574212 0.00580534 0.00578867 0.00559864 0.00510708 0.00418415 0.00276263 0.000903008 -0.00119245 -0.00324181 -0.00498703 -0.00626925 -0.00703457 -0.00728682 -0.00703457 -0.00626925 -0.00498703 -0.00324181 -0.00119245 0.000903008 0.00276263 0.00418415 0.00510708 0.00559864 0.00578867 0.00580534 0.00574212 0.00565452 0.00557037 0.00550098 0.00544893 0.0054126 0.00538875 0.00537394 0.00536521 0.00536031 0.00535769 0.00535636 0.0053557 0.0053554 0.00535526 0.0053552 0.00535518 0.00535517 0.00535516 0.00535516 0.00535516 0.00535516 0.00535516 0.00535516 0.00535516 0.00535516 0.00535516 0.00535516 0.00535516 0.00535516 0.00535516 0.00535516 0.00535516 0.00535516 0.00535516 0.00535516 0.00535516 0.00535516 0.00535516 0.00535516 0.00535516 0.00535516 0.00535516 0.00535516 0.00535516 0.00535516 0.00535516 0.00535516 0.00535516 0.00535516 0.00535516 0.00535516 0.00535516 0.00535516 0.00535516 0.00535516 0.00535516 0.00535516 0.00535516 0.00535516 0.00535516 0.00535516 0.00535516 0.00535516 0.00535516 0.00535516 0.00535516 0.00535516 
0.00535516 0.00535516 0.00535516 0.00535516 0.00535516 0.00535516 0.00535516 0.00535516 0.00535516 0.00535516 0.00535516 0.00535516 0.00535516 0.00535516 0.00535516 0.00535516 0.00535516 0.00535516 0.00535516 0.00535516 0.00535516 0.00535516 0.00535516 0.00535516 0.00535516 0.00535516 0.00535516 0.00535516 0.00535516 0.00535516 0.00535516 0.00535516 0.00535516 0.00535516 0.00535516 0.00535516 0.00535516 0.00535516 0.00535516 0.00535516 0.00535516 0.00535516 0.00535516 0.00535516 0.00535516 0.00535516 0.00535516 0.00535516 0.00535516 0.00535516 0.00535516 0.00535516 0.00535516 0.00535516 0.00535516 0.00535516 0.00535516 0.00535516 0.00535516 0.00535516 0.00535516 0.00535516 0.00535516 0.00535516 0.00535516 0.00535516 0.00535516 0.00535516 0.00535516 0.00535516 0.00535516 0.00535516 0.00535516 0.00535516 0.00535516 0.00535516 0.00535516 0.00535516 0.00535516 0.00535516 0.00535516 0.00535516 0.00535516 0.00535516 0.00535516 0.00535516 0.00535516 0.00535516 0.00535516 0.00535517 0.00535518 0.0053552 0.00535526 0.0053554 0.0053557 0.00535636 0.00535769 0.00536031 0.00536521 0.00537394 0.00538875 0.0054126 0.00544893 0.00550098 0.00557037 0.00565452 0.00574212 0.00580534 0.00578867 0.00559864 0.00510708 0.00418415 0.00276263 0.000903008 -0.00119245 -0.00324181 -0.00498703 -0.00626925 -0.00703457 -0.00728682 -0.00703457 -0.00626925 -0.00498703 -0.00324181 -0.00119245 0.000903008 0.00276263 0.00418415 0.00510708 0.00559864 0.00578867 0.00580534 0.00574212 0.00565452 0.00557037 0.00550098 0.00544893 0.0054126 0.00538875 0.00537394 0.00536521 0.00536031 0.00535769 0.00535636 0.0053557 0.0053554 0.00535526 0.0053552 0.00535518 0.00535517 0.00535516 0.00535516 0.00535516 0.00535516 0.00535516 0.00535516 0.00535516 0.00535516 0.00535516 0.00535516 0.00535516 0.00535516 0.00535516 0.00535516 0.00535516 0.00535516 0.00535516 0.00535516 0.00535516 0.00535516 0.00535516 0.00535516 0.00535516 0.00535516 0.00535516 0.00535516 0.00535516 0.00535516 0.00535516 0.00535516 0.00535516 0.00535516 0.00535516 0.00535516 0.00535516 0.00535516 0.00535516 0.00535516 0.00535516 0.00535516 0.00535516 0.00535516 0.00535516 0.00535516 0.00535516 0.00535516 0.00535516 0.00535516 0.00535516 0.00535516 
0.00535516 0.00535516 0.00535516 0.00535516 0.00535516 0.00535516 0.00535516 0.00535516 0.00535516 0.00535516 0.00535516 0.00535516 0.00535516 0.00535516 0.00535516 0.00535516 0.00535516 0.00535516 0.00535516 0.00535516 0.00535516 0.00535516 0.00535516 0.00535516 0.00535516 0.00535516 0.00535516 0.00535516 0.00535516 0.00535516 0.00535516 0.00535516 0.00535516 0.00535516 0.00535516 0.00535516 0.00535516 0.00535516 0.00535516 0.00535516 0.00535516 0.00535516 0.00535516 0.00535516 0.00535516 0.00535516 0.00535516 0.00535516 0.00535516 0.00535516 0.00535516 0.00535516 0.00535516 0.00535516 0.00535516 0.00535516 0.00535516 0.00535516 0.00535516 0.00535516 0.00535516 0.00535516 0.00535516 0.00535516 0.00535516 0.00535516 0.00535516 0.00535516 0.00535516 0.00535516 0.00535516 0.00535516 0.00535516 0.00535516 0.00535516 0.00535516 0.00535516 0.00535516 0.00535516 0.00535516 0.00535516 0.00535516 0.00535516 0.00535516 0.00535516 0.00535516 0.00535516 0.00535516 0.00535516 0.00535517 0.00535518 0.0053552 0.00535526 0.0053554 0.0053557 0.00535636 0.00535769 0.00536031 0.00536521 0.00537394 0.00538875 0.0054126 0.00544893 0.00550098 0.00557037 0.00565452 0.00574212 0.00580534 0.00578867 0.00559864 0.00510708 0.00418415 0.00276263 0.000903008 -0.00119245 -0.00324181 -0.00498703 -0.00626925 -0.00703457 -0.00728682 -0.00703457 -0.00626925 -0.00498703 -0.00324181 -0.00119245 0.000903008 0.00276263 0.00418415 0.00510708 0.00559864 0.00578867 0.00580534 0.00574212 0.00565452 0.00557037 0.00550098 0.00544893 0.0054126 0.00538875 0.00537394 0.00536521 0.00536031 0.00535769 0.00535636 0.0053557 0.0053554 0.00535526 0.0053552 0.00535518 0.00535517 0.00535516 0.00535516 0.00535516 0.00535516 0.00535516 0.00535516 0.00535516 0.00535516 0.00535516 0.00535516 0.00535516 0.00535516 0.00535516 0.00535516 0.00535516 0.00535516 0.00535516 0.00535516 0.00535516 0.00535516 0.00535516 0.00535516 0.00535516 0.00535516 0.00535516 0.00535516 0.00535516 0.00535516 0.00535516 0.00535516 0.00535516 0.00535516 0.00535516 0.00535516 0.00535516 0.00535516 0.00535516 0.00535516 0.00535516 0.00535516 0.00535516 0.00535516 0.00535516 0.00535516 0.00535516 0.00535516 0.00535516 0.00535516 0.00535516 0.00535516 
